wall_time_ns,sim_time,qpos_0,qpos_1,qpos_2,qpos_3,qpos_4,qpos_5,qpos_6,qpos_7,qpos_8,qpos_9,qpos_10,qpos_11,qpos_12,qpos_13,qpos_14,qvel_0,qvel_1,qvel_2,qvel_3,qvel_4,qvel_5,qvel_6,qvel_7,qvel_8,qvel_9,qvel_10,qvel_11,qvel_12,qvel_13,ctrl_0,ctrl_1,ctrl_2,ctrl_3,ctrl_4,ctrl_5,ctrl_6,ctrl_7,imu_quat_0,imu_quat_1,imu_quat_2,imu_quat_3,imu_gyro_0,imu_gyro_1,imu_gyro_2,imu_acc_0,imu_acc_1,imu_acc_2
1790485799737784842,0.001,2.9259004577554205e-21,-1.0710204355781098e-21,0.91999019,1.0,8.473904644204617e-21,0.0,0.0,-8.382183835919933e-21,-2.8421709430404006e-20,-1.9539925233402755e-20,-9.419548474554062e-21,-5.3290705182007515e-21,2.1316282072803006e-20,5.3290705182007515e-21,-6.97011892647481e-21,2.9259004577554205e-18,-1.0710204355781098e-18,-0.00981,5.587544316121296e-18,1.5987211554602256e-17,-6.454881099316189e-19,-8.382183835919932e-18,-2.842170943040401e-17,-1.9539925233402754e-17,-9.419548474554062e-18,-5.3290705182007515e-18,2.1316282072803006e-17,5.3290705182007515e-18,-6.97011892647481e-18,0.0,0.0,0.0,0.0,0.0,0.0,0.0,0.0,1.0,0.0,0.0,0.0,0.0,0.0,0.0,1.0910271213806285e-15,-5.770592695160039e-16,1.7670693703272276e-15
1790485799868441264,0.10100000000000008,0.004460437494089215,9.408036965140488e-06,0.8728551779185406,0.9999554937041677,-2.2132131801517102e-05,0.009434517247110608,2.310328025922627e-06,7.922576224838637e-05,0.08376822044173647,0.2116121747860636,0.11754368528589479,1.63249504433271e-05,-0.08374435910554322,-0.21155996994166357,0.1175184178206413,0.11367965661662521,0.0002457015060109314,-0.9073404679299428,-0.0011294391248775567,0.4895953067685793,9.401077841720392e-05,0.0015066492004105507,2.1515276512759196,5.458616127645283,3.032542717320478,0.0009192197622005183,-2.151006240658895,-5.457476069447257,3.0320009867770192,0.0,0.0,0.0,0.0,0.0,0.0,0.0,0.0,0.9999577733026622,-2.1567314625423942e-05,0.009189730208784875,2.263414697471529e-06,-0.00112475493375248,0.4870674154267024,9.456526041608774e-05,0.4707243552296884,0.001317458715968138,0.21432344086500033
1790485799977769350,0.20100000000000015,0.017400682515329304,3.8857999597191056e-05,0.7327821969032028,0.999228882698773,-8.764329810621762e-05,0.03926362501388794,7.069919474202926e-06,0.00024995875937851503,0.33488524743687925,0.8645630171097819,0.48411488363383004,0.00012837245670700026,-0.3348229818775871,-0.8644178711804885,0.4840452476702414,0.14215495878971263,0.00034104080152058637,-1.888288852950135,-0.0014680508507426602,0.7074702812358402,0.00010520913085608145,0.002245890547756333,2.828287225540705,7.629641614483433,4.349713886643723,0.0009568757236853229,-2.8280452810775403,-7.628860135852994,4.349313924733795,0.0,0.0,0.0,0.0,0.0,0.0,0.0,0.0,0.9992427091708028,-8.690939779946515e-05,0.03891016019599664,7.019537047117205e-06,-0.0014640108803626807,0.7042336763016572,0.00010497821962132286,0.3469014599169331,0.0013912814457331321,-0.03351381755902366
1790485800085277915,0.3010000000000002,0.08220801156925686,8.942568290578686e-05,0.5489777059708215,0.977314900172367,-0.00021064792795073815,0.21179123741358793,0.00011525340924761113,0.004205039919388266,0.11008956654700933,1.430968896142975,1.0020230402728816,-0.0031948209809264175,-0.11040524197999516,-1.4307864075829249,1.001549469368184,1.9325509734750834,0.0009587294766838435,-1.179894975817094,-0.005879528297666952,10.972520925250844,0.011755101485480576,0.1352225826612384,-16.077275864044857,-1.2321765525588178,6.233423873458993,-0.12269136286342966,16.058670978900327,1.2288714384565391,6.218041341945411,0.0,0.0,0.0,0.0,0.0,0.0,0.0,0.0,0.9784621294211613,-0.0002083841973594347,0.20642627196099245,0.000110040536076505,-0.005694307943334526,10.841278583233965,0.011514085557526746,14.257007460401628,0.05409700429700323,-1.9333051760048932
1790485800192573803,0.4010000000000003,0.1880566766390574,0.0007294487553975071,0.35160397057445864,0.7865584469947384,-0.0010542208784346016,0.6175146982161048,-0.0005436604062282218,0.050709681895783454,-1.1111125516876255,1.3932853781087664,1.4835556246886028,-0.057693064161441286,1.11075319150318,-1.3920510475108607,1.4864056564877446,-0.09792463890803255,0.03004708925306006,0.18352528063828352,-0.07272068053244124,-1.303892537208412,-0.0255261682403785,2.043747678376529,1.5246390417957723,0.5245837217798371,0.18725545337223115,-1.7727371741735147,-1.5196520763251957,-0.4865289467141788,0.1589731101827595,0.0,0.0,0.0,0.0,0.0,0.0,0.0,0.0,0.7861557381496379,-0.0010173852940465245,0.6180273540207997,-0.0005567617176462411,-0.020969164057456344,-1.1903361863842163,-0.04910345193003474,-57.88289346670993,9.893985815527808,4.333835178288478
1790485800299899711,0.5010000000000003,0.16119153721728388,0.0006606864704374197,0.3967308966955917,0.8386604061595909,-0.0010062291578516454,0.5446530582651226,0.0008699227329572296,0.010648371637594585,-1.016824864168318,1.3686910322370984,1.5291012822979642,-0.005027801196693589,1.0167500423688096,-1.368328488281502,1.5360054317863308,-0.3822095072269052,-0.006370435259259304,0.302621225246987,0.004605033303336947,-1.887030829849401,0.010246699966599025,-0.30968354980226265,0.13890082857964592,-0.0919028888985916,2.3118165369225228,0.2477101123046659,-0.13488843322708127,0.07487347095100967,2.341953292063515,0.0,0.0,0.0,0.0,0.0,0.0,0.0,0.0,0.8381461465097424,-0.0010117709724257182,0.5454440975710774,0.000865930275560737,0.004177029335806456,-1.8754028143395185,0.010874564346891631,-9.019136782777283,0.13896292345320832,0.5996955595507736
1790485800407190598,0.6010000000000004,0.10375719788731598,0.00014582363186834929,0.4244225854913923,0.9029859378647115,-0.00044683468805985287,0.42966771468369114,0.0013606306780692215,0.013019095687476556,-1.0131336214554574,1.363741455426929,1.925632556187113,-0.014711162523735773,1.013066360136695,-1.364153532800081,1.9332286460134973,-0.30597475221179793,-0.0017345630821752824,0.18103217178053108,-0.0037409469652760936,-1.2059819788905979,0.002824241195907443,0.04943972104364312,0.006525365840780554,-0.41799285438781864,3.5736867634850613,-0.05312255444285867,-0.014914154431985977,0.44176152137742103,3.5337379134836815,0.0,0.0,0.0,0.0,0.0,0.0,0.0,0.0,0.9027266907126935,-0.0004465727862574135,0.4302121308344946,0.0013582821864465552,-0.002702577003814145,-1.3410212200319074,0.007522526715051979,15.02460596493726,0.2686944757073198,28.817490873716462
1790485800518531192,0.7010000000000005,0.11782559009373429,0.00020820925062278614,0.4208005139632035,0.8967070387037483,-0.0006062019922916681,0.4426222253924539,0.0012980165369647168,0.016874281271723014,-1.0136262223190862,1.3691681461535983,1.996525259408176,-0.017831248540626492,1.0135978580749214,-1.369119482528128,2.0013716550603555,0.19306437375076735,0.0004818990157232845,-0.0689014495820684,0.0022883457249235476,0.339617146792333,-0.001693095216952776,0.20801465149197662,-0.02707517492343971,0.10751265277923536,0.4917380505238548,-0.21446378848417064,0.027446531559061158,-0.10887489553974995,0.48796189839455567,0.0,0.0,0.0,0.0,0.0,0.0,0.0,0.0,0.8967821850304415,-0.0006066328562855928,0.44246994949626917,0.0012993849980759387,0.002226067363275464,0.35397113861838275,-0.00168549840728355,-13.809282487728188,-0.007482504176278722,5.426777774591622
1790485800626168726,0.8010000000000006,0.125771125391492,0.0001977825427743396,0.42082668501750503,0.8967689041282991,-0.0004549220585303046,0.44249777735657597,0.0010211116190143729,0.03480244527971151,-1.0137089020652201,1.3670804678993262,2.064317875726914,-0.03668597796308112,1.013663924933057,-1.3670422371329365,2.067943913614001,0.03346006632742537,-0.0029743373374240957,0.0016612635726826965,0.012652080980478856,-0.008469262851469816,0.0030730485065666624,0.079266214124639,0.006432807469980326,-0.012000655507035437,0.30612301887515125,-0.13461516132848106,0.0035239886410637477,0.011638483457141064,0.32142623769701356,0.0,0.0,0.0,0.0,0.0,0.0,0.0,0.0,0.8967670289773699,-0.0004612792875127087,0.44250156767042287,0.001022531044241936,0.013248409707434305,-0.012387347337507593,0.0035926757937503493,-7.6284616709880275,0.18347246102101242,5.743383490715969
1790485800733104578,0.9010000000000007,0.12631495007946403,0.00017036982816446463,0.42103307232336784,0.896977113824959,-0.0003011984438856369,0.4420762856871036,0.000724007484431294,0.03776925977477163,-1.0136586279386797,1.3664025138889633,2.073121058770349,-0.0405161269843949,1.0136244685062128,-1.366305049229302,2.075468835887734,-0.003621670822694721,0.0001390124194796937,0.0025232452941486585,2.1347731492454937e-05,-0.00866790932014801,-0.00024246567718293142,0.008839745605038864,0.00020029104754308694,-0.00661404653276085,0.001407567133139127,-0.009825352861911335,-0.0005097383356013893,0.006728053580488645,0.0007005863969884365,0.0,0.0,0.0,0.0,0.0,0.0,0.0,0.0,0.8969751977869614,-0.00030115756174871973,0.4420801731698782,0.000724119640788673,3.755325349642246e-05,-0.008850484667109868,-0.00026932570420329946,-7.699234206902479,-0.004831862299055757,5.993214686700238
1790485800840150338,1.0010000000000006,0.1262172743127794,0.0001702633790660276,0.42108378211911385,0.8970200656624564,-0.00030375021270272423,0.4419891068911576,0.0007341146285965133,0.03872277526225509,-1.0136622901274337,1.3662045822137718,2.073167812171752,-0.041430519459596735,1.013604246386441,-1.3661247685880107,2.0755048611654887,0.0002696012579311057,-2.8014198921956265e-05,-0.00038403120093197826,-9.961845095773759e-05,0.0010111999162343741,0.0001374354305057716,0.009646132577673435,-9.780964185323011e-05,0.00019687076232058896,0.0007147954802773433,-0.00913625967776205,1.7315667260334418e-05,-0.0003189293503349513,0.0007836149798631342,0.0,0.0,0.0,0.0,0.0,0.0,0.0,0.0,0.8970202891975887,-0.00030373553414124146,0.4419886533734846,0.000734031125867979,-0.00010118669748362742,0.0010061276028428233,0.00014021027129128684,-7.775679005305004,0.00144234578225881,5.978850205493999
1790485800948292337,1.1009999999999895,0.12623966127461506,0.00016896405827379992,0.4210511227883316,0.897001651666113,-0.0003045507898962712,0.4420264705956403,0.0007371905063544993,0.03967659212809039,-1.013665109708544,1.3662171781031887,2.0732554383951736,-0.042359701876932984,1.0136060291398992,-1.366140877440656,2.075598153012938,0.00015140882908276995,-6.113911168285245e-06,-0.00026663365253624087,-7.770482436186269e-06,0.0006399791902984694,8.013996045419484e-06,0.009480960092379868,8.987850975272145e-06,8.286521753286346e-06,0.0009019335541247737,-0.009384435204712431,5.865364097680068e-06,-8.069862973125628e-06,0.000933918890391252,0.0,0.0,0.0,0.0,0.0,0.0,0.0,0.0,0.8970017931140757,-0.00030454884013436786,0.44202618356606616,0.0007371852921442378,-8.030244641807652e-06,0.0006415738435762653,8.176895719245631e-06,-7.780111451122013,0.0010545748101415515,5.976234216133616
1790485801057354016,1.2009999999999785,0.1262537291302635,0.0001683115602460055,0.4210249925416123,0.8969879433972222,-0.00030452955256269227,0.44205428692776816,0.0007376113849266447,0.04062564639848201,-1.0136641849312922,1.3662164109917665,2.0733442001440516,-0.04330087078845264,1.0136062649274709,-1.3661403690858984,2.0756890242797446,0.00014010207699293237,-7.213055345952488e-06,-0.0002630868419076537,-2.00343931599783e-06,0.0006234538609568523,1.0400036039056224e-05,0.009508226924376133,7.121923197431035e-06,-6.976186100878746e-06,0.0008804117314605704,-0.009431389863231915,1.2343493802899211e-06,7.471588629069411e-07,0.0008964288258882257,0.0,0.0,0.0,0.0,0.0,0.0,0.0,0.0,0.8969880812015454,-0.0003045307227891463,0.4420540073116037,0.0007376063726887334,-2.0052923298977784e-06,0.000623332360875193,1.036822221085813e-05,-7.779614934244317,0.0010285831382044212,5.976005944529325
1790485801164314927,1.3009999999999675,0.1262677021382395,0.00016757192681313368,0.42099854245699925,0.8969741176323044,-0.00030437521733173113,0.44208233944680625,0.0007381075217805505,0.04157828383630234,-1.013663543675837,1.3662158827760846,2.0734319163456667,-0.04424606643630244,1.013606374371851,-1.3661405476437825,2.075778123810166,0.0001384323336584892,-7.409830975753266e-06,-0.00026517293181662304,-8.30540383334026e-08,0.0006251610851560301,1.0045693411541203e-05,0.009542907610335376,6.247825680336116e-06,-4.871855270819935e-06,0.0008737795144426788,-0.009473363741569358,1.0019849679157797e-06,-2.214938204305655e-06,0.0008852771501692598,0.0,0.0,0.0,0.0,0.0,0.0,0.0,0.0,0.8969742558223182,-0.0003043771698768276,0.4420820590686301,0.0007381030932004314,-1.1394679682757047e-07,0.0006251863185825513,1.0065847239506628e-05,-7.780059862335191,0.0010467397301802948,5.975501072690805
1790485801273039040,1.4009999999999565,0.12628137387178814,0.00016683698410627915,0.4209719819998833,0.8969603242184327,-0.0003041296671353013,0.44211032440690773,0.0007384686369928304,0.04253417546542376,-1.0136629175151586,1.366215392129868,2.073518920527605,-0.04519567888625274,1.013606467322956,-1.3661407345614107,2.075865999598325,0.00013507371364403404,-7.300794614111594e-06,-0.0002660668023800275,3.141889392178772e-06,0.0006229517811389086,8.06106362416346e-06,0.00957463864219054,6.239168474316479e-06,-4.881540321404955e-06,0.0008663532010270391,-0.009518459302372414,8.502899746717834e-07,-1.642839310990713e-06,0.0008722893268081594,0.0,0.0,0.0,0.0,0.0,0.0,0.0,0.0,0.8969604619275949,-0.0003041326281349011,0.44211004502298457,0.0007384658110256017,3.109872059018979e-06,0.0006229711310725964,8.079548755176545e-06,-7.780430096454567,0.0010541751018347306,5.975015707653059
1790485801382274786,1.5009999999999455,0.12629471601264353,0.00016611020178449785,0.4209453250643809,0.8969465744342017,-0.0003037818448610537,0.442138218984139,0.0007386750820068259,0.04349325863625867,-1.013662299294646,1.3662149098238108,2.0736051750503957,-0.04614979971769874,1.0136065428494752,-1.3661408862338462,2.075952565097773,0.00013179496308378887,-7.2386342127736854e-06,-0.00026706234022245593,6.302022099537908e-06,0.0006210173292211801,6.272943544412176e-06,0.009606758624909615,6.125197906023468e-06,-4.770451186525212e-06,0.0008587815005440537,-0.00956350832915646,6.605084364325505e-07,-1.3973000730085246e-06,0.0008591372425291456,0.0,0.0,0.0,0.0,0.0,0.0,0.0,0.0,0.8969467117232659,-0.00030378582853863613,0.44213794047115423,0.0007386737562684869,6.2706142948108715e-06,0.0006210369633485514,6.29058362494295e-06,-7.780801878781675,0.0010623605061460624,5.974531433070996
1790485801490416375,1.6009999999999345,0.12630772789572256,0.00016538901823155857,0.4209185685944039,0.8969328672662092,-0.0003033319898955688,0.4421660252453267,0.0007387327467740026,0.044455567170780565,-1.013661692272802,1.3662144375959624,2.073690662635272,-0.04710842919314064,1.0136065993968595,-1.366141013468499,2.0760378095068934,0.00012846836775840233,-7.186758173813387e-06,-0.00026805751488139326,9.441560441969147e-06,0.0006190287181537103,4.5141882226912e-06,0.009639121581395405,6.017796231983857e-06,-4.675742392661709e-06,0.0008510163122823187,-0.009608653186224603,4.7353989690982264e-07,-1.1493513700974668e-06,0.0008458593834285668,0.0,0.0,0.0,0.0,0.0,0.0,0.0,0.0,0.8969330041231357,-0.00030333699348043276,0.44216574762753197,0.0007387329035663071,9.410163927927408e-06,0.0006190488186246373,4.531715651813293e-06,-7.781172569685085,0.0010711848987160328,5.9740486046964
1790485801606366618,1.7009999999999235,0.12632040486808982,0.00016467262519490476,0.4208917124415608,0.8969192037961653,-0.00030277999157517026,0.4421937410154739,0.0007386424493556587,0.045421122035460136,-1.0136610956322039,1.36621397464218,2.073775364280965,-0.04807158032008741,1.0136066375568185,-1.3661411159353098,2.076121718660896,0.00012509743106847883,-7.142988953909379e-06,-0.0002690561800814129,1.2581772197669186e-05,0.0006169977043330484,2.769296385654317e-06,0.009671683188494908,5.9168743287488255e-06,-4.585051448463278e-06,0.0008430655142906363,-0.009653940445902596,2.922042278784193e-07,-9.030725111032815e-07,0.0008324328193139816,0.0,0.0,0.0,0.0,0.0,0.0,0.0,0.0,0.8969193402115021,-0.0003027860184041234,0.442193464311842,0.000738644082635807,1.2550360419696255e-05,0.0006170182226713898,2.786668799406675e-06,-7.781542005754126,0.001080507196997246,5.973567321614718
1790485801718946618,1.8009999999999124,0.12633274250523338,0.0001639601696638303,0.42086475623614833,0.8969055849601727,-0.00030212544209461307,0.4422213644158327,0.0007384048120322493,0.04638994298611317,-1.0136605088304678,1.366213520503496,2.073859261606729,-0.049039267580899604,1.01360665779817,-1.3661411939544754,2.0762042774548553,0.00012168200716470738,-7.107912513898604e-06,-0.00027005851091604314,1.572532957838817e-05,0.000614924342574704,1.0390411553123574e-06,0.009704440185194757,5.8209433972138456e-06,-4.499410089380963e-06,0.0008349320757081182,-0.00969937596631828,1.150830951591758e-07,-6.602748975366403e-07,0.0008188528495522362,0.0,0.0,0.0,0.0,0.0,0.0,0.0,0.0,0.8969057209244793,-0.0003021324968741128,0.4422210886453104,0.0007384079160018022,1.569386293010332e-05,0.0006149452879257278,1.0562799363120702e-06,-7.781910191299106,0.0010903538056660559,5.9730876079877655
1790485801826245076,1.9009999999999014,0.12634473633260226,0.0001632507872143345,0.4208376996134076,0.8968920117096634,-0.0003013678000174187,0.4422488935371926,0.000738020306940653,0.04736204917304154,-1.0136599313746482,1.3662130746828074,2.07394233646034,-0.050011506319588284,1.0136066605337766,-1.366141247850959,2.0762854702760314,0.00011822161468987656,-7.081426249993599e-06,-0.00027106449561542707,1.887673053454542e-05,0.0006128080627047748,-6.792223886142913e-07,0.009737384682008493,5.729879720847042e-06,-4.418592600024255e-06,0.0008266182812521467,-0.009744970205190035,-5.797928379136901e-08,-4.2054036861002984e-07,0.0008051140278747274,0.0,0.0,0.0,0.0,0.0,0.0,0.0,0.0,0.8968921472133699,-0.0003013758888867442,0.44224861871898036,0.0007380248779820907,1.8845162539086865e-05,0.0006128294393852762,-6.620906426141723e-07,-7.782277098786136,0.0011007387170708237,5.972609497794543
1790485801935076398,2.0009999999998906,0.12635638183170753,0.00016254362242568003,0.42081054220643366,0.8968784850066543,-0.0003005063756794486,0.44227632644963677,0.000737489186028121,0.04833745894124233,-1.0136593627873614,1.3662126367108998,2.0740245709283203,-0.050988312944536006,1.0136066461599285,-1.3661412779180466,2.076365280960126,0.00011471582310218239,-7.0634665584140545e-06,-0.0002720741630723189,2.20405728189678e-05,0.0006106484200469565,-2.388038433858586e-06,0.009770508707924576,5.643492897489803e-06,-4.342353394180194e-06,0.0008181265363169674,-0.009790733744021077,-2.2717898397635356e-07,-1.8362067367704098e-07,0.0007912108372216629,0.0,0.0,0.0,0.0,0.0,0.0,0.0,0.0,0.8968786200400901,-0.00030051550627747774,0.4422760526031327,0.0007374952226818942,2.200885784356311e-05,0.0006106702326269555,-2.370988941293642e-06,-7.78264270287099,0.001111675421618946,5.972133024774757
1790485802043634502,2.1009999999998796,0.12636767444050354,0.00016183782459204676,0.4207832836456417,0.8968650058235015,-0.0002995403294347468,0.44230366120305914,0.0007368114885185075,0.049316189848987224,-1.013658802610681,1.3662122061405093,2.07410594733374,-0.051969704913762314,1.013606615052729,-1.3661412844257552,2.0764436927938132,0.0001111641933486308,-7.05399780402691e-06,-0.0002730875392845807,2.52214160841477e-05,0.0006084449546563831,-4.089864922123446e-06,0.00980380446137697,5.561592139964338e-06,-4.270484365811322e-06,0.0008094591692767721,-0.00983667703183889,-3.9271490952211656e-07,5.071021725774796e-08,0.0007771378094476629,0.0,0.0,0.0,0.0,0.0,0.0,0.0,0.0,0.8968651403768914,-0.00029955051090174364,0.4423033883478656,0.0007368189914360755,2.5189508507170337e-05,0.0006084672077559932,-4.0728732635637365e-06,-7.783006977857416,0.001123178490754384,5.971658223042714
1790485802153352183,2.2009999999998686,0.12637860955280728,0.00016113254564397453,0.4207559235588122,0.8968515751430554,-0.00029846867100439075,0.4423308958268073,0.0007359870431847898,0.05029825867778704,-1.0136582504050826,1.3662117825448397,2.074186448229598,-0.05295570072869624,1.0136065675690693,-1.366141267621861,2.0765206885184275,0.00010756628176317341,-7.053002855211548e-06,-0.00027410465094441995,2.8423828637759502e-05,0.0006061972016303549,-5.78712798909781e-06,0.009837264203826683,5.483999414108452e-06,-4.202784603006712e-06,0.0008006184534028292,-0.009882810492412655,-5.547731073605352e-07,2.826707299566933e-07,0.0007628895034595705,0.0,0.0,0.0,0.0,0.0,0.0,0.0,0.0,0.8968517092065184,-0.00029847991399272286,0.4423306239827332,0.000735996015116411,2.839168270505659e-05,0.0006062198999239986,-5.770170057967315e-06,-7.783369897777668,0.0011352633198821959,5.9711851270731
1790485802262348193,2.3009999999998576,0.1263891825178353,0.00016042693825370192,0.42072846157103405,0.8968381939587777,-0.00029729025818965636,0.4423580283294531,0.0007350154694264546,0.05128368143774889,-1.0136577057483098,1.3662113655167123,2.0742660563938764,-0.053946319932619884,1.0136065040477638,-1.3661412277327585,2.076596250332118,0.00010392164003238366,-7.060483850960432e-06,-0.00027512552518087435,3.1652396752717636e-05,0.0006039046910185083,-7.4822235380067896e-06,0.009870880242513381,5.410547154964262e-06,-4.139062608833402e-06,0.0007916066168575669,-0.009929144541963779,-7.135292724817815e-07,5.124701303057941e-07,0.0007484604950042782,0.0,0.0,0.0,0.0,0.0,0.0,0.0,0.0,0.8968383275223262,-0.000297302574878341,0.4423577575165164,0.0007350259152117438,3.161996648030167e-05,0.0006039278392299888,-7.465275508764064e-06,-7.783731436392428,0.0011479461547201193,5.9707137717104395
1790485802371098015,2.4009999999998466,0.12163178397605297,0.0006154901234542398,0.43326036712914207,0.9005313507369365,-0.0014210974407045014,0.434786898462894,0.0012726928102405085,0.07080646403785006,-0.9307556833499696,1.368206812799434,1.878248834747219,-0.056676146310524575,0.9295916512982921,-1.36922369420861,1.885623174462174,-0.3384861148575519,0.0416837868570672,0.9458612307398335,-0.21558518316307684,-0.9342185561258152,-0.0471645011476025,1.558861908720301,6.308477013533191,-0.17480707916869329,-16.939832614197016,-0.1221923598985731,-6.4012369325170555,-0.1405683983914419,-15.544132471413123,0.5,23.210968916513742,-54.41361977780916,-44.63825549208829,2.486992094411829,-22.99743978469883,55.021970878746174,-47.44548927114534,0.9003282771951924,-0.0013143679060534062,0.4352076656152303,0.0012463986062492413,-0.20512897793534238,-0.958863447998997,-0.05056640913254229,-33.56869294332547,1.239020227515788,18.560688765521675
1790485802483199941,2.5009999999998356,0.07809787151185427,0.005458291345418708,0.5716870117097432,0.8961799789556131,-0.018214009850656316,0.443309990306911,0.0024387821480810904,0.17462837422179792,-0.5405676969693244,1.026150045343316,0.06188648268512583,-0.001501232375648755,0.5403230994701913,-1.0117671456380362,0.05407264563688126,-0.6190071130549906,0.06274391294547593,1.68468415068249,-0.44784055795023203,-0.2752777723776487,-0.24533908640025298,1.4310483849650861,-1.4859360717744545,-6.091881966075606,-6.478377458783278,0.5921380592333554,1.7869215987102396,6.282138064511764,-6.658897078572134,0.5,9.537393223485942,-30.080614565280122,9.185619809491756,-1.0057991833587465,-10.069383257652923,29.162837608955954,9.823108598433635,0.8961227038860256,-0.01795929125438412,0.44343610126791316,0.002446942981288879,-0.44750576213562865,-0.22806470819969765,-0.24181403264426843,-18.033625781180778,-0.34127964517197906,4.6712516571986775
1790485802595203397,2.6009999999998246,-0.016612654757756737,0.00983958595109859,0.7529892901229994,0.9401295686536283,-0.03957303846960929,0.33850789643156287,-0.00166517954112547,0.23391564793552394,-0.6732493577502625,0.4236394087437826,-0.058249137529608384,0.04711581560255476,0.693545307488201,-0.36917575278342396,-0.06139545529439957,-1.2076112805808323,-0.006443825603684158,1.6549763155955057,-0.05445298953280211,-3.492214422153781,-0.18097587857930314,-0.5873502544591401,-0.9172513655270986,-5.828150428281575,0.9168933432584921,0.21759125621984324,0.8063748632319918,5.899160060471151,0.7598277222080154,0.5,1.725026300789928,-6.454905856752337,0.6795575270399312,-2.2762968749223487,-2.337286591463278,4.148542283782758,1.0881283480329642,0.939538288616047,-0.03951384309938632,0.34015248061009934,-0.0016584217626332482,-0.06137912800732313,-3.4831577381882273,-0.1883572556738161,-3.2291753338566473,-1.5513521630780704,-1.525079270602161
1790485802708343321,2.7009999999998136,-0.13411484925323178,-0.0013886176920750303,0.8525711600685093,0.9810025189979943,-0.017908504943044808,0.19294892915751005,0.00916809180053694,0.1087225502021581,-0.7185859857651181,0.027555804817482595,-0.08683408117499475,-0.007913553125086218,0.6950677220581793,-0.05158969000289485,-0.07594778587826864,-1.1026264354070947,-0.3599419938434659,0.1792219486175216,1.6178078582956175,-3.0016590912210597,0.38273952106292175,-3.247152343661554,3.0922128638107087,2.4183170065737336,-7.726079481884979,-1.814548025180983,-3.6682693302466007,-5.833084828907727,-6.714873528099692,0.03379963683540588,9.179216190725995,2.485975394202116,-6.13696025905751,9.07246527923024,18.800175737199993,-17.637112518952442,-6.6425632359501545,0.9806987601688099,-0.018752699298159,0.19441011878713274,0.009109543652846925,1.6332622199368572,-3.0300370409255932,0.4205732528753886,8.71348617771264,2.1582725593225662,-4.999336971891573
1790485802820434347,2.8009999999998025,-0.23045992502822377,-0.03025839910661376,0.8195465171602984,0.9960504444296,0.016911736987169808,0.08416361329491304,0.02267138065529735,0.034854499007484024,-0.47414704477880765,0.20986326126137678,-1.0446791199195975,0.0427375333521855,0.38484991988214723,-0.7740457469133168,-1.52350080003242,-1.0125802500130032,-0.40424545362755215,-0.5072072403579291,0.6374690281114304,-2.191534089581267,2.444649281139254,-0.5776623834692814,1.199136617932525,0.9857432483660702,-6.700550317844336,-1.5612268358304102,-4.761776424417215,-5.950969599380943,-19.200803706411943,6.944817963220264,-23.19256406394695,-12.30785543408096,-6.649724841077832,-21.154153505191342,-18.43850733269219,20.04725737058591,-0.3995981467940286,0.9959899302200425,0.016466520084355105,0.08526837983679172,0.021499209673726923,0.5793343902332058,-2.260443970854241,2.3760641422986204,8.858144896742731,-11.254540989718821,7.753626784124156
1790485802933772229,2.9009999999997915,-0.34723654746668503,-0.08354684477779686,0.7545505453640008,0.9874120068885482,0.06252038837852035,-0.04257614178077111,0.13891004945788787,-0.017807992115028117,-0.2700620776952653,0.3917716460512908,-1.8601208309684298,-0.100817976845509,-0.0004451367290694067,-0.7738451150145162,-3.5680572463614153,-1.1669595375924062,-0.5388914965731054,-1.0163861388445556,0.5771445793284388,-2.335331416478438,1.4316746808507888,-0.30467099276884757,4.274969876827376,5.471533158652053,-13.63108970819661,-1.0655389899861896,-0.5989441032482768,5.172517112012014,-20.254876374623304,-14.391870685566698,8.265959526623401,11.644864956208611,-3.184455145901695,-9.819963089172292,15.802572488116665,17.724460578578103,0.12743818731165213,0.9875782329475344,0.0621036646186215,-0.041418464474598904,0.1382638038306855,0.5285765369176599,-2.3837305645975064,1.469455627967534,8.990907247811855,-5.1950409670432105,0.9545385675473361
1790485803046334430,3.0009999999997805,-0.47164651965173543,-0.09532255845743473,0.6664875314350921,0.9931964733663402,0.05925986995586108,-0.09142936831645714,0.04110600582314693,-0.16533567419621942,0.38303916818443695,1.0042782965741468,-3.6386927372333213,0.019016434455996434,0.3701023920160594,-0.6514667835899862,-3.6705317905792434,-1.4417433038689194,0.038692696861883286,-0.6068469414879842,-1.842243890800571,-0.9902634134046173,-2.1432271190658163,1.817654491096415,4.5921725018535815,3.9742389336098136,-13.271568685423976,6.120644717166826,2.3752692555726713,-0.39470459179621564,-6.86698968327616,43.34164897054775,-63.58747701174208,-87.32476175395705,-3.364215657288012,-2.5702005328362088,-59.07958022741152,-13.230860409988344,6.136742865624896,0.9931419942840908,0.06005632845868438,-0.09096314297057471,0.042283841149972246,-1.852958232482153,-0.988484704109261,-2.2303332276521193,3.331660898024058,-9.263669393344893,18.473669846703725
1790485803159306106,3.1009999999997695,-0.5919152485841662,-0.1445809731906283,0.6510268053426062,0.9845849431849262,0.008466831639204208,-0.05707385947299778,0.1651162529261898,0.06054476719145244,-0.3925245597245524,0.6791601297120401,-3.8676049289835124,0.414344314232807,-0.20617276862595546,-1.0434593783193626,-3.7930167368625787,-1.557097832444663,-1.0315196933773996,-0.4042001550759521,1.3827650302715224,-1.3917739439037775,4.153775431828463,-1.752311756360986,-8.385964970930813,-7.511128900757268,-9.128411262129605,-0.5862834170331779,-11.433835785263124,-4.056009941291857,-5.960198561648326,9.529655350981706,9.260024337631977,11.697805151328168,-2.3858909761434495,-21.86735132066268,0.12252763362877062,9.039192833694223,4.417226632585027,0.9849708443337907,0.0077897188341954395,-0.05648512343430595,0.16303737891500433,1.3319396891263728,-1.292682986800641,4.180579528752715,-18.392466925226397,-6.252127453171981,-2.6821240465183056
1790485803271648149,3.2009999999997585,-0.7450522183667542,-0.2432295179880643,0.6419181224324804,0.9635308233141641,0.10903089888398962,-0.08594601675829096,0.22876603291454833,-0.22026989060070465,-0.32130926016810263,0.787550982645043,-4.336177878426581,0.154463629453605,-0.18632316901120652,-1.0975508473407465,-4.274553789710205,-1.5516772710337952,-0.6851348003453192,0.4019545014672727,0.9533138008149183,0.5090193197119547,-0.5199664612232512,-3.0155802301004,4.719116220953867,4.6503612176673395,-1.5026729286163054,-2.2799652154260084,8.015453747634863,4.75129631340159,2.1268995979087877,-25.761160105585162,13.13516499390763,0.12731072414357136,0.47912339272345117,7.161531159972173,3.804541263153581,75.34970075606647,-11.063449798954395,0.9635012709949132,0.1086074843337795,-0.08632861829923096,0.22894777745245468,1.000650094367379,0.4712069991478638,-0.5148636697607278,4.584545602588294,13.93550709387402,16.250839127339496
1790485803384929531,3.3009999999997475,-0.9436571091511461,-0.2872015893317556,0.6647393242499753,0.9730267334960159,0.058625768952685446,-0.11805625807714785,0.1893270055898057,-0.36612971598553357,0.37938708460645243,0.9845832766286451,-5.023506317602563,0.29231509976401304,0.4200620478409633,-0.5366415387248903,-4.633147457372916,-2.0063326052104,-0.4618043632913148,-0.18409293173204164,-1.525766943240861,-0.9355793938790804,0.9929536377461439,1.7731212616673526,1.6002867711769966,-1.3377886591609738,-13.04751115829589,1.2734853224559506,-1.7402306693029868,-3.4305931492506883,-2.562602508099964,5.503058162968202,-58.05599949606908,-47.0814805278136,-3.476244420852055,22.451963977627802,-48.102516132694134,-12.359270945936577,7.806371921316828,0.9731307212891668,0.05933809111405844,-0.11742748370694064,0.1889613089931968,-1.6018906067433514,-0.9797481196906362,0.9318590106500313,8.145698105042062,-13.887115013980123,7.695828375758353
1790485803500205862,3.4009999999997365,-1.117620569105932,-0.36857661505543354,0.6683032300358367,0.9543357580464743,0.06634702951081786,-0.09452488450572125,0.27551112282107887,-0.3858717782786708,-0.1728783621852668,0.694140717474197,-5.489178731110273,0.24739642596600805,-0.19940673026054545,-1.062349901843118,-4.496920614749792,-1.8647755948540756,-1.0522962815831547,-0.23267386244800936,1.2686889792046812,-0.4952116099217355,1.435423341377953,-0.036899287709557096,-4.92229407568728,-3.5297000064556876,-10.941745600992931,-2.1922981668342008,-10.449712078992427,-1.8633631215995097,-5.80783793652494,-16.688735005488148,-12.368793208093086,18.587831144343145,-4.5291271995035345,-20.8629933005417,-2.1013759914431773,5.8480496037517575,-2.7970945968010064,0.9545985202770529,0.06574124296911028,-0.09441569011412003,0.2747825167619131,1.2559985992446103,-0.5280187912088073,1.4534257179122925,6.6644137830022006,-1.1937643875498756,-1.2061372547776756
1790485803613439776,3.5009999999997254,-1.321683425470228,-0.46525440344928665,0.6630593771328859,0.9529524642458093,0.13163403939347373,-0.09410048925348127,0.25631850983308524,-0.38516965715855006,0.12113114218725965,0.956788043934493,-5.997468720804159,-0.048073393515001395,-0.06586570511599645,-0.9529638615857359,-5.08974553411054,-2.476153891383267,-0.568235251978534,0.353392206221136,-0.8837455441906398,0.05936249871727224,-2.6370004658984114,0.014345881306940375,8.769931337185087,4.336753792596493,0.47524359240955505,-0.019706107029401454,10.823647400870964,8.138496625738949,-0.45220965719573275,-24.619036299326424,19.368878323759375,-6.077678377260873,-2.5204017282268723,27.733445928327722,10.811832457411388,50.25863289248876,-9.773895171402133,0.9525526280624889,0.13193853205094505,-0.09418898236353185,0.2576124029095082,-0.7749958572586885,0.034280330465877085,-2.5837573362905433,1.8568770518711197,26.452002455238013,10.516977017306019
1790485803727013535,3.6009999999997144,-1.5680446253625786,-0.5138480758818,0.6742601555151175,0.9831709538345327,0.06255735163353239,-0.09826708797556372,0.14073035462719294,-0.36698635288175907,0.5448395187450421,1.027781133010798,-7.041702466501584,0.3989357525693315,0.36234255389976205,-0.6981910927863969,-5.2711432293800575,-2.1097353327700756,-0.9509432080166252,0.14899460721920815,0.9982128601822675,0.98267419904049,-0.4533689753917662,-0.3529235318834685,-1.553994387761127,-0.293827281490976,-18.766865058040292,-0.48073360447646946,1.7819815001196582,-1.1350571117845092,7.0833982368093675,55.314716455831906,-56.14749394564624,-80.18578506839614,-0.6165674709798541,7.134252590754775,-57.70126877123436,-10.029253541455748,1.1862609913060096,0.983121726568349,0.062113498198365556,-0.09883454986948596,0.14087340360382095,0.9397506399911149,0.9885020158061154,-0.4740549242867277,-0.34700069799771827,-9.912926778812981,11.884118137122586
1790485803840283828,3.7009999999997034,-1.7827345612034395,-0.6164542738257321,0.6939612905933988,0.9843369116879417,0.10189892969422408,-0.051145711765127826,0.13446772320470138,-0.37230341609545775,0.3770477604157868,0.9219660432328576,-8.954517325602918,0.2926764228975362,0.5465789075657488,-0.7238279847372484,-4.46965658035579,-2.279356437584551,-1.0457376514255083,0.3051824113796005,0.1380252118451077,0.1561402093872074,-0.3247783002342835,1.0291879824051129,-1.1536767917723658,-1.3781004735609774,-18.733917957313967,0.009585570765323646,0.47506028350329665,-0.10029813668753598,9.0205228248021,40.1345132377421,-53.00529224645281,-74.39806094261749,-0.6330410213430167,17.383066586322332,-62.71826479028325,-10.866343969255087,0.7658005993177,0.9843180966259693,0.101833188543071,-0.05124838534679759,0.1346160813763621,0.15810130086523552,0.16321840689154749,-0.3247197532819097,-0.07535006834171584,3.3013698127177205,16.086334563582085
1790485803955897125,3.8009999999996924,-2.002330985946815,-0.7244960069358949,0.7600796866632865,0.9855620955579374,0.05992681241733737,-0.02897563710035152,0.1556809089373951,-0.12847847917600344,-0.13815251075179608,0.5076366197654633,-10.104718333022484,0.39934941575848204,0.03312083559192788,-0.9429691390308045,-3.7035739059335255,-2.1573065585086773,-1.1942049239318293,0.768426897514199,-0.930890667582356,0.8443072265648144,1.724888351964293,2.888524595024748,-9.73091990007994,-8.483834339703654,-7.441320575782022,-0.28908335908350974,-11.706925952517802,-1.303369081107592,3.182336976984476,4.618147210874275,-16.958244213790685,4.809711137181324,-6.279339712108989,-2.845216477763157,-20.252367267374808,0.06482984507636402,-0.5407683505909318,0.9856556756967012,0.060476214601076946,-0.029267534664985866,0.15481901643221452,-0.9470759594844992,0.873233617368562,1.7082366425401252,-5.528250847875391,-2.229585577158949,-2.883755729320739
1790485804102334536,3.9009999999996814,-2.2190602178577823,-0.8485155061191061,0.7830597163481787,0.9800471355025459,0.06212697027712827,-0.04671582445207145,0.18293573599273186,-0.0557308832643507,-0.33065407400969465,0.7138302995809103,-10.528108727633164,0.25490613582358973,-0.686823133448765,-0.48560989604434057,-4.4606527967903755,-1.7708120296533887,-1.2025589095774527,0.41488770896683214,0.7646752294758928,0.21439782868985469,-1.1629293490789043,-0.6569452232442734,5.5584683004617235,9.840387420445468,1.6578438126636732,-0.9392194997152535,-0.45695787792453335,0.22327668916998406,-20.547558761224867,-17.705194737357914,32.19764204821594,-6.265908870812018,1.176027901788891,-10.437681145443987,31.42539161554686,59.02249781191432,18.514580238156377,0.979959267492219,0.06174469293473457,-0.04692694069479657,0.1834810322282278,0.7920063652851534,0.18104897210986787,-1.1817120574892666,13.813620673076905,6.58722202520663,20.31125192640201
1790485804313511710,4.000999999999671,-2.374583123547387,-0.9533233032143605,0.8559586429241486,0.9815889245064279,0.054265619791110116,0.005149995164236452,0.1830625667492123,-0.1577583417466249,0.26540253492742444,0.8795434443276916,-10.559404186762986,0.2378736070504484,-0.4186516276291856,-0.42793978910541436,-5.571249663979028,-1.6550138674992763,-1.3286283459395543,0.5992527082206226,0.48754063103773715,0.4478973665821676,-0.7321998614578211,4.192695574169626,0.6592212360335719,-13.200818744333391,-4.320368217077704,-1.6334852597229168,-0.739426448626835,-6.079371753547742,-1.3517539429697316,38.76348183628297,5.303155159156276,-51.42026466277164,3.853383385462985,-8.685552101780807,-12.817451842521368,-11.939539569284525,3.6799706184880394,0.9815361674369117,0.05406921298118474,0.004865677142015862,0.18341100677659428,0.49482087867391544,0.5257247549630343,-0.7083433410723535,-16.4803582850629,-2.0081819557229266,5.75619571868436
1790485804453993386,4.100999999999704,-2.5559192798518295,-1.061014576367174,0.8544839554415408,0.987730586546526,0.030802306703390677,0.009395160530619458,0.1528111162867758,0.21919187309097526,0.2181478449344012,0.20890687190167648,-10.632279566017859,-0.12348622401590506,-0.43766836938523346,-0.5943896175058927,-5.45095601903481,-1.8653229248243648,-0.8713030641616544,-0.3750267030221275,-0.3473903262015021,-0.176943430215619,0.23093608008140695,0.9065733897765365,3.8594501981239677,7.131506983357052,-1.1582275592324809,-4.6433646000456354,5.033417029475136,15.100570282933894,-11.189251874571065,-25.32236545864678,-1.2932426211656045,1.2242363474687306,-0.4324397463084422,3.8575514537079343,-10.299401860854704,36.594558911006004,-1.454078686890493,0.9877420245787036,0.030959265634516835,0.009512645741294025,0.15269815428988134,-0.39440191555341136,-0.14371728201307868,0.21983816861117456,-4.961522437998093,-5.46934051972894,6.763024717765646
1790485804627573880,4.200999999999738,-2.723067271133982,-1.1331368031115423,0.8205102369603344,0.98688660601486,0.01606961389385655,0.03370127832557776,0.15703763312338195,0.055099306622249156,0.307222890853929,0.3440020607540539,-11.098653545661511,-0.2000462447766816,-0.35895547937895117,-0.35223194347898906,-6.898764498684063,-1.6481988868034636,-0.5336862749552868,-0.27206154735997584,-0.7306783686324858,0.4114769304022661,-0.040412912827033104,-1.4011904679750484,-0.44926678819220184,-2.4629415911776142,-10.928118204401878,0.9388635038221448,-0.5236210865779938,-1.9031711270444769,-12.86184630626719,-21.79846910345407,8.520663401209307,-18.937507364270793,-1.749127638674305,21.88069550149008,-4.186361349398841,20.146888073768274,2.5087711107446786,0.986884408681163,0.016463150479174342,0.03355528211581589,0.15704194223346338,-0.7297485520692684,0.44327118317675696,-0.09106896758302932,-4.554993579945838,-3.96639880015421,9.569166891353653
1790485804739776165,4.300999999999771,-2.8754704274617726,-1.1994453932169178,0.7958196762816182,0.9841763936092115,0.012376752236425193,0.03874361975122165,0.1724603554299293,0.07769486109902617,0.4726396879496588,0.4148710476532438,-12.965078432200208,-0.16810002060340415,-0.49920431742637644,-0.44115286423808525,-8.546007308518487,-1.3884780953588274,-0.7185693899461564,-0.22859723394879405,0.3379625099581139,-0.014704117741781155,0.42280172570153374,0.018546897191223106,1.5180259932322884,-0.3063592576594675,-20.097201153449937,0.14701162777172586,-1.9116983178287343,0.0007408930294497407,-18.475650066038867,-29.2523000356942,-2.114147791234904,-25.310236668541634,6.113151691760979,31.98828052447865,-8.105920492200529,20.008109597798327,3.003613111327539,0.9842146224008483,0.012200986049526165,0.03872432794311475,0.17225893131309325,0.32947815728690705,-0.020637095383597592,0.41001676682750676,3.3137543119157686,-1.9064876877960755,11.53727031214787
1790485804851759062,4.400999999999804,-2.9978714271914617,-1.2609399601504052,0.7799363713108046,0.9801042919753326,0.020316777744865486,0.046507381103876075,0.1918850408355374,0.06036591799275358,0.566890787984131,0.35627224003135066,-14.4173106499129,-0.12701865487880767,-0.6212965896844753,-0.4282251177483906,-10.021205361911168,-1.0225377180926563,-0.5296456821273523,-0.06165263866717842,0.03816784380885756,0.33161432368893096,0.30517286539729777,-0.3989175497775465,0.13882721719023236,-1.1990994900291367,-7.633388633779575,0.9235608510281816,-0.29535975826256744,-0.01917518099369739,-8.48055155581195,-24.64739415105504,-4.6333390118360525,-24.80730545057039,11.218703327204729,27.820664244877015,-7.8186768768163475,26.67981642152869,8.995707429975067,0.9801416449488554,0.0203227925102044,0.04634430975064149,0.19173300418883302,0.040379020155969586,0.31496096871193063,0.30641417363991064,6.195234365978608,1.3951397485729102,12.612822405772443
1790485804963756679,4.500999999999838,-3.0806577112872895,-1.3055259901688718,0.7823837998865734,0.9753993017690267,0.015488147354241005,0.06496442656570993,0.21008556038199322,-0.018971139556267252,0.5572934289956105,0.2790540049525717,-14.296515145938656,0.001993645957308279,-0.5818478973114961,-0.46612910710951183,-10.17963465642474,-0.7249710700667338,-0.30929870802632015,0.09051430423854073,-0.3537295384986156,0.1437858137887379,0.5073199192641187,-1.079772408016852,-0.14539035923781624,-0.6707847011633197,9.025934086771354,1.268041951821977,0.7661902382707328,-0.15614758900622433,1.033181914337127,-19.943037615031145,-5.789006211260696,-3.7605758624768217,5.487032956614323,17.76617903466821,-10.396741373397317,38.594111664364604,9.483409042831436,0.9754544740799624,0.015659285131062326,0.06493538445801972,0.20982552664501117,-0.3279339763414288,0.14652727532083287,0.5096357015090578,1.324104334962248,7.725720366321181,9.42031877120334
1790485805076519648,4.600999999999871,-3.1465664814680396,-1.3215791626859648,0.8012035475585655,0.9576345473936473,-0.001941358312467184,0.044618194882055845,0.2845022345281898,-0.01453872257505282,0.5595085586169032,0.39419347038654745,-13.018657492820639,0.07835468878416613,-0.563768732608474,-0.34696080321979245,-10.272678714337285,-0.43964490074460827,0.08827943951802157,0.19597543644515392,-0.5740419154013074,0.5633099824584624,2.9092869008169973,1.4809019016676936,-1.7283971667222775,3.9485979539824005,18.10792241197892,0.5870299018788396,0.7571176072092924,2.8887029059207574,-0.5212648823403948,9.12474827781854,-17.733001850455867,17.124785055653604,0.9460387940105406,-28.87214484788594,-18.812062352535584,48.67876703587842,10.260632441170197,0.9580604300904516,-0.0016512671173393968,0.04442725571076145,0.2830966346705945,-0.5860723656425959,0.5541280982308578,2.8873635751034903,3.4901450656536506,0.3352481752594667,7.527027462624055
1790485805197470967,4.700999999999905,-3.1796568640943654,-1.3215430297054278,0.8148120065638033,0.9253501429359033,-0.012774571457807957,0.05000715934389194,0.37558382194515194,0.0642452260398049,0.31655305674829415,0.40862370594864683,-11.937876848281382,0.10113043062945096,-0.5666655101836995,-0.4123613765752067,-9.272992302910652,-0.1342852277533305,-0.08200368384088097,0.0678308647638008,0.01722897163693486,0.41501480295108606,-0.030495125504600144,-0.05452178984450327,-1.0431932690270096,0.5736575650910986,3.1480536927133005,-0.32266314725342626,1.4672587505291095,-4.62252199948568,18.851379583023277,2.409480005962099,29.21562556457352,-48.52947026617125,8.42597315364335,7.367719254387371,18.632983694312657,-15.185005558336531,0.5743102084883613,0.9253546629429266,-0.012703843686783184,0.04981210057695253,0.37560100473970554,0.0032815295671053415,0.44946438341813855,0.0035623945934484327,-6.645700021821537,-5.132211757802156,6.815143196894706
1790485805310697980,4.800999999999938,-3.197091097799396,-1.3395416739101682,0.8055239585507827,0.9303069063631412,-0.00502526819834533,0.03535507434464942,0.3650394846734546,0.05354487553493768,0.26292817019565745,0.5187022566607249,-11.058226915997617,0.09965570077525403,-0.28391508966017226,-0.5428994266289487,-7.4752903935984785,-0.19510272897316666,-0.1842659274146413,-0.1939498332205975,0.12471583681717725,-0.651846250105775,0.07789611312817489,-0.21177200943835864,-1.384930255361368,1.4406174836435597,13.235800688732425,-0.08997106936155472,1.3974322752084662,-2.576169285388019,15.882314982521995,-7.163214524385078,0.24079644728914484,-8.602219944508008,3.3820996556337874,-1.3177742634722838,-4.91606051411093,29.197814655816696,2.0588425087390023,0.9303092356143079,-0.005203631737747921,0.03563532207341702,0.36500379747090905,0.12436615752580232,-0.6557451801336426,0.07149983726564245,0.4980376094448915,0.6271038329361085,8.937862215592556
1790485805423549608,4.900999999999971,-3.2197119978142044,-1.3572073389599275,0.7897986274836284,0.9280469364257141,0.015739992702889095,0.00040868435256237283,0.3721303123875548,0.02893814340254756,0.08664006559039815,0.5638764008056895,-9.926404926060153,0.07863299961272026,-0.1101678778532391,-0.6241495863261266,-6.242415923050087,-0.1743888360751589,-0.1483795862158935,-0.0632224847969089,0.2328938721018245,-0.6090288313675541,0.12388813813117998,-0.33427342775826624,-0.6907414460086603,-0.20089005176025374,2.783221527207875,-0.4057961902746433,0.6847592536728203,0.11785381115649238,3.7119393902016604,2.6292350848585446,0.17860465362948696,-15.809869210860597,-10.956672332817805,-3.964946030895191,-3.576300452014095,19.85644914002977,-11.85596969510083,0.928071645013637,0.015518579257796988,0.0006489295607281247,0.3720776455391079,0.23276258719575885,-0.6359548983455219,0.12352794625480695,5.816504212630774,-0.07900698603423063,12.276949171729925
1790485805536769602,5.001000000000005,-3.234058872631035,-1.362393950938882,0.7869768663864187,0.9285098665171494,0.019022512320144225,-0.00879031315279917,0.37071593194791463,0.02321088705106959,0.1979876368470267,0.6041056919604684,-10.471744391021849,0.06726372794775239,-0.23681309004518014,-0.6637880267927619,-6.685640901570202,-0.06672902484798197,0.018298693830696502,0.012736187421007688,-0.06214925124342776,0.37042783979095484,-0.05761509621672941,-0.0053657721294300565,2.127336356843736,0.5765409965416236,-10.134024792792413,-0.027681262187011852,-2.065207766960914,-0.42154846900436055,-10.093857846826875,-0.2597932807295626,2.8920066916482012,-20.591507069473156,-4.932987603603793,-1.2042090359435507,-2.9556406077994755,21.444652158350898,-2.374989945605117,0.9284969511349127,0.019119773596248345,-0.008951314078347426,0.3707394232706717,-0.06817839204195125,0.3626390044534141,-0.05669105112551984,1.587873163748931,-1.2570000399045747,11.040067137040108
1790485805650225193,5.101000000000038,-3.2383860568289666,-1.362878966250382,0.7907909965851367,0.9275200858819829,0.011554504327327492,0.015841784585000854,0.3732586523798068,0.012964175867537621,0.30524904511452133,0.5970355690220773,-11.282021663096087,0.054125595658957894,-0.34449740691255365,-0.6557319228704163,-7.475410522062659,-0.05181800522075797,-0.07535144401088344,0.05410021439215175,0.18329169171568216,0.3333998584855369,0.09232484184989563,-0.22613067010477703,0.00888485339537562,-0.39954554605601367,-3.862398332407688,-0.2529080260344782,-0.038900728468113585,0.2653275015103449,-3.396072290303886,2.2005925322329687,3.677184574111016,-22.063346320143523,5.866601559544908,-1.8317565880203879,-2.9853761839466064,23.396355795235138,3.583760808886379,0.9275409983808395,0.01153099163909226,0.01565349252896777,0.3732153543547457,0.18818145674937328,0.333114414789525,0.09033784952058134,-0.37314817989591026,1.0233565649372265,10.135141768945681
1790485805763769083,5.201000000000072,-3.244116645563613,-1.3706276848236847,0.7967301051998683,0.9256041753557587,0.013072570689507575,0.02865668125788182,0.37718008043749895,-0.0014739523883852941,0.2661100215022966,0.5600217595835717,-11.436226664939097,0.03743988905668846,-0.31508232747954895,-0.6295485392915559,-7.623847914021605,-0.051125429265008425,-0.07791421125196221,0.05476590266010832,0.08476540669336839,0.1237518839591852,0.020120509395642517,-0.0831990540469267,-0.263256559498685,-0.3203083061100509,-1.2211845316391259,-0.1019349668108875,0.4465635990523528,0.2142716964390488,-0.12909323586736088,0.46082233643655357,4.588850096516316,-19.373965073634885,0.7385639149894848,-1.1217411690534087,-2.0700000603636313,21.51116518125858,2.7827735275711314,0.9256102944433943,0.013056391124175571,0.028583554147588456,0.37717117321385724,0.08549840630521899,0.1253933346737656,0.0229280329071288,-0.3224625281358213,0.42299094945789806,9.636626418717933
1790485805878902626,5.301000000000105,-3.2495563398377705,-1.376549160860022,0.8022438067320516,0.924884789509621,0.011529003632264582,0.03026235666058338,0.37886593668253865,0.002203816921677205,0.2341992920044747,0.5347042930217356,-11.4583823613072,0.039389288402196465,-0.28469795253911795,-0.6041079651014848,-7.647061924155665,-0.057777746343354267,-0.038300678121551364,0.05003060672531815,-0.09248017143210159,-0.02491883472734658,0.010750439681936839,0.11194648690130453,-0.18144201059470544,-0.18173244043954193,-0.07936105864974466,0.10000326490271395,0.30640336498005605,0.250743459161163,0.28871637134768935,-1.9609164962382313,2.2535038435697308,-15.58086758959732,0.8732679373906682,-0.10118895060751906,-4.009285555000968,23.87233271815398,1.415323110674727,0.9248859147699536,0.011566887255157591,0.03029146091535533,0.3788597090942564,-0.08991190092812405,-0.02551646482908238,0.009310858138270133,0.07661316887129217,0.9985024795775456,9.565240966113516
1790485805993050419,5.401000000000138,-3.252458721679859,-1.3807098791536903,0.8059563208335611,0.9244031481946422,0.012544192478935894,0.02822507893920889,0.3801641852696826,0.0037653113584282783,0.21435206836689402,0.5172883726645519,-11.431105074387245,0.03968031139136966,-0.26028277322252,-0.5889239838632828,-7.589931631012926,-0.01752303912378596,-0.034959609618175624,0.03034423266729389,0.009652179526026363,-0.06380909469941311,0.039386460568007556,0.011123068607373634,-0.2934911356060208,-0.1462416033061434,0.973033711125707,-0.001369749596337095,0.3505410114180858,0.11865893014519219,1.3387532477107922,-0.9995289501012229,3.161926105066935,-16.507160191293018,1.0852547661412482,-1.8117108884327402,-3.600919932126597,23.25016181016832,-0.37040401719646054,0.9244097942260255,0.012527046408177728,0.028252983912235432,0.3801465169475315,0.009305116726773435,-0.06264344410687535,0.038775177395878345,-0.20681246134569053,0.4764257593363749,9.793468873090381
1790485806106955076,5.501000000000172,-3.2526513661698693,-1.382756466372641,0.8085416888906867,0.9236741212155586,0.01322808537001787,0.025121630338844503,0.38212568513936296,0.008371241776668993,0.19475958991385414,0.5049827832997508,-11.35613413759645,0.04284280712261371,-0.24679424423300175,-0.5777250045553993,-7.530289131532067,0.002999382175307561,-0.0048480704419077165,0.015295274370335656,-0.06230670693216216,-0.07490661118726985,0.06569096014177277,0.10453597470189947,-0.07216506119282909,-0.04595689206211519,0.5910122761396137,0.09406891955384096,-0.011223322781838989,0.0831332443904375,0.28475333433676203,-2.091676199710783,3.6136903461656225,-15.478875794180832,0.14445079519015713,-1.858984222321305,-2.358377771844752,23.451455585737754,1.2464976252052762,0.9236853177354997,0.013241723891493994,0.02516856392393905,0.38209505877236494,-0.06277301060896166,-0.07214147851457219,0.06206235813385489,-0.5816187569395171,0.351521643713176,9.378701756542943
1790485806220650084,5.601000000000205,-3.2504504295244887,-1.3824964920852394,0.8101168236520139,0.9227046543502647,0.013538912578957153,0.02291511813307527,0.38458772217464865,0.012926681026779744,0.18706272801032434,0.4970960518823929,-11.308657226516067,0.04634091739460754,-0.2408716711429265,-0.5707383072835985,-7.476351943483335,0.049674405117189784,0.018557893855867202,0.0076887440543051515,0.016293985562334,0.04977093803149743,0.048891576924517025,0.021580509200185016,-0.10071615093668651,-0.06741194803714441,0.2592989916297298,0.008776984442926013,0.06149248530342019,0.03189291661412991,0.30373105202158684,-0.21141805966768853,3.870480900907798,-16.230164217787635,-0.738204455112045,-1.8625291751961488,-1.7040317430457093,21.082529313846656,0.6234628717400611,0.9227147358632158,0.013540405769825289,0.0228893539162879,0.3845650154522102,0.016553655413511417,0.04507399559145038,0.05177732361823049,0.8450484761868894,0.4105745453053475,9.607129367722164
1790485806334090146,5.7010000000002385,-3.24499254708029,-1.3803392409293875,0.8107898328777079,0.9218183659759529,0.014070765865048974,0.023784996346020316,0.38663572991410744,0.015377797841787728,0.18733361237294113,0.4916333151206712,-11.29493784396438,0.047631757107857386,-0.24173776879779282,-0.5684965167775935,-7.445897110695886,0.056177337356035764,0.027122502728542913,0.0010294926140397252,-0.011860034825483236,-0.013428269679893039,0.06402534215566315,0.061042375362200495,-0.04382979936672074,-0.017787842465892614,0.6305660574161561,0.05004962148294854,-0.05596204946514077,0.003130936700395663,0.37946628868030874,-0.6333706692394524,3.1743965406104193,-16.587792812696055,1.0381836012739165,-2.0564026544624836,-3.354963793790435,22.55135813991239,-0.18294231265508815,0.9218304995735098,0.014072874910546521,0.023793928745094128,0.3866061732599192,-0.012490394001447995,-0.01373491537025849,0.0634243055714081,-0.03612843523360687,0.2856413380047168,9.791903368418769
1790485806447983332,5.801000000000272,-3.2396354384359167,-1.377095201984969,0.8103989134667094,0.9210434742495022,0.013810187831078668,0.021425256729229795,0.38862469765644675,0.02198462001325096,0.18000273225398192,0.4931749342891505,-11.189446507581113,0.05358609219954413,-0.23232569481551002,-0.5696392886305212,-7.323306987797956,0.0381326167620616,0.04677281266387766,-0.002663851860170961,-0.09495117129895404,-0.07924041292339089,-0.009557183937441824,0.13128595576005073,0.04958203877539888,0.062139481199699635,0.9286907511761412,0.12633163236573794,0.3175900966850746,0.03437879708994203,2.241241169948927,-4.570980474244099,-0.11695541015879303,-12.18207272179552,1.1958719095681793,-1.4735494665467748,-5.91823965000604,25.851150787881036,-0.9179374491073446,0.9210401108793858,0.013838619874650905,0.021480132812464595,0.38862862818584765,-0.09992965113153289,-0.08322850155257694,-0.016000313553584097,0.648793290775587,-0.246803002817189,9.690949811563781
1790485806562271554,5.901000000000305,-3.2342638690875183,-1.3723413228052785,0.809822179298092,0.9199126983677928,0.01470930733833756,0.01847585622712681,0.39141142854544714,0.024251402942570072,0.1719570387441255,0.4950603647474742,-11.062318787395581,0.05518619320701979,-0.22349193638289067,-0.5719702267571077,-7.178998094693255,0.04670537464576496,0.05433425683613098,-0.0056550842135188375,-0.043186149969149476,-0.07900929466648289,0.11707881986686688,0.057791551763509794,-0.13979031409687037,0.029000911934810084,1.6167075809836535,0.05116145535334268,0.003271617538880659,-0.012612652564921457,1.2397715459256515,-2.5152701078074546,1.1942947357121192,-14.596668785082985,1.067373624593012,-0.7639800919505525,-5.458602899350919,24.803098198078587,-0.14815786530520247,0.9199345613519978,0.014712626905930849,0.018521509853928957,0.391357758467065,-0.0422867023972193,-0.07930723815585178,0.11263320865840014,-0.18387805839556767,0.6027445086144239,9.819905635280506
1790485806676777504,6.001000000000339,-3.229411368443497,-1.3676747357866197,0.8091675060636055,0.9183802197104433,0.016690248894580362,0.013752020694025004,0.3951076936270241,0.025238016432909106,0.16339621888974568,0.4966038775476653,-10.913880100983256,0.055442735954459935,-0.2185201075491991,-0.5747487870819084,-7.0253427788041085,0.04060591314720624,0.04392193237359137,-0.008584457266104024,-0.010071193861287185,-0.11805819211855421,0.07403886419900377,0.016257357960505352,-0.09293753300377589,0.02277996710680796,1.5931446031624057,0.010521890951448608,0.1843522722731518,-0.017966930630267886,2.123754459917605,-2.0089524616133945,1.9286580758135854,-15.597593948572166,0.047093357846439976,0.4369073672212527,-4.259634630102151,23.012122764871137,0.2544722764193714,0.9183939483171983,0.016671041504488216,0.013808839281255486,0.3950746107094298,-0.006557857605817385,-0.12082942126715511,0.07185878931578751,0.2688721622237282,0.9100381750683939,9.781036965391296
1790485806791203225,6.101000000000372,-3.2243915956183105,-1.362409620203631,0.8087583497323197,0.9168554908116975,0.017777838983719096,0.011460555439527979,0.3986585168769486,0.025302458752158842,0.16066101063703173,0.4975637511825968,-10.822100404088166,0.05477137017388758,-0.21398884452568676,-0.5759953800065734,-6.907832643928862,0.05212329338974254,0.04867620996013825,0.0035743796271874907,0.04001569345765734,-0.038711356024384726,0.06361608423568112,-0.04852824883233734,0.0674148953316558,-0.026716902457575457,0.3596853869712867,-0.056400401823474285,-0.026925999455829134,-0.003746103719074039,0.7601524961511439,-1.841489590912676,3.2681613716737576,-16.045922498566735,-0.35670152095737645,-0.28202812451532483,-2.675591672517707,21.814495832094764,-0.3817703238387975,0.9168683044089693,0.017751413819992814,0.011470890968698773,0.39862992654591,0.04134498312449883,-0.042539174524047645,0.0643787737697978,0.5271222146849968,0.5363771649002248,9.75009504771181
1790485806906281898,6.2010000000004055,-3.2197918772313545,-1.3578453070846286,0.8091754176941393,0.9155175230916054,0.01884120137622813,0.010008512932147549,0.4017119661048186,0.024913633409202718,0.16739426994508366,0.49601578627603404,-10.792141452606172,0.053479655258727936,-0.2145775643089583,-0.5744933736868975,-6.835328558341334,0.04389146151938563,0.049184280990273735,0.0029777502587287554,0.0015004418961741166,0.0009960475710306198,0.056741738122390833,-0.003085081316770301,0.1384214535086292,0.006999080505790226,-0.16340050312857957,-0.01077231994410895,0.0320779493811763,0.017775957729578063,0.6604189327778092,-0.7856081070528176,0.6784569755382108,-14.659168993158325,1.84741275118282,-0.774449613960044,-5.427953946698629,22.102211395048364,-2.9982423509866827,0.9155289387599119,0.018840430640117884,0.010008290147138141,0.4016859900404477,-0.0010539291040331518,0.0010155096290672965,0.05775531040127139,-0.11698619069508935,0.06213921756849719,9.895403014878886
1790485807020630280,6.301000000000439,-3.215691097186094,-1.353833367717735,0.8091705513705132,0.9136171544696141,0.019306732662346116,0.009826432472591289,0.4059980127508138,0.02482994160039045,0.16740798082070565,0.49536815182073923,-10.757490956331884,0.05240966641838457,-0.22152623422860473,-0.5756021861835048,-6.8039373553547495,0.03879007271640284,0.037486638408222195,0.003784071860354189,0.006845026977957408,0.012303867575206927,0.06769763224118032,-0.001969332765943311,-0.004434299883383311,-0.01996649309261358,0.2245843197333663,-0.010141043575844522,0.014051083793420712,0.016509316820113116,0.4242115813994058,-3.088933371503277,4.007774424246148,-14.554749215804785,-0.36998795397221296,-1.1787307266183475,-2.268159941319746,23.200703983537927,-0.5471083918464009,0.9136310230047809,0.019305770843559136,0.0098200759308469,0.4059670025064653,0.005773910793658213,0.010996510761590236,0.07004560644807485,0.15257350049930374,0.37173480392544506,9.653590129762158
1790485807135349757,6.401000000000472,-3.2128429824473765,-1.3493930272324537,0.8089885872840938,0.9120216029930329,0.0169162771542839,0.010037633054872094,0.40967021024711336,0.02965294797665915,0.17334384990780205,0.4991665064376189,-10.759198470935184,0.056552562307466206,-0.22246152215778042,-0.5747394251448315,-6.77660839751107,0.017490406987117825,0.04472517429111726,0.0023447505218190086,-0.03794584035471443,0.015996457104805975,0.11309369109256726,0.02430868343305448,-0.017364779754319618,0.011734544203302789,0.22086431287224312,0.017959609294255136,-0.05909296258100187,0.022091500207861638,0.05863111472418772,-4.399886975821111,2.3803359442014895,-13.878990608355638,0.3134694014862417,-1.7226995022889766,-3.8219912037215917,25.368334247180673,-0.9212160967602873,0.9120445262317919,0.01693628987620104,0.010039067681779692,0.40961831181715563,-0.0432414369752551,0.012987890492941037,0.11172602104751225,0.45003510882468667,-0.3389382051552228,10.044871686701143
1790485807250072005,6.501000000000506,-3.2096403130568367,-1.345482847995661,0.8090882402534619,0.9101018396934885,0.01703704474368139,0.013420437106664006,0.41381671348653476,0.025255624942269465,0.16998560576655072,0.4972082545754105,-10.76130647762167,0.05122096375427422,-0.22474353098013403,-0.5757489368911383,-6.774079953993112,0.036350880543607675,0.03518106334805087,0.0008514385978596445,0.0422897402535332,0.07625938375920771,0.0918057234886728,-0.04972593328584479,-0.07233935258928087,-0.032013392590445736,0.03107353078600773,-0.06170724133811221,-0.07522101730114639,-0.01900333814377466,-0.260054237784734,-1.4138292227548162,4.117510691125439,-16.97195019132542,-0.9306384723746628,-1.273587236682321,-2.6076001433681775,22.175938345210767,0.48063689825027717,0.9101217052042244,0.017032963391649805,0.013377767125517477,0.41377457053447586,0.040280392041197495,0.07642806599261008,0.09392999972566848,-0.16681531793805665,-0.08466108434844435,9.891648035182925
1790485807364219009,6.601000000000539,-3.2068169973593923,-1.3432876509263818,0.8091863244737701,0.9087779741256666,0.017400061070850042,0.014393971937737931,0.4166685075580289,0.024882329184674215,0.17095433331446108,0.49574838592578035,-10.759518078752858,0.049887487323317665,-0.22595216625038841,-0.5760439937243719,-6.753868205350755,0.01765157991179444,0.020635071884636882,0.0027394246297685987,-0.04538169803397594,-0.01318124258749002,0.0812103492600686,0.06859784114155609,-0.02461691732492115,0.001230536243879211,0.3062695556864879,0.0605868990277442,-0.057483685124077644,0.026779771856109993,0.06776872851518595,-2.730164011361306,2.361740764664644,-14.886682989739748,-0.006387412249333729,-0.9007788632821173,-4.501368935627648,24.650728155358546,-0.7181841312749575,0.9087944023329184,0.017417351421360278,0.014410122428028634,0.4166313940756596,-0.045268442808843755,-0.012473112896538125,0.07940214067763218,-0.21478240727705716,0.5315753761642786,9.981555157587936
1790485807482762534,6.7010000000005725,-3.2055387011494747,-1.3408505638511237,0.8091714931180172,0.9074459000674395,0.0162518442722211,0.013653070280138456,0.41963246976428276,0.027837404906718013,0.17259460300128646,0.49734019160990633,-10.748244875029918,0.052356277865934726,-0.22170036167933319,-0.5745536166898969,-6.7097709956921365,0.013186271387652803,0.024082272318857224,0.005176261096314437,-0.009021530074528331,0.0047572197998198874,0.03961447386779495,0.0055824673541837785,0.0737640272819759,-0.009455562495695145,-0.22733252557723577,-0.0023791794729946985,0.09081680336643431,0.036592925313287616,0.5159439455125594,-2.9722661414514846,3.9501883760575467,-15.445952974944753,-0.8848561380674002,-0.26095730043395904,-2.6556766836744243,24.106393809263906,0.1212709540797341,0.9074541708044633,0.01625666525640966,0.01365312658508439,0.41961439543797424,-0.007232615331589909,0.003755118278992743,0.04212996572918148,0.08112501140191004,0.8208607601532992,10.062375968838024
1790485807596704910,6.801000000000606,-3.204307699585575,-1.3381889763188608,0.8092883851258446,0.9058402515587403,0.015703550149133255,0.014206310732949671,0.4230898461368121,0.027508011120713178,0.17341705169221025,0.49744258592168356,-10.749083648817585,0.051222031438832194,-0.2248266880547015,-0.5740418364906844,-6.703842263998934,0.004126875616346478,0.013797005281878045,0.0012839641901705137,0.002885167084294203,-0.03397351492036763,0.07702482928506306,-0.01277979319968087,-0.0400672354424398,-0.01023831576050057,0.3821572162738337,-0.018525735848958613,0.07921129867029696,0.01121013189366008,0.7272350888281346,-3.535053995288887,2.9085687750210965,-15.512412291137826,0.5556507061903231,0.45466557492439336,-3.4128132304951455,24.06890396565799,0.9518748471722365,0.9058563263014427,0.015694509341039765,0.014221692448182001,0.4230552469123959,0.003887598335080992,-0.036268764197524526,0.07673486266482059,0.12197018696516342,0.6172649479157604,9.878596646354822
1790485807711613166,6.901000000000639,-3.20410390587748,-1.3371703634147223,0.8094136310630904,0.9041203720184251,0.01741349181218355,0.012694674366621337,0.42673407228260507,0.02424957843954111,0.1640993431516722,0.49498156336124133,-10.691894608604706,0.04719613154343682,-0.21997030147181396,-0.5737051509125615,-6.642584181353117,0.004010148702030212,0.0006260043689945026,-5.497592827577417e-05,0.023350852998066607,-0.05240569759571902,0.075450457415858,-0.024332089915806057,-0.07433145596425145,-0.02541026696811726,0.5194275295852177,-0.034854418734567356,0.04587063154317822,-0.004933962447655201,0.6436162200563429,-1.6959815993417868,4.939405305751439,-15.961473574276107,-1.3735789018928286,-0.8771060143490995,-1.7438647864112398,22.690481981465506,0.6811963216963769,0.9041363403168329,0.017391275243819112,0.012714039507426061,0.426700568154391,0.025206874863380968,-0.05223163797458471,0.08009886178554335,-0.16944098078776884,0.7935437701282215,9.803460547035705
1790485807827141274,7.001000000000673,-3.204691344398868,-1.3365808826237326,0.8095670559128872,0.9028706429539158,0.017155196392522068,0.009855304298811566,0.4294568363711241,0.02737385118827128,0.16727656203904295,0.4960379715796315,-10.679950212299216,0.049370261991420236,-0.2192627650872552,-0.5715690305661099,-6.607853492993274,-0.020458743367215083,0.008513270556085991,-0.001233321520877943,-0.0783828900044094,-0.05468772468571572,0.0600747297390829,0.07859922695713771,0.06388190629074293,0.05420186850580333,0.0789881242311683,0.0708462602423739,0.026175609820221712,0.0324489255262936,0.3962212774223237,-3.5986298428289434,1.7854279611022335,-12.902332503337734,-0.6473446733254535,-0.5183762216073409,-4.107997781146048,25.288809757003047,-0.5995000885459855,0.9028825994483518,0.017178542134342684,0.009897338584541494,0.4294297986778151,-0.07760470513129109,-0.05415073668252945,0.0617686815535571,-0.2893236618181334,0.7322280379383748,9.605933188406375
1790485807954639253,7.101000000000706,-3.205878131193245,-1.33417804931668,0.8096736497983488,0.9011303412015189,0.01448387376882894,0.010809687016804645,0.4331714166854514,0.029009407775441254,0.17402937200527452,0.49943315076472466,-10.729724484411946,0.050196771434232394,-0.22534514774357803,-0.5698907417271081,-6.647392598812894,-0.010606676139866773,0.028809732600029194,-0.0018632896953903043,-0.03965070443534493,0.0676204772946127,0.10685485019552671,0.014721075478449053,0.10356099201608265,0.05128672393697249,-0.7650983217702749,0.00442570926578902,-0.26328296716435307,-0.015815174562595142,-1.259144069608575,-2.863334750708763,3.3481412092306897,-15.477041070362686,-0.7701211033589421,-0.2828599521636318,-2.639476782331613,22.954085213307735,1.0809136638326078,0.9011535607868386,0.014515807058646897,0.010788581173188198,0.43312256665164245,-0.04049423779723977,0.06430626984392998,0.1083981544928401,0.43079893482181403,0.23081753070880728,9.771660986134695
1790485808070528727,7.2010000000007395,-3.207042581162438,-1.33206514315866,0.809925625382161,0.8993412177472618,0.012655797016878441,0.01301272057227563,0.4368705460042451,0.027299033915646233,0.18212037689358368,0.5009572291057672,-10.79987536649997,0.047723073013378726,-0.23091550751211345,-0.5682317307311154,-6.694217417230755,-0.007260557422657995,0.014052213190077609,0.0005891394268556163,0.015862019837412287,0.046907741217093006,0.06888631882200826,-0.04511771876763399,0.04337298372915217,0.0006477383777552003,-0.5156222336656949,-0.05424981324339399,-0.053139390934553006,-0.004747819757654036,-0.3765691774675944,-1.86202627993308,3.919333442392149,-17.53698567284672,-0.15936390791500105,-0.04568697250065416,-2.3596805500761344,21.16864122349489,1.7420951851998616,0.899356669711932,0.012658462427423125,0.012988598609022463,0.4368393758348828,0.014109217048125304,0.045432458707034724,0.07067355222303408,0.02022481680137983,-0.14650874814593856,9.648527871816617
1790485808187164284,7.301000000000773,-3.2076644391497853,-1.3319970878094782,0.8095098480341388,0.8978476213966016,0.013773804967244369,0.01415871557527099,0.4398630034709084,0.02252626222579148,0.18003749557754145,0.501528526447178,-10.80694564025454,0.04195297260670502,-0.22361193887402347,-0.5705017501254623,-6.65905355991287,-0.0153847300656973,-0.010429459962000754,-0.003862271470400338,0.0026588089372164433,-0.046001672399238275,0.03129671165941969,-0.008703450952453205,-0.01989977250961488,0.015877653938883168,0.25155958024376507,-0.018494724307517894,0.2072027835536415,0.0009385843095750081,1.0706289590814397,-2.223232434422854,1.836042698328631,-16.552460540259432,1.1380102212840624,-0.3618361874321034,-4.386851932249753,22.31553632396546,-0.9408079177845858,0.8978541968298357,0.013762272581751313,0.014178997597407903,0.4398492890929456,0.005302391895550087,-0.04619141849583245,0.03402996826665127,-0.18411513781625172,0.8322453917161008,9.929946107520983
1790485808302150249,7.401000000000806,-3.209017760674673,-1.3325486759537433,0.8092705296775863,0.8964251673855402,0.013880941687752035,0.013136133023310334,0.44278288217235967,0.022666794001637805,0.16919000238669304,0.5017877403719493,-10.765490694942445,0.041224201959588494,-0.21563873248345514,-0.5703615552306888,-6.617339088450773,-0.014063233817327487,-0.00029144889775882743,-0.0056700640555682,-0.035796210975487255,0.0026798508537828076,0.09147110386374814,0.03725571984124991,-0.1256802502299174,0.026033905375034576,0.4099942425067532,0.026314946989181368,-0.10535086159244053,-0.02074294339891291,-0.3808561840128401,-1.3750509095869385,4.231532082870465,-16.40640079086413,-0.6309813548711591,-0.9063484309013189,-2.2492889691194593,21.397129673173204,-0.026537285324359977,0.8964451863819837,0.01389697849094821,0.013143491691840486,0.44274162942684697,-0.03577757412375695,0.0023961265409432808,0.09411969040275893,-0.09492528906927637,0.3836891887040226,9.593691244289829
1790485808417412720,7.50100000000084,-3.2114902148458535,-1.3321973773227949,0.8096238738236257,0.8948613153452691,0.01178663955315802,0.011833362204135002,0.44603169502348883,0.026041771846229862,0.17289627601726806,0.5036788144455766,-10.794067083414976,0.043884915079231895,-0.2186269378622074,-0.5667496713387311,-6.638184105884541,-0.024572764132134297,0.011664017910809149,0.0053386137546544525,-0.034385234112398556,0.035355083559391154,0.06771366093099884,0.0025541543937446084,0.1473121617164535,0.022537189701507792,-0.9370859786534181,-0.0029767581284048787,-0.0008853692920595662,0.040463409456263436,-0.2999387509893001,-2.7913418489315225,2.8537353910552095,-16.122206503417726,0.6948705576193268,0.8337537709451542,-3.7717442718780188,21.901167982372478,-1.0232023831570833,0.8948764223213624,0.01180950865451129,0.011825610755852766,0.44600098565912444,-0.03261528424586478,0.03597720572760847,0.06635915015033822,-0.2595875132936251,0.6772064691303743,9.570568159023205
1790485808532580173,7.601000000000873,-3.213030548785037,-1.3328134153054394,0.8094783906281185,0.8932960944531896,0.012433109263148662,0.012991590667306345,0.4491088108695503,0.021759875502349032,0.17458039338514972,0.5039791307616519,-10.829802311975982,0.038652764664693515,-0.2208217359799268,-0.5682672499469128,-6.656973333406546,-0.02075579037812721,-0.005284043244214895,-0.002866237238697361,-0.0232346303361579,0.018833853976157767,0.06279920003988462,0.01377743367087561,-0.03093899182508159,0.02426754241157865,-0.13203764160083406,0.0031734256467633374,0.0009365402895391058,0.0021230497857578183,-0.18267096872257724,-2.098351109715599,3.3309178039641747,-17.604897300797457,0.18928034702741442,-0.1122080096062854,-4.3116536192749235,23.12506322374405,-1.1540779382232451,0.8933101736514708,0.012447308252025169,0.012988786388608052,0.4490804934487898,-0.023401913380029497,0.022997388985079453,0.06159305042140696,-0.8509483971487275,0.3402706448736146,10.169530741252576
1790485808647153992,7.7010000000009065,-3.215290689210669,-1.333647032707347,0.8093667491424512,0.8919923435190065,0.011044392994692979,0.012678418882830568,0.45173768736013403,0.023884060896120107,0.17526894904826454,0.5061818221531407,-10.855302333593725,0.03977393854331339,-0.22123844582244262,-0.567383050201428,-6.674878841441992,-0.02979002225722447,-0.006313140604660221,-0.0018334065340061517,-0.04545750158229662,-0.0015762400783591451,0.06178972726898992,0.03328979680680174,0.040892621948005595,0.03934306824964376,-0.3202316404192159,0.02319398557820557,-0.04343236469701639,0.012117347084208687,-0.32110533980760075,-4.963550574704735,4.994666787950665,-16.71415933772488,-0.4712236702040578,1.0531584491357704,-2.3989187965992973,23.84400899109484,0.9243311180086587,0.8920060382195037,0.011063919136698228,0.012689730518873515,0.4517098495855957,-0.045078612327066336,-0.00046871161212723466,0.05980904255907979,-0.29270881720332353,0.5258278754280414,10.108938395471373
1790485808762089408,7.80100000000094,-3.217314494450722,-1.3363827715664232,0.8092503662840533,0.8908768282403254,0.013912708859246434,0.01203480236064248,0.45387231350766116,0.01758229614680409,0.17599027449659524,0.5048086362425972,-10.87094659353651,0.03271215687503492,-0.21919577058303816,-0.5694870120469535,-6.658566861835403,-0.00937155829409104,-0.036298693115694836,-0.00705999120188135,0.07096078507291735,-0.020169749321154905,0.015357164978130937,-0.07311151236702522,0.03392952553739761,0.00011237253988201552,-0.32198695919323705,-0.08263827247610979,0.15266323518583097,-0.04329094250609343,0.6350199818504083,-1.5418966427208396,4.272937101143817,-17.932368051605383,-1.1386214267144166,0.5364971059628091,-2.6731827040371297,20.669551167816152,0.8214299857669956,0.8908806849629112,0.013876430534196408,0.012027789995291053,0.45386603982174506,0.07067302798778946,-0.018146901860136958,0.017744983397950435,-0.5201484649616303,0.17726675766886507,9.669104100404939
1790485808876990353,7.901000000000973,-3.220424171920458,-1.338879145937912,0.809100835931179,0.889445709189305,0.013472549066617913,0.010294657724411429,0.45672622089028336,0.019449670549949644,0.1744616687645718,0.5066083277358786,-10.881477049745575,0.03372490221146315,-0.21872994284035457,-0.5688144403116646,-6.665017012401284,-0.024524939499691693,-0.02660101409441125,-0.001455258851047001,0.02795618916738297,-0.0003475806660923368,0.08760355447388006,-0.04536839425226863,-0.04820600618333575,-0.013830474312060548,-0.21527894350179874,-0.054530480751111346,-0.10853772429683708,-0.029336185771487007,-0.5742538860951175,-1.259844913435592,2.01487532728383,-18.719045957634496,0.24084090695922,0.20038897243817133,-5.008669537210537,20.48249377508134,-1.4616226707143432,0.8894659002007869,0.013459585997225387,0.010289018249876495,0.4566874073458143,0.02437454498494252,0.0013662531060345305,0.08340207305079199,-0.3862430083841241,-0.5752056100754884,9.915818115451957
1790485808994537010,8.001000000001005,-3.224026029639749,-1.3422561533148314,0.8091305780038844,0.8880775527947748,0.014166706701881176,0.008895407269822008,0.45938919923390903,0.01807671678817065,0.1761296903853151,0.5069543941012046,-10.914087559799622,0.03155885070096741,-0.2173564306627275,-0.5682067393748703,-6.6724906442051735,-0.03364635910061307,-0.03969515571202008,0.0021559698526755103,0.01975866415558161,-0.022797723836187767,0.05522209799937381,-0.033760329207875694,0.033320268582515994,-0.014039590975729759,-0.5143921444476331,-0.04192548525654443,0.020068079907789506,0.004685498229714629,-0.13106512581778534,-2.0695290868529033,4.117172194994548,-18.945461120605493,-0.5997185076445001,0.5381970721054851,-2.567261711097615,19.094152787989557,-0.11541789990925308,0.8880902751329872,0.014152450956242056,0.00890138303799581,0.4593649276187273,0.014140737893321152,-0.021923357827321063,0.05644231479207291,-0.27905243773334526,-0.9197424947669466,9.618767460566088
1790485809109928041,8.10100000000095,-3.2273271980363574,-1.3446294067284796,0.8093759862136043,0.8868380983456914,0.011650626285739827,0.010478755865942593,0.46181451461084405,0.020395692601354185,0.18319419838891746,0.5086902029639259,-11.011216557244522,0.03303824444958353,-0.22494662886093594,-0.5664500896215974,-6.766589880651529,-0.024878365511201907,-0.022972329669394942,0.004481197887543947,0.01893496874612426,0.0810248050704168,0.02297638893269995,-0.03852687180530669,0.25379688945651463,0.007077423797609705,-1.8953529522407577,-0.04533650411331435,-0.0652175228123562,0.008331492507107772,-1.0335886182825735,-1.7760318559631614,1.7395088272188053,-18.37092101721286,0.575464960216906,1.248226374865852,-4.746009682198148,20.994783200609188,-0.4578870682696019,0.8868439377563082,0.01166081898257472,0.010438589537131155,0.4618039532247595,0.018418900967020584,0.07983520682018934,0.018952793269431587,0.07491048440957039,0.011233363514591765,9.922124150386027
1790485809225736236,8.201000000000894,-3.217901618994128,-1.3526658275357337,0.8053943559974743,0.8851412047972604,0.020785541181534188,0.02345005030214057,0.4642661994897673,0.0055668975553160365,0.21788081418781793,0.5090637784806401,-11.269617732660409,-0.014170150938646287,-0.30416028640966286,-0.6743216112208293,-7.007271087906797,0.25589535698677623,-0.156249424504411,-0.09719795223126496,0.41634642721270576,0.2627698352503328,0.1213827129487967,0.010620363143539514,0.18832750137931065,0.05510576677896609,-2.286905602259615,-1.2183383344887986,-1.657569817207233,-2.8077943958063365,-4.011189707704817,31.363248471704495,3.475638673924254,-44.822755882950005,1.6747986453986063,-10.235200401235934,-2.075912715931263,-6.4844130121339605,-0.9831274705189292,0.8851767612690103,0.020660852186722756,0.023238369062399785,0.4642146149137745,0.4134507599624453,0.2572453725537383,0.11874055520964728,0.9662493440003922,-3.3925733704588175,9.855012866008247
1790485809342208385,8.301000000000839,-3.192180373946585,-1.3685723343668321,0.7976281274699613,0.8853627590729676,0.008674643563392231,0.02712665753506527,0.4640276714342861,0.09152024398943705,0.25335732705036834,0.5246158953872333,-11.475347244709278,-0.06732669369392487,-0.2906880509691297,-0.5638629053694003,-7.260540159150213,0.2672635256415987,-0.18017796472147052,-0.06123477458835368,-0.39276633986414994,0.01860796827025697,0.11310773692002828,1.1664852981117964,0.13396500571000153,0.1156952676475489,-0.44637263190745624,1.0080222775690197,-0.6120591732172744,-0.2871195461177446,-1.031379112419891,-17.415517067384364,2.9859833929465314,-13.265121445485699,2.8411377090811696,8.933065929574557,-1.9221844424961614,32.67113626233189,1.0408731146739958,0.8853875319379065,0.00885129691447553,0.027210037375480597,0.46397218310784466,-0.39309940747857497,0.001531437193677496,0.11456565176416818,3.2221653117614584,1.7218449545822683,11.944338811136664
1790485809461544993,8.401000000000783,-3.1654987328566206,-1.3817872291812896,0.7941361840889629,0.8845672578319193,0.002846845229404087,0.029745828007365086,0.46545445272348,0.08622178804567349,0.2549515136993139,0.5510604019535049,-11.357572463229037,-0.0015717806776104353,-0.29809834403945323,-0.6260348616821984,-7.142507334060142,0.2686402015155059,-0.15504587085993074,-0.005720720915952392,0.11488979157267253,-0.11462151661657745,0.14318383150726932,0.20295770920127174,-0.36814854924027907,-0.17579900249792477,2.201063572970829,0.42281075659299666,0.06657176003946727,-0.2957681376130511,2.1639152209092565,-13.84478449241018,4.625278057236114,-21.1778599761715,3.257161885694761,11.996725034278215,-4.256830662183879,23.82168917998394,1.5905744711493757,0.8845990342095205,0.0027672262304929843,0.02976998888205334,0.4653929940346488,0.11280168788608828,-0.10266215417570239,0.13972855493938835,-2.449889701767001,-0.5847532785771935,10.080232392165756
1790485809577057032,8.501000000000728,-3.1340185784188925,-1.400740110389986,0.792547597410771,0.8839226561741969,0.010982584836749519,0.02186036490821004,0.46699276780088955,0.14209614194365391,0.2126278744148749,0.5224945101320985,-11.097843729807604,0.058310558917699366,-0.2782350418410912,-0.6510963428147225,-6.841513700619413,0.32457839697213736,-0.19924968455983916,-0.022363838385391806,-0.141858639611083,-0.3115903349402487,0.021129547940866862,0.8953130426266327,-0.31825580970012435,-0.26178350268792056,2.771366509525915,0.9440833031531131,0.1381020857456415,-0.10373348985967971,2.918011080311842,-14.393787054821184,1.4388961977300132,-9.487374624952416,0.07506076856010169,8.211214898548128,-4.721676552338993,29.57873407745221,0.008717710233178133,0.8839233921205794,0.010972294541757252,0.02203131497201367,0.4669835829824649,-0.13703470214577848,-0.3127573113397885,0.019456287900055512,0.22021662923394056,1.5730551145668261,9.635689528107253
1790485809694397241,8.601000000000672,-3.1051962333901373,-1.414478950836535,0.7892910312820628,0.8850716416074667,0.01797672414482503,0.014528880531415933,0.4648805634157966,0.030438701978724395,0.2200054031740576,0.5872254239800142,-10.824913203837498,0.11030625165401553,-0.25709340694501226,-0.6666758478955067,-6.560745641351888,0.31870000696287104,-0.14693586335713651,-0.016792704816096158,0.21742563128936068,-0.1748061515846501,0.13523598672569404,-0.1684012181817527,-0.13587158887861628,-0.11585303423688165,1.8420669123257976,0.13759074843604518,-0.07083717796605325,-0.364023224023009,2.3376180626404524,34.22594781236581,3.938305239281432,-38.492844507782934,0.271090672178776,-18.129262552673946,-2.5430312212082424,-4.262850221453034,-1.7061205256706595,0.8851037496955201,0.017838890894314646,0.014556915415538942,0.4648238617585972,0.21662408375786463,-0.1717846804923807,0.12747376182608952,-0.5778287411175271,-3.3351729665030576,8.544710452884095
1790485809811248135,8.701000000000617,-3.062257885027517,-1.437157936330779,0.7809333506689597,0.8824030623921428,0.024204486788121832,0.007611784572975266,0.4698095774203704,0.1693194026395655,0.19550709263271634,0.5447333714166768,-10.705246208821093,-0.012785312300238785,-0.2918892003976989,-0.7473272978955039,-6.5671778378679475,0.4363037539723371,-0.23300979518647905,-0.1487060808692132,-0.5120165998502582,-0.16372111077001178,0.013347843983443533,2.591053131304141,-0.025954939813219904,-0.3896271168871358,0.2311063260372343,-1.7572532149669557,1.1893989087716914,3.0183651465281063,-3.7592614951972143,-16.314398650086794,5.472913027448446,4.7899059796760515,-2.3924377188352675,7.231913602071466,-0.2929000167626259,39.69007415413547,-1.9786761371670178,0.8823993463175642,0.02439187874550459,0.007804454990362987,0.469803704063627,-0.48248196826639034,-0.15815907033176083,0.029633379491430533,-0.7135224954405527,8.758629765069736,8.282971741278862
1790485809928763443,8.801000000000561,-3.0315430221429285,-1.4477554504513528,0.7737184408908595,0.8846397409315531,0.008456188030034837,0.0010794946318128265,0.4661972290135303,0.1041827341681875,0.2538316850219478,0.6562228079942812,-10.733808210966773,0.03203568373275589,-0.2887923900854072,-0.7110352871156232,-6.65258704034934,0.3219681874351243,-0.07711855963358559,0.014251632297342196,0.2746562517996519,0.24259455368507807,-0.028933602896029312,-1.7852280248708357,0.511804356098667,0.5809852997094802,-0.8096992734190037,0.18673908371974637,0.17125274227049034,-0.3246452893881465,0.8797364297390843,0.4791709969000566,4.680611258837063,-21.837432375429053,0.41585440502147925,-1.8264368788044985,-4.496801328899159,26.417097927386898,-2.001145246768041,0.8846342738188954,0.008391266041036459,0.0009080458972296934,0.46620914157896076,0.2805912336127853,0.25671256388064795,-0.026276561614649217,-2.537377988371916,1.276404943354438,10.692753442357358
1790485810047267099,8.901000000000506,-2.997458983883493,-1.461693375464662,0.7749666689129178,0.8828424317087256,0.012546815052581378,0.005260478130376485,0.4694721989388723,0.14007050256153,0.271623526538665,0.6228886575750725,-10.849471624987281,0.07591208820336602,-0.32778230384776436,-0.7266071126177017,-6.715387775046605,0.39732953880696203,-0.18781137418331711,-0.05679608827193023,-0.06656976406740157,-0.002001365099011043,0.05820780164078959,1.6926528343090954,0.06539583970565635,-0.6964595078050643,-1.649427939923677,0.3616290722902172,-0.5693323073783416,-0.30191856069104495,-0.2626756612811849,21.932034152770044,2.2275894167806123,-23.72256307392061,1.5803469665209815,-15.781877758890413,-3.380165098679436,13.843111634983208,-0.30165891923733723,0.8828556714343242,0.012575577453424748,0.005277353058262501,0.4694463417821677,-0.05365784237746283,-0.006372751223651836,0.05146688760561127,0.6860432044243412,0.7516090088645895,8.865844701944768
1790485810164328551,9.00100000000045,-2.965699248782389,-1.4720380313312533,0.7731693230003409,0.8839698457506462,0.0043083776521417325,0.007413787450154271,0.4674652772572841,0.11610521497982612,0.300240713233536,0.6786281226523121,-10.86003790985679,0.14259483087646435,-0.33675256054968694,-0.7265896561954619,-6.735643170152183,0.26469368374815405,-0.0483053954978738,0.027849894644977512,0.31422806944938914,0.17320270604990368,-0.17401910521506778,-3.669874803609372,0.14642547808922535,0.758707256433918,0.15577234704638326,-0.008408960392801377,0.32748504232479997,0.01426664633311571,0.9663955922456645,-7.13415358436211,1.7790381209710557,-1.8431195753249006,0.1084436680905779,-9.255124868745911,-5.31343811676139,40.8127692897836,2.0635055425002147,0.8839304731856608,0.00421062169394006,0.007263414093291211,0.4675429734841858,0.3100686988576329,0.17858565752866223,-0.17027294362885387,-1.0147874389994611,1.2076758357094266,9.749263668918417
1790485810282939527,9.101000000000395,-2.9325298591549775,-1.4832641456988571,0.7702082869772227,0.883807252765425,0.008903415207768292,0.013518675714184756,0.467571079691426,0.08128994784883413,0.2811781793479277,0.6710176444601083,-10.763448561224962,0.026718442753949103,-0.3505196822532107,-0.8019195402000765,-6.679273782000278,0.4224057777354499,-0.1853368200507646,-0.05822551249752481,-0.14701977827436966,-0.01742861986161685,-0.0127635194587927,1.2530523369074287,-0.0892445031581604,-0.06977546565146703,0.9912730640705469,-2.1726551062801294,-0.22044918549191617,-0.6488104606475545,-0.7170777806411365,23.458483634401297,5.727719766119859,-43.366507887055555,-0.07476289006750003,-6.026069994448019,-1.6389108202565053,-3.257983151813469,0.44579759432724014,0.8838034941046752,0.008964395469943693,0.013560691725926992,0.46757580247713976,-0.1454516163488123,-0.010699652694646391,-0.010609091791733284,-1.3134827019430113,-2.886068021344833,8.960794105820234
1790485810401440383,9.20100000000034,-2.8944664263214075,-1.4980768486563238,0.7671874668732598,0.8840259667612875,-0.0036746297376629355,0.0050964821851276106,0.4673955637973044,0.12286538623822363,0.3005755453859072,0.6947910499957988,-10.697434976025987,0.007485877783938244,-0.3258913708431653,-0.7204710433434338,-6.668985710848318,0.339843967404316,-0.07882901796526512,0.01481574931761165,0.07132458951913623,0.10026971763706687,-0.0023500671409986996,-1.7226460441044764,0.43502532622803697,0.8835430023531436,1.5585892110238002,0.5166058501695269,-0.1509262555561713,-0.4329001603473271,0.8592181840396409,-14.920354946823457,1.8007827653441841,-6.351859888517806,0.07692164633822807,-0.9861786014573973,-5.3770686967789425,41.45879026557523,1.2501362244856118,0.8840255403477321,-0.003682717326161208,0.005035497577929067,0.4673969676518451,0.05844651044054865,0.09820224769588407,-0.013512595550433644,0.35814148092609976,-1.2406506765801044,11.315082906179331
1790485810520851450,9.301000000000284,-2.8554192259527515,-1.5119844047738265,0.7704037805320857,0.8820709808811853,0.008060015022023526,0.009610101184631398,0.4709495374245203,0.10729096662348077,0.28300685175115314,0.663956294489285,-10.571883283683082,0.03942885155729236,-0.3325526161857086,-0.7424964136555278,-6.526408390534206,0.44503106299659895,-0.2065877776123424,-0.04160615990339329,0.1010797073090117,-0.17841458196481186,0.08843020911182982,1.2494242485360334,-0.4170424442020316,-0.787094362387363,1.5893424664163758,0.09078113787351538,-0.40258634263460824,-0.4644323223502947,1.7154893500343265,27.99577136253799,3.3992169210663343,-34.476252405861025,0.8772404832529938,-12.98702793488585,-1.4089511004271755,-5.784412945840702,0.26755692448540025,0.8820913485265931,0.007972998189623102,0.009665342940976552,0.4709117383334569,0.10750993248217096,-0.16871382885474007,0.08513565711951972,-1.79810421708963,-2.3583478028424536,5.666158945292675
1790485810640474614,9.401000000000229,-2.815976723174544,-1.5267976444507503,0.768313345172955,0.8827661964039145,0.004308310348112237,0.0025414775391660914,0.46978593193115886,0.13325011569046344,0.27839300023166275,0.6865669235729218,-10.444237214406629,0.1072459384011458,-0.3254198526611059,-0.74546721883513,-6.333386846252457,0.32083907019786706,-0.07787508884997457,0.028250859594486193,0.2097876530319537,-0.013331785121981122,-0.15460489177149664,-3.0282706712228826,0.05267686467741883,0.8358423284663382,0.5201577753243315,0.2762315629229822,0.39283950551826385,0.03681010915613651,2.3106147939418498,-12.195214584919452,-0.1115815588985224,1.4031043376455874,-0.6694907054512436,-7.991066849296158,-5.992045948608521,43.25925552892476,1.6705898198259501,0.8827303082627936,0.004212778507334747,0.0024977512553091205,0.4698544632225897,0.1944110541545553,-0.015747899256661334,-0.1528990931464387,0.36500911257951685,-0.02923456155612246,10.000665820680672
1790485810758980771,9.501000000000174,-2.7765009579041324,-1.541151561413835,0.7683695622862632,0.8812295324824009,0.01717159567257209,0.004890391538755626,0.4723512797204043,0.10839044860839404,0.2565383022272148,0.6589037413696017,-10.363302754022882,0.0666551869192819,-0.3248279837299205,-0.7921315177581286,-6.218880183452325,0.4822468550628358,-0.21998609713662082,-0.07315286222928263,0.013107375498370696,-0.13142869672224947,0.16813820428266693,2.1099248549129723,-0.481632629541068,-0.5370264266982895,1.6254024953393795,-1.5868058086492396,-0.47534292110647297,-1.0318509054154528,-1.5510293459460116,31.86651741742994,4.866306641718662,-38.06682354635556,0.0705594196543764,-13.495047638707042,-0.7630822059134365,-6.457407709129525,-0.8520025503851485,0.8812690287629301,0.017134368883955028,0.0049466488930214395,0.4722783533160487,0.023732903939785395,-0.13104381261899592,0.16873530792644736,-0.241047376995256,-1.0891559102859516,7.332845743529832
1790485810877047382,9.601000000000118,-2.748233215535352,-1.5495687689214857,0.7650273844075882,0.8813635155536985,0.004362694391336554,-0.0051418418329388415,0.47239060300882196,0.18041109737197544,0.2633548940915364,0.7348951656943621,-10.187417027893167,0.050774456963050024,-0.2859672783108643,-0.7387573971842281,-6.139346729080247,0.15458284898391128,0.02860253236309957,0.11729352045485598,-0.11741450954271566,0.1393466794410437,-0.10377574368865955,-2.0143015365390773,-0.553260417205341,-0.2855846136668614,0.2740826509794391,0.3750032034901439,0.6303009644654164,0.3083127360231172,1.6694565438686584,-5.039392414447153,-0.02203840095842524,-2.3977155069884017,-0.6269282650153238,-11.785790831579698,-7.697743140228993,45.197230836802376,-2.218666822883426,0.881338384995039,0.004447083031389738,-0.005175742959695392,0.4724363303892534,-0.12208784089657813,0.14151709957854366,-0.10576979298886989,-0.3983323697162752,1.9969901251878737,11.335021236519529
1790485810995765216,9.701000000000063,-2.7407191732869833,-1.5477910130547028,0.7763779348755536,0.8820557638116863,0.004876719493772016,-0.009687576299003877,0.4710201672954288,0.07012280769935482,0.2451116087901569,0.664109957379726,-10.238757228270842,0.06350623357324427,-0.2629458105981595,-0.695368328604298,-6.057742692437475,0.04022135532534034,0.02757286280308151,0.10449530234889433,0.08125260386391508,-0.07602178059155126,0.10208702249777261,-0.12123057682395974,-0.02312553281738764,-0.35732587163855895,-0.05598489349350537,-0.11539579482045335,-0.11885756191677554,0.3786792268740296,-0.4591703769967596,-4.112226302456958,2.2011513410119687,-10.87292244426703,0.39482804092399876,-2.9840497343038024,-4.498586385604715,29.40840789758642,-1.866891843209384,0.8820803701771532,0.004823475408144282,-0.009672935429177739,0.470974934527632,0.08309238610863837,-0.07501391627289454,0.10111388323455711,-0.30001427751716203,1.3142922281069032,9.697535780418297
1790485811116720506,9.801000000000007,-2.7378481994838424,-1.544344262307787,0.7864073165310441,0.8804439684856815,0.012141107845141776,-0.00558932062004697,0.473961782586405,0.04461023668021313,0.2376964089261996,0.6180371174999577,-10.29540403032692,0.03719604187397856,-0.2655135827228405,-0.6607687684195318,-6.111065385815445,0.026447604160340643,0.05119581386646892,0.08737326922463758,0.15249573247799503,0.12500057699401076,0.07861295960263827,-0.2408068042493964,-0.09185005493987716,-0.4142337246339087,-1.0585562877834318,-0.25670657182697687,-0.09874178459464415,0.2888465292195415,-1.3360063349207698,0.9744522707488253,2.83038728879461,-17.875900827238087,-0.7177006158739091,-0.7563173754493782,-3.4051673949318673,20.56097693940377,-1.2480595452089878,0.8804631696951845,0.012103818247553093,-0.005680009940821357,0.4739259877672996,0.15731644590600627,0.12449986465316083,0.07830850417127319,0.15666811578428383,0.986434642702296,9.47346130281343
1790485811234552881,9.900999999999952,-2.7360183552689255,-1.5399642578541974,0.7937088927322017,0.8787398921660696,0.014104550010771677,0.002343094309754861,0.47708675677911416,0.026592624708501232,0.23224622368120082,0.583790565941585,-10.404407948789054,0.017635637003206864,-0.27170288321093683,-0.6345503073013099,-6.229989122408678,0.009867284268187332,0.03311275186726454,0.05667692627352825,0.07481266818331235,0.10388802789255146,0.03358371187973162,-0.127141555628407,-0.06730359832092782,-0.2715340202368132,-0.8286713347877197,-0.14095458583661896,0.10708161287315336,0.2321539927160486,-0.45639253886969444,-0.9985199667176541,4.989817032974819,-19.35118730806382,-1.1595874435680542,0.6560734030133042,-1.507700560335551,19.929046457900647,1.3850566209973472,0.878748550723219,0.014096421998152597,0.0022798398024136495,0.4770713550604013,0.07491395442750104,0.1045653676104957,0.03800582448382525,-0.1693432778349686,0.20793723131309794,9.545371937204203
1790485811356579509,10.000999999999896,-2.7356200969971347,-1.535879682933853,0.7983635891906989,0.8775383002923602,0.01188424034214069,0.008530330412722916,0.4792833502371382,0.020348727541074908,0.22208822967997532,0.5628190290378805,-10.473111168410023,0.010090608708286167,-0.2653648285706832,-0.6135695572449142,-6.302050775083703,0.002474120936724311,0.025844016007981547,0.032300177215224234,0.03755179205163881,0.07329866344209161,0.035133814649271816,-0.0731751368447491,-0.04757941519317275,-0.15621766577162086,-0.5051984413072947,-0.08557482848041417,0.06102677851868167,0.13958536180724346,-0.30703507382256084,-0.87944830577359,4.355174432547293,-19.742827793903743,0.5157111100159826,1.3812197949627738,-2.408391537835084,19.563870909851733,1.5768555925219372,0.8775472547072964,0.011885179325313005,0.008489379006920325,0.479267658737964,0.039040979709968275,0.07553009261361963,0.0367865116827534,-0.6249590687825962,0.43698444219912813,9.381443707322417
1790485811476100284,10.100999999999841,-2.7362423801191387,-1.534568467427478,0.8007149581470392,0.8761654406639721,0.012312694960314233,0.009913374937694626,0.4817512253500412,0.015524516946575211,0.20381061913485685,0.5501781325228731,-10.440243166779617,0.003884443512907206,-0.24601632229766954,-0.6018079641930675,-6.249381091789059,-0.0083562733973415,0.0013830743893413445,0.018123189723788454,0.028263254026170435,-0.020200467519400207,0.06420543219724836,-0.04969347328099183,-0.2166426358243535,-0.1159290313419157,0.6531838122446141,-0.06421337440222583,0.2356525239774132,0.09307697272475893,0.9353397970581904,0.406249501642995,2.1822272030579426,-19.3495041302543,0.14267501515950753,1.031668514536536,-4.178661620331936,20.10139959151167,-0.9713880362701841,0.8761809794741363,0.012295129262655542,0.009915811749174134,0.48172336219194567,0.032532810228349605,-0.021838805210340078,0.061459256685020655,0.2750628293911129,0.963133909455187,9.89482179014856
1790485811596056525,10.200999999999786,-2.7378497535503525,-1.5341701085761439,0.8023798927989694,0.8750400829179515,0.012189547115054164,0.008270395470506156,0.48382627955376417,0.01577708294249424,0.1900397754083841,0.5423579474148241,-10.394256500573151,0.0028292861093667104,-0.23660982434439098,-0.5922389285403632,-6.215660409012536,-0.03457311564321891,0.00939374480792665,0.013749092451841274,-0.07811344386555137,-0.03101426335659445,0.044092351363267265,0.053103120134991494,-0.09709444599690775,-0.029091532945089843,0.39120651213509144,0.04388883414975478,0.12292641963338807,0.11375010208346084,0.41305870807996536,-3.9084217919567124,5.20319340138491,-17.978928236335243,-1.90317738517216,1.21725990515183,-1.871874823658193,21.599581339442274,2.0416984806615552,0.8750501441179768,0.012216038210099802,0.00830313022433276,0.48380685373197896,-0.08370809365357125,-0.02848766056452293,0.048700714672343014,-0.6451948716918401,-0.5433991292916185,9.71259462804794
1790485811714413094,10.30099999999973,-2.7400894185456273,-1.5338938910843962,0.8037222855718869,0.879234520871945,0.012264379743943147,0.008398194099945067,0.4761572351990857,0.012653954469542827,0.18227503066731324,0.5359829804991673,-10.361611086591296,-0.0020721968772651365,-0.22801557102813436,-0.5846761314639399,-6.232559676949727,-0.02725394216529252,0.014853491233060784,0.0020886563098557495,-0.027574273934711034,0.05995614152833595,-0.7340623742948978,0.013695372221380417,-0.06375786755413014,0.0033423547452329193,0.7842172760033603,-0.020793804024428014,-0.008516083787847534,0.029364510346712336,-1.5615539978556932,2.209519059839462,9.851772823374702,-23.429495702813607,0.6122231891620161,-2.3490692900190258,2.972203884852546,13.395819151938582,-1.7935774112436622,0.879059779291254,0.012293857711728258,0.00837389921073242,0.4764794259010396,-0.03342000495265869,0.06329331846196977,-0.7221478569410754,-0.7073903355549831,-0.9458734222461099,9.170782094178186
1790485811833558093,10.400999999999675,-2.7429331065160913,-1.5337450667945007,0.8034141337677927,0.9025511637653507,0.010360918139475725,0.00938848985152513,0.43035555581335955,0.01525007828305953,0.19335106357508025,0.540407031494143,-10.301515587274093,-0.0033475368722470623,-0.2317016529310082,-0.5843292294319844,-6.4153685696211475,-0.023685970298824695,-0.013520575268113375,-0.00523710910158805,0.023747127462343604,-0.004531566150387888,-1.1767154171003147,-0.01615761371547377,0.1621820031638416,0.036426628465185205,0.6112131062992785,-0.05309904080178066,-0.04634465793541506,-0.02547155145270603,-1.8998808113764527,1.9746148161786958,2.8824201426199103,-22.062943704589735,0.4312394766088141,0.3420559324580801,-3.4287959980918163,17.11450773289323,-0.4844675437594055,0.9022979062383673,0.010354748545059786,0.009379327431363023,0.4308866391492801,0.023299839224713403,-0.006527991139524826,-1.1789214437572677,0.20699306414070984,-0.2247117896961509,9.806847302475983
1790485811951239029,10.50099999999962,-2.744903520781565,-1.535233851447831,0.802962652777535,0.926337922516232,0.009498009804674933,0.010556619970147296,0.3764258212355634,0.017729896486756828,0.20343384550587637,0.5439001432811741,-10.223918329011575,-0.0042320685825117076,-0.23731817412755157,-0.5856195692224021,-6.6231033038154585,-0.021426725419481762,-0.01853187530439098,-0.0005316774448407812,9.453304413978379e-05,-0.0050703617411141325,-1.1498137427384316,0.022812061829616335,0.0007711551635667469,0.008551261472754729,1.1960544650591942,-0.00579618988440724,-0.15875189807653117,-0.0019311140568927193,-2.424310067415945,-1.2494792894772446,4.09510667228464,-17.95477908211761,0.04305016672424811,0.6964100729339985,-2.1582879193107987,20.781711814229393,0.27006547606026743,0.9261213333343516,0.00950307921578015,0.010553488396450242,0.37695834161229036,0.002659583796002606,-0.006554188997894554,-1.147423519443179,0.14934436758999192,0.961440210681895,9.623183299048268
1790485812070522267,10.600999999999564,-2.7475442847738534,-1.5366639360794065,0.8026890658151783,0.9468638432258951,0.008831830017662474,0.010757693699133776,0.32133336769825743,0.0196197882005433,0.20303634784179458,0.5459798511560622,-10.096218854261657,-0.005411583191503687,-0.23933260240315385,-0.5853221405152784,-6.811057233195707,-0.024796376845987865,-0.01774330430295346,0.0006688318153452747,0.013003678797165819,-0.012939541303042318,-1.177606272594316,0.008061155982115488,-0.039297602407829126,-0.006050792496077584,1.4001608861819128,-0.02517612898154596,0.036067590289078647,0.015531078201128689,-1.650546825292316,0.4199198941373417,2.426090316762086,-19.330481020793,0.46079046659990053,0.29041264183719323,-3.8887270731887553,19.457276248697287,-0.7167041121112272,0.9466744647919341,0.008829927340407837,0.010756528358700857,0.32189095543636836,0.014025672244336559,-0.014242736375884127,-1.180001091483221,0.1700667763644204,0.3893582280803506,9.679642789787732
1790485812191844803,10.700999999999508,-2.749847566704681,-1.5386262324173878,0.8026853144302603,0.9641663324499974,0.009091088207611947,0.010470548328308018,0.264935847145734,0.021386549367181727,0.20241055816564824,0.5459147523348049,-9.96339028097353,-0.006839875938545802,-0.23646086755209458,-0.5843226962488282,-6.973202632582796,-0.01881936486329307,-0.012858988084964941,0.002014583679490823,-0.0039598050258903335,0.0018574661590557541,-1.1487657623538352,0.03665023580155052,-0.025364253574065573,-0.005333933355531491,1.2771036204524635,0.007418229719896394,-0.015258112146777738,0.02092695876394826,-1.8856828401513794,-0.3967368444969082,2.8902607314757343,-19.578635651523147,0.211255332985133,0.538856238786878,-3.853564169145913,18.689081702838553,-0.646419396498407,0.9640139905189274,0.009099255821240744,0.01046495392993614,0.2654895748735117,-0.006497684175927731,0.003632919011280756,-1.1507385827021934,-0.3862550255085532,-0.32934990515039175,9.456884858038855
1790485812310937164,10.800999999999453,-2.751790192787648,-1.5399969002379563,0.8028089439579319,0.9777283109890375,0.009313644566691405,0.010361784640578988,0.20941165042679,0.022676321115181367,0.20350068958442716,0.5455520167726077,-9.839649803884532,-0.008503676591851705,-0.24011429940055237,-0.5831594877244752,-7.15639071280454,-0.038623616464711394,-0.018804477904830807,0.004964204865168268,0.030910095546343823,-0.11216773235351524,-1.1384048033911824,-0.01859339459076476,-0.01963337483298349,-0.025110780012323128,1.7780608574878245,-0.0482492501428778,-0.01666017566390519,0.022435460180199568,-1.3145449256691701,-1.5006881831446037,3.13575428954991,-18.918609371240358,0.8532588759893641,1.3129619827925778,-2.532264049397607,21.383753080806642,0.5148152756588343,0.9776085161528699,0.009292685543274164,0.01040807990978828,0.20996882390814534,0.03351132677357806,-0.11862705456076829,-1.1381212367826212,0.9622121022974666,0.9410434405775256,10.083671352006808
1790485812429287762,10.900999999999398,-2.754081121438339,-1.5409514413185028,0.8032149308029485,0.9881811103607595,0.010416419651305584,0.009947992345575469,0.1526126756731483,0.02157306777666237,0.19443549475442698,0.5421998784602978,-9.674212921773004,-0.012736516441608498,-0.23156698880332263,-0.5806327439025419,-7.28889068211953,-0.019532119851720695,-0.016716953795977093,0.002697450342654402,0.05220778733753632,-0.038316160565417964,-1.1850220071482747,-0.022781325927223237,0.14246455352696646,-0.015764826165984257,0.8210135549206914,-0.05475491736521121,0.07980671576481005,0.006758875066496104,-1.2359107388582546,-0.471495403442852,3.240764314838543,-21.43910182999837,0.3224895671059995,1.1041818314546163,-3.938248542951578,20.07429315197459,-0.04543586306141223,0.9880905930230732,0.010393592973147273,0.009956766618354847,0.1531986161912972,0.05084483776708615,-0.03726099146136752,-1.1889528883864915,-0.3859745844557929,-0.24412137693440894,10.219408329324125
1790485812547754229,11.000999999999342,-2.7560800864883785,-1.5420262123831483,0.8036607639815571,0.9951549215302407,0.010801922572708783,0.008995212019516068,0.09730923277673444,0.02341051636057363,0.19704559820912187,0.5403928636324514,-9.551858044334496,-0.01334436804893256,-0.23142929593571757,-0.5783750771923178,-7.441199056722343,-0.012621056049807036,-0.00758079874319924,0.002138031046569163,0.017708185527599393,0.011931257603939005,-1.0452874414973508,0.008082541933660467,-0.1375409726066622,-0.02838167804113794,1.5866869750456012,-0.012848130940485897,0.031880311325125046,0.014350510616833649,-1.4649225563685337,-3.2320897980319985,-5.543601175480433,-13.326667187584825,-4.238775912068089,5.2342351888246395,-14.108451704590646,27.00559276729679,4.674152438386293,0.995104076803179,0.010798391704797456,0.008982766924179346,0.09782934613226812,0.02354634845534692,0.022910456077712565,-1.064358312284484,-2.174358058000484,1.1033049531638093,9.547748157198043
1790485812668943047,11.100999999999287,-2.758964833528573,-1.5425395256984615,0.8047729786236736,0.9967604884549458,0.010998280487801784,0.005585656078275952,0.07947557440839699,0.024048361843294272,0.1995325560583173,0.535874215529004,-9.512774600893987,-0.01327093859710484,-0.22640951209394622,-0.5727426008331529,-7.455728039266846,-0.013671689223700155,-0.00913658234641844,0.011091018938326275,0.04935247110730757,-0.0018991677741022526,-0.017785333789159332,-0.05801192358734497,-0.05538181570860981,-0.07817131471800332,-0.05630142254149517,-0.061445546054748064,0.039131870968441736,0.03217941133281398,-0.04199997917855298,-3.393890622816867,3.0092384283007743,-18.38353716822344,0.10444620630401175,2.5148693884977926,-3.6476070492031334,19.968191528707546,-0.1997245036758755,0.9967600474539144,0.010973658390066596,0.005584543622011538,0.07948458651677323,0.04691055798266423,-0.0008301227735156421,-0.01889785434628762,-0.30782149249750596,-0.15838653521197935,9.529985145682996
1790485812788647700,11.200999999999231,-2.761742485634656,-1.5436201513396914,0.8060208294537347,0.9966243518918162,0.014408337329691765,0.0028872900995463393,0.08077106281021103,0.015968012444914696,0.19410009128922417,0.5268768127631884,-9.501380923887623,-0.0217785193552972,-0.22384945103367554,-0.569358865754784,-7.435594975558057,-0.029911962262768807,-0.009533227445478019,0.011411073155361325,0.03676343878096878,-0.050390080103438546,0.06917986263070129,-0.041892645456878846,-0.12385033550325394,-0.0847217255465166,0.3126413729872437,-0.04851449458276573,0.03620374731993137,0.04031549043792103,0.21030155194952924,-2.97180615411522,4.694507629185763,-18.46252729604627,-0.8847395731551514,2.3140167042667317,-2.070823482986315,19.83133196111749,0.7148807477297642,0.9966273367810448,0.01438788274356935,0.0029114137592557354,0.0807370056467348,0.0361722897636234,-0.048743508163895166,0.07294715553953095,-0.410602185636314,0.29104485244932504,9.533452360089004
1790485812914938702,11.300999999999176,-2.76544670683113,-1.5430800239121516,0.8069274915760163,0.9964270773581817,0.01362273669123804,-4.664407053860476e-05,0.08335165491341257,0.017029772328717684,0.191301929777752,0.5236607755437982,-9.496448713747899,-0.021107473908536106,-0.2207942130854693,-0.5637234932923078,-7.4226301861773125,-0.03564770272542378,0.0032857057500083595,0.012853344803109828,0.02445899957728914,-0.025606929225830327,0.07958212480379878,-0.05240394853786002,-0.09056464941055224,-0.07721047543973193,-0.012515540697586702,-0.055630565560840825,0.026403772237064478,0.054614728371939855,-0.036537971375670886,-2.76823836794742,1.9783549831418021,-20.04310515283072,0.4374165812027515,2.5586772108626383,-3.714640082212928,17.5672771288667,-1.4855277109750673,0.9964305602605233,0.013609485539643364,-3.436363755432449e-05,0.08331217979015298,0.017980407228838674,-0.03014503276940614,0.07599865737003307,0.8049794080509116,-1.175016307327498,9.718778802161678
1790485813033925374,11.40099999999912,-2.7690259556963714,-1.5415470854517144,0.8076648648146549,0.9961338929751349,0.01186059770554985,3.6815555565155674e-05,0.08704362201151787,0.018360721603525886,0.18700570095058366,0.5221604233644314,-9.520309224955053,-0.02005992812265272,-0.22213152763500135,-0.5585991557849216,-7.46095996711689,-0.040664067919629544,0.01767849137978611,0.004771009887782129,-0.011538814239977116,0.01226161298774922,0.06121389331730019,-0.026620995347436574,-0.02370177939614712,-0.01086858307138997,-0.3742626283698019,-0.02939604193141898,0.0039289024753259745,0.03389625535649746,-0.3546728838231988,-2.465137366728992,2.27116455008918,-19.18055240319434,-0.7906027151081594,4.332894122592402,-3.8741900978690427,19.124310621744115,0.09621288124456143,0.9961364884098414,0.011866877322339008,3.1573658181563034e-05,0.08701306042330736,-0.0075831658241309685,0.009836665276239186,0.059517826940104095,0.37742228771051245,0.7688873184075924,9.786865602253688
1790485813151828497,11.500999999999065,-2.7738820971214806,-1.5403537139148475,0.8080646101510573,0.9959408342137981,0.01149740086224642,-0.00032692850423423194,0.08927237891245791,0.015958976910726144,0.19428273483267222,0.5225014315413478,-9.588640921661334,-0.022717236664216482,-0.21914358781141202,-0.5554412645407952,-7.482400005349992,-0.05031381801569103,0.011468270222608679,-0.0025650991953256003,-0.024273766063655538,0.014470113907320422,0.05308417433738125,0.0002345161161035358,0.02240434818872715,0.034070389919177844,-0.53877068188865,-0.0016468562311508696,0.030687772469936845,0.008136544881852559,-0.2847209239197548,-4.9382335102669375,4.16192263743652,-18.10729571506147,-1.001974341138805,3.9770807533925434,-2.3598627664736083,19.08058210607254,0.9480807912445454,0.9959430613308736,0.011510143042569065,-0.00033274553930684214,0.08924586530721128,-0.0270801722749267,0.015717708399150876,0.05582544328930373,-0.3305563940278095,-0.27697568633653263,9.312271621147449
1790485813270077137,11.60099999999901,-2.7782105940159343,-1.5408120626442479,0.8079307888890469,0.9956205548739651,0.011789033630698042,0.002112729763970285,0.0927160491579299,0.01419001599987121,0.19645072077402098,0.5231632215747464,-9.669980030268352,-0.02497214155900109,-0.2237068758372544,-0.5567248577303989,-7.55460178991272,-0.03792520972873938,0.002717165903866795,0.0032175690476645333,-0.053237008601012825,0.09347376839839108,0.08227415692834503,0.06327012762606879,-0.02654521277835141,0.01040114804166327,-0.8417741941214151,0.059119765885326574,-0.1142533118196702,0.0250954040509808,-1.318412560433214,-2.7877157845419607,3.674097748452031,-18.800527841419672,0.12624011868241164,2.915451581250652,-3.1117548074201107,19.88921384946681,-0.8500118165164863,0.9956241515947853,0.011819781881391768,0.002069150485535242,0.09267448480411129,-0.05099248843559043,0.09491236215819514,0.08261966781194653,-0.28383401321467905,0.7082067419789474,9.724797745184441
1790485813390939878,11.700999999998954,-2.781329791401533,-1.5420130638849543,0.8081779538353855,0.9953883920985633,0.012012220266014985,0.007592012352113446,0.09486841828639536,0.013367507329740512,0.2047569433824582,0.5218738232576745,-9.81040717400807,-0.026127112098334626,-0.23285302115167422,-0.5569304744500208,-7.682103163706869,0.007947478868764145,-0.03756696819485324,-0.007147573657926106,0.07902248860445467,0.21775162291237035,-0.015930842185273398,-0.036399134093432914,0.5025531587704203,0.01912129118901872,-3.5171997049553374,-0.04578262800052407,-0.2673285118789554,-0.08528435550579809,-2.3265768830827374,0.9786596715207325,1.3903894736670916,-22.92138206629484,-1.5746025095828782,3.031624833273603,-4.572494756766634,13.059092515809924,-4.068892153856581,0.9953889309277515,0.011983280500788483,0.007479794530653002,0.0948753384643562,0.07576100820063304,0.21621150999483474,-0.021855777920887106,0.7978390449086769,-1.1750326652569194,9.678180922591556
1790485813510324236,11.800999999998899,-2.774460806804529,-1.5469221106951387,0.8062552151688184,0.9949891978548608,0.012651196701841613,0.02574090994769725,0.09578021157428658,0.018440278584787036,0.2784097997943994,0.518848746690805,-10.322324835965205,-0.021882391803096136,-0.31146399170514255,-0.5610421286696835,-8.185435400908288,0.12341178091435114,-0.0489408807629589,-0.03427684293145083,0.022943959591568898,0.4731911208878059,-0.010663172683062877,0.0992775319754984,0.8089287672642732,-0.13316142446888646,-5.938569487265317,0.0974365246030357,-0.8715564094468625,0.08150865789929194,-6.001492085967428,-4.956706015675279,3.3159003232619555,-18.55110046403635,1.0441947883027636,6.16723418938149,-2.399484625304682,18.88778478681124,2.4784170701672465,0.9949948945855291,0.012662580263377814,0.025504332960894008,0.09578281583887395,0.02659182692888881,0.47291953107386625,-0.009639774679683778,0.2121507903729126,0.9515158589895518,8.984210823353383
1790485813629706433,11.900999999998843,-2.756442601836172,-1.5509982027888187,0.8008918499077264,0.9940901700962791,0.01159788725493395,0.05127882317380124,0.0949773921682615,0.027737865513321167,0.34210403352431457,0.495688469706933,-10.84433842453356,-0.01241103777226523,-0.37729862599573055,-0.5461306896950245,-8.689952469690036,0.20925375232553056,-0.029531305738231057,-0.050217988621032,0.017631327550297372,0.3654079525340316,0.004796984032756566,0.09581644972340161,0.3909562126443425,-0.2544219386734973,-3.0535667755916784,0.10293251008695284,-0.44355497665719146,0.1852008605235541,-2.9945658604898053,-9.42605532760842,4.875112022726618,-20.658718998811796,5.190290849343691,6.343676377692958,-2.1258441680220206,25.58854569465849,5.8674020250935355,0.9940998523534866,0.011606353251484527,0.05109638861865589,0.0949733393385219,0.014471183056623503,0.3678528602998913,0.00685522654503936,-0.2610559947210577,0.1047897521128817,10.483337110587712
1790485813751838570,12.000999999998788,-2.7302142627248656,-1.5546111994626932,0.7963415814782413,0.9934971089915084,0.01603163158058207,0.06279328060933248,0.09361348794215266,0.026017541228249317,0.36056847082330296,0.47983151307860694,-10.898989276808704,-0.012933278064994938,-0.4006823885111509,-0.5495800442312895,-8.713127956830284,0.3289702570686067,-0.03047018599886912,-0.04970252823190763,0.10130420677527237,0.11985934299450293,-0.018757767235242844,0.011219638755544494,0.08365368838385438,0.013002960662570394,1.559075112590241,0.026510139808675316,-0.18619429985395128,-0.16775262664733617,1.5165549441130861,-9.249035006472635,2.016310605803143,-19.238585310821414,5.466900470133102,10.128860270584749,-3.553686225124731,22.25028711311339,3.6121920981033693,0.9935008031157591,0.01598750796873884,0.06272884837907051,0.0936250253849118,0.10700932286247684,0.11780918532082119,-0.0220752532237371,0.8814729106155279,1.397585617082167,9.742548792091506
1790485813869388727,12.100999999998733,-2.6884923965081984,-1.553459032423112,0.7912284890949525,0.9933081312560542,0.014776407419740255,0.06774236350360868,0.09236658676878695,0.039202958031211176,0.364373851016661,0.4960396748374648,-10.593847225020511,0.0018648294241399386,-0.41092347837368215,-0.5675865823150362,-8.435795869690645,0.49898096145590287,0.030204660601476693,-0.04594518373783124,-0.009970564943122779,0.049251961876697205,-0.03590488968644998,0.11623738153264886,-0.10983066080965567,0.2875108482167939,5.073465501530949,0.13373924754272692,0.09263530112539338,-0.3293248927426841,5.018621177850664,-9.899410073709396,0.7701863454275863,-18.537764246933772,5.210278433926908,8.614518894329674,-5.028439408612154,24.93456131768723,4.360047473818808,0.9933080671339868,0.01478485009315872,0.06771809748509416,0.09238371743583855,-0.010171741126114398,0.047162987912092925,-0.04189880443029848,0.8825273177768963,0.2901563578392845,10.114735304754348
1790485813987826155,12.200999999998677,-2.6314893991199124,-1.550037757189777,0.7861819233473244,0.9935262922129718,0.015139655881081767,0.06669628149272812,0.09070779203788532,0.050139503642921406,0.32664765458485967,0.5453117230654712,-9.814264958787975,0.014380583653835764,-0.3748344641058304,-0.6229823417630677,-7.661194055604127,0.6274444764860662,0.054710455164260575,-0.046376597862640166,-0.059046948761473025,-0.12431416940438055,-0.02590028811786529,0.18786978421000114,-0.5931038115296303,0.6228428624468197,10.133719617330012,0.20205751193736726,0.5580201957649646,-0.5877174175220341,9.711011371050414,-9.180225650603985,5.527583635604044,-17.697103425084403,3.7754787533467127,5.6362820443531705,-3.5609015496822174,27.360296619947622,4.418577451987,0.9935205224767891,0.015164213786523422,0.0667605179755235,0.09071963005503804,-0.05711750048951635,-0.10904001503953166,-0.023570804191575676,-2.751618960559108,1.0810188764511492,9.639397695739541
1790485814106088505,12.300999999998622,-2.565330771302417,-1.5446270227866377,0.7818723944164157,0.9947597880762977,0.015738265450352243,0.051805301946316974,0.08672647644902916,0.06275279091748089,0.27187068451601887,0.596956173227233,-8.71813674749071,0.02796308003015612,-0.3214511722936511,-0.6774946098881447,-6.595571040302094,0.7105106507725685,0.05880898957530835,-0.050828351423094886,0.0010223288273374666,-0.353975129241534,-0.12788951214908068,0.11724988192340771,-0.3493660709234079,0.39150871426483136,10.462291242217274,0.12409358120022985,0.46337074003168177,-0.45320831128277234,10.676990233745684,-7.319299750937402,4.4481917533695094,-17.020266854443985,-0.3548419483181098,4.279502277541674,-2.3890887127408904,24.585561377471343,1.9165212100314548,0.9947450639095106,0.01572571985548812,0.0519803104292135,0.08679289654328196,0.0008864795984177016,-0.35218646379850177,-0.12402450565756032,-0.2879074053358712,0.40860710770977604,9.725632036116401
1790485814223354505,12.400999999998566,-2.4900615710659344,-1.5385372388818974,0.777593355308198,0.9958679635884186,0.01647178459503875,0.03348574954797289,0.08279120718845455,0.07749900384804106,0.25054217923100214,0.6235753702269725,-7.73154554922217,0.042796880118006884,-0.30498601798559344,-0.70901393304139,-5.6428181187523085,0.7876283952867709,0.06429301773929713,-0.032035902182626565,-0.021469084308062113,-0.37319866424807624,-0.04195110865955178,0.1595031920876188,-0.07906548921429984,0.1607004765324525,9.258706904734446,0.15930732169123552,-0.13374598335962662,-0.21033153749697792,8.377890063850394,-5.237430696341535,2.4929301403300346,-17.314064437479573,-0.05707161490384394,1.7898058908759331,-4.593339838058173,25.926365890663284,0.5561869375267072,0.9958597841472618,0.016467728088548766,0.03367212047238321,0.08281480877635576,-0.023776363599963348,-0.37204436762241544,-0.04370988264575203,-0.3098137297756742,-0.18881881866902817,10.137272703485095
1790485814341430917,12.50099999999851,-2.4095758409038566,-1.5323645517184785,0.7756093713355671,0.9965927919101064,0.017354098610922665,0.015053282557202216,0.07921515674713923,0.09223467771629582,0.24422785909055394,0.6308781071233258,-6.820265983223898,0.057750319688117786,-0.30252674085316167,-0.7229436625916471,-4.751934212379288,0.831356121800504,0.056139576133177896,-0.017942705087549908,0.028237985003088162,-0.306035036405665,-0.06255419116484949,0.10282855966652524,-0.08450595411455242,0.011804563307789801,8.83262594532829,0.10621998952836254,0.02752180031035973,-0.11553809846166543,8.654664981624235,-6.12883659415805,2.6275940231706163,-16.269732521822704,-0.09596518671443821,1.6627240366821685,-3.566556658418789,25.643553315057396,-0.27667569531040836,0.9965882436424596,0.017328377027754215,0.015204117303160902,0.07924919431926457,0.02496115950221458,-0.3092341485868888,-0.0634502119540988,0.5182414203390112,-0.3760973104998836,10.074081544016432
1790485814462432107,12.600999999998455,-2.324140926359526,-1.5260894057582133,0.774673192170575,0.9969764471096224,0.017857707141434025,0.003609805810322662,0.07553830489452523,0.10663845024592267,0.24870725524258835,0.6297875231440884,-6.0229260563346445,0.0724646992056957,-0.31241980715150997,-0.7288502039265629,-3.9784611216483436,0.869367135429471,0.08773100699118976,-0.0012587247077219237,-0.11967281529820864,-0.15347348924041607,-0.0014668582046764213,0.26328380746623636,-0.08002426708555087,-0.012532157920078233,8.065939809239527,0.2662502485424889,-0.22690489418888138,0.018690979359032047,6.802061595730281,-6.849750255913204,1.3190316082563316,-12.78107368404223,0.24824147157042198,2.024024456817445,-5.001363654904342,29.900945556487326,-0.6143503378889443,0.9969750414414276,0.017911568629828293,0.0036908173635602335,0.0755401900929098,-0.1139839503889351,-0.155976187076981,-0.00464058039197146,0.46886540274503963,1.5527920559541253,10.239656088061503
1790485814581764635,12.7009999999984,-2.2363502823388357,-1.5179632898519986,0.7748637159879214,0.9972196774733048,0.01613290106730093,-0.002114080584953044,0.07271983929074216,0.12207862098419883,0.2536728518185696,0.625969417014082,-5.287962649700348,0.08885936992524449,-0.31755591843837433,-0.7272253613558806,-3.2518957442858145,0.9108439196691159,0.0791287047387788,0.0019153041104966815,0.02379355747110064,0.038299396124455244,-0.05750006093752048,0.06025925780164212,0.11746163689170634,-0.048582088607473,6.365819993822094,0.07559002336128472,-0.028761619498821767,-0.008111298126455394,6.745039400320993,-10.48168804243816,2.001344460558988,-11.846100976151297,-1.1272676305017453,3.916601185631968,-3.0725359183034278,26.35357390168975,-0.8696143313555647,0.9972177375557106,0.01612236913776679,-0.00213450599249784,0.07274817524738048,0.020282607760616165,0.032244037079422284,-0.058056807961974474,1.3308799229138772,-0.3489046890635251,9.54189658752326
1790485814699932946,12.800999999998345,-2.144848200531958,-1.5109553083380691,0.7750620545392257,0.997450441700464,0.016939211524859478,-0.00023380975145153438,0.06932261389665785,0.13042336380292233,0.2751160199591057,0.6207615913842227,-4.684052171946721,0.09852367112507779,-0.3345500688971606,-0.7283916447813638,-2.6280657831462646,0.9201808443507181,0.05453046370678046,0.0018472980951189572,0.06325091355332955,0.04749308199248193,-0.05481210360935235,0.038121876326927824,0.048104825166520565,-0.09400122952719045,6.5718847918874586,0.05498882609197323,-0.15741326735873387,-0.02392233869101917,6.2849438897571215,-9.381476636198922,1.9848458341053168,-14.46732462190371,1.5410315191563684,3.537717261170071,-4.071373217099369,27.25041798965636,-0.3524881954889123,0.9974490708448176,0.016909306443922374,-0.00026015234521429,0.06934954035285774,0.06059058696191584,0.04530823019679898,-0.05757239062022718,0.4609804148314184,-0.42024535577582,9.915836087005582
1790485814817574562,12.90099999999829,-2.0526021773795713,-1.5047991603956383,0.7743759442662245,0.9976977587936272,0.016502493801658556,0.0020738938946979917,0.0657460931205257,0.14247922940430807,0.2779347482886524,0.6177710122837367,-3.996495401147298,0.11273077559318757,-0.3380276181158383,-0.7306889953989864,-1.9477385441386175,0.9219214089560913,0.07064333420036467,-0.01298670488170325,-0.041567226316327484,0.023809429502197228,-0.07714287013424946,0.14577335366965957,-0.0463299689447616,0.01708892135280259,7.451991858204809,0.1753345052146536,-0.026750798341606156,-0.03131484094876968,6.990553338425465,-15.502342584572727,4.141903277541945,-10.97595075343742,0.23506936325599392,7.062840014818866,-2.9868446849640677,31.296454262215242,0.8162582123790645,0.9976949035517891,0.01652409223045754,0.002062746501835934,0.06578433612657696,-0.04172856519310724,0.027925348324460322,-0.07364441987616893,-0.6622156627206113,0.48271811304417706,9.844367620754706
1790485814935231058,13.000999999998234,-1.9605056724330607,-1.496096032952439,0.7734577509811098,0.9978894922876579,0.017570836597472703,0.002063265218465565,0.06247855487912603,0.1344488176980874,0.2761900805909998,0.6241883958944885,-3.231321737825714,0.11708755672545759,-0.3340582469602251,-0.7349183048629263,-1.2009158561775508,0.9138092943802059,0.07501651925993477,-0.007086473293279692,0.18489896490239832,-0.0648293837944905,-0.06621519140406645,-0.24487515076535707,-0.11381101926900056,-0.044950226565117025,8.048273366569422,-0.18484500844430718,0.09026978797441343,-0.11013932749774755,8.140307842448019,-11.626743226001034,3.897840502254239,-15.257837197302377,0.04225859946065036,6.140154778245648,-1.7078543669271613,26.495672282636114,1.287100107096303,0.9978889759719857,0.017476625223230305,0.0020892536496101566,0.06251235256792359,0.18325973516636865,-0.06968963261161713,-0.06371694129334332,0.89776073990254,-0.47588454397972163,9.981017810869348
1790485815053464429,13.100999999998178,-1.8685006026110245,-1.489187326232018,0.7734256946920766,0.9980672534230369,0.020351745669821605,-0.0005148791290099248,0.0587137036156752,0.1343172596783855,0.2619268733498083,0.6175790410632268,-2.4204725365029893,0.11848614979185192,-0.3211241998664333,-0.7362627042274188,-0.3976973780416626,0.9196486787139284,0.07798138432090147,0.00436325357496067,-0.09299219333061745,-0.06472569823298992,-0.06235249324681499,0.19152491014027884,-0.14724857387174486,-0.03628252890316826,8.228718252851344,0.20625234771391318,0.12185120187012274,0.07362963453566938,7.855973342272605,-11.792411541290397,1.3056891381499076,-9.861878341714656,-0.5950891831883673,4.5729481401303715,-4.6319139256244,30.79703428822241,-0.423086692498607,0.9980644912497973,0.02039623566400699,-0.0004804833610301702,0.05874550206408977,-0.0905631723408095,-0.06738265491852606,-0.0641220269419676,0.6493754095405082,0.8218369635448255,9.8795801678231
1790485815171402592,13.200999999998123,-1.7768673802636152,-1.4803676975684381,0.7729795060974751,0.9983078442611116,0.018596854559723312,-0.004526135141464119,0.054910100964199814,0.13869874605553034,0.2580146230633699,0.6209188930683857,-1.618181442144043,0.12915761149990754,-0.31779753207757944,-0.7356019812034054,0.3755796772532985,0.9162937887157553,0.09096017571685545,0.0013926022827842122,0.04209413037615601,-0.061687630259979226,-0.060817135990193304,-0.06504698576800177,-0.1352499512608223,-0.03313812581913411,8.154723571903682,-0.026613067828986574,0.07204320536096258,-0.00399278812768325,7.819515265085304,-15.627437813131046,3.41543013831476,-9.782410719133248,-0.6945309277212504,6.055567375951376,-3.054895299487,31.224192458859285,0.5426106268872797,0.9983067043785206,0.018574011817602033,-0.004497064713826943,0.05494093634856453,0.0385164510087127,-0.06113170449669432,-0.05823372253516348,-0.062081532602765464,-0.21337813688624543,9.790967900100355
1790485815295353410,13.300999999998067,-1.6859144036720133,-1.4726197540743227,0.7732385584959118,0.9984456251867995,0.021085997802696096,-0.008301961338616973,0.0509194626831132,0.13494596998817568,0.25516279842270784,0.6162190132158862,-0.8428306858309036,0.12766431244595194,-0.3083022837216672,-0.7349968107691945,1.1664751631633417,0.9109845267549604,0.08254385775922173,0.00166630852055198,-0.06780845376153126,-0.04237726591798756,-0.06133057609187581,0.12183042607802497,-0.10293512463187272,-0.017561817507094145,7.890673309418112,0.1356256837272693,-0.027571328717889605,0.03959634686819634,7.141980517031027,-12.610644283772157,2.4981535209087897,-9.329993152918588,-1.4477961807710678,3.330883490368094,-2.953809111311235,30.006511541576362,0.09061176174815833,0.998443523462134,0.021118515807079002,-0.008279725853387116,0.05095080849620575,-0.07184749357847159,-0.04701213023031529,-0.05941398509197078,0.9598068249434938,-0.3199796440973115,9.718661896207767
1790485815415025974,13.400999999998012,-1.5952940994366371,-1.4649527010118957,0.7735915122206278,0.9986439904622638,0.01830458102733024,-0.010625397361678338,0.047562837992779224,0.1454270146000141,0.25786629369695596,0.6153865188256582,-0.1071268665103604,0.14043830357977133,-0.3201311269637256,-0.7316729481307758,1.8444548741715483,0.8931894258390067,0.09257401703052097,0.0014960419181625803,-0.09875198484096509,-0.05948569280392662,-0.07961474197787093,0.08751415124169824,0.05047472135482463,0.09171431526193083,7.479421801007555,0.1495514197207527,-0.036571928467713274,0.052012642890519975,7.05512289773646,-18.926403298995606,2.6045080516679024,-3.9241040646474734,-0.27194390030541316,5.139449138475308,-3.844086060244604,36.15274992629133,0.8793370496669262,0.9986415068831372,0.018352052397163098,-0.010594075015734164,0.04760366033774016,-0.10343839173686481,-0.05790382815169674,-0.0773231487668151,-0.2812866002785309,0.27980372622215594,9.543382156154282
1790485815532360924,13.500999999997957,-1.5059044982075016,-1.4572739310534741,0.7739051787418616,0.9987464100158986,0.021535360516876025,-0.012051163716629324,0.043550042259872954,0.13205428060999294,0.2618409868449792,0.6148038828283923,0.6047338535951223,0.13402570154780905,-0.3234393816289827,-0.7332498613994336,2.550313558864344,0.8947826198020256,0.06608939693801567,0.011368846972246162,0.03716869749153573,-0.005292319782911676,-0.08766263806714882,-0.03273123056419738,0.08686230655412192,-0.07409122358220352,6.639842734466521,-0.017117581507338834,0.011597565266276299,0.0338688688480096,6.9377897844415966,-8.965686115128106,3.6873241954246025,-13.131588794121793,-1.3560987640075526,4.2085664189913325,-1.3066565987152154,25.097168189455257,0.13739807080715583,0.998744932134702,0.021516155982033273,-0.01205027413266876,0.04359365160585849,0.03984758854009276,-0.011395010039994652,-0.08401112509428292,1.3099323268979854,0.38261698940134536,9.468203814512313
1790485815650066130,13.600999999997901,-1.4147210297235522,-1.450503623615649,0.7743568144883194,0.9990106426094892,0.0186333652774792,-0.007746103790686646,0.03962993221637034,0.1417494093667052,0.2732211354149505,0.6146089417176013,1.2315449154378828,0.1451935722203967,-0.33672596502719415,-0.7300435581191871,3.1456761123529575,0.9144494739547524,0.053302419730847,-0.0028849982980039203,-0.003256313503990025,0.10540576717244235,-0.06884016484706298,0.03236146815527409,0.07504413652884287,0.006047880026135426,6.341429695051164,0.05872135543687851,-0.19264432904081255,-0.01773741116709076,5.770636117972275,-14.568625208210289,3.2522846959006864,-9.630898158874453,-0.15803479381464447,5.010552261691699,-2.8369037089491584,32.19723853027536,1.6235577878766554,0.9990088379833792,0.018636813776632667,-0.0077993313551206755,0.03966334874623293,-0.0046508596313643595,0.10394568953542557,-0.06652405870619409,0.3150204262665722,0.1150333445068696,9.930702842213071
1790485815768035483,13.700999999997846,-1.324543728585307,-1.4433504318113426,0.7747164318359969,0.9991983309215062,0.018837141744025815,-0.004987646664781834,0.03497114461008175,0.12582840287405003,0.2833533172497366,0.6229099345844501,1.920066725290023,0.14508230698982427,-0.34015206897255645,-0.7287036198958353,3.7988674478364253,0.894587941151994,0.074207322641178,0.012047429959861071,0.09472625995546334,0.02874282679852001,-0.09083930217687573,-0.258357508201698,-0.11249304720326918,-0.029053584809877006,7.5391677585232815,-0.15070187715399586,0.17212116090581112,0.013547092943880363,7.450672452858618,-12.159576205505452,1.5033700388646527,-10.910977839454242,1.0327857153123339,4.9271700438193875,-4.995916814372632,31.052671536310076,-0.6092983808177368,0.999197560796216,0.01879009258874157,-0.005004518465069825,0.03501602082379009,0.09754691716651875,0.029661589655532936,-0.09468107781294871,0.015730681062046704,0.6009666429794122,9.879391561340315
1790485815885502071,13.80099999999779,-1.2355454004746722,-1.4365255203376244,0.7753446483112714,0.9993271940533905,0.01901338911900871,-0.005292073382075526,0.03091349574060752,0.12272591312602706,0.262978393626676,0.6185761747060821,2.7115965877196415,0.14374660687563884,-0.3325603787279816,-0.7260653037616337,4.519763266682878,0.8873295808908386,0.059673386050609026,0.0023339464636863635,-0.06884986048280616,-0.03552406385792577,-0.10671609122310473,0.09781711891319282,-0.11627294795488165,-0.00406010047699261,7.81286901603871,0.09836986582043299,0.06314820513058822,0.04547200679783447,7.23328639679428,-7.248922683760983,4.192328025800193,-12.811293178458424,-0.62794038837519,-0.1596465891754617,-2.543789125115518,27.66765646129596,0.36761545333625856,0.999324981860698,0.01904695938540498,-0.005274273611405588,0.030967337715050815,-0.07148308880023525,-0.03261252154467274,-0.1036007789802798,-0.3663351240505013,-0.38988141457182657,9.592338085917119
1790485816003540953,13.900999999997735,-1.1468237234139913,-1.4331875373840977,0.775109070017818,0.9995162256956512,0.01711602446801086,-0.007506426033213235,0.024859803815394665,0.13208893603003388,0.26187631937373806,0.6185864784974404,3.457360807725752,0.15379508023661578,-0.32310610653402966,-0.723884069804022,5.265314728383138,0.8879335687570052,0.045469186972680285,0.0009046793709756336,-0.0863506064203353,-0.034254330390003036,-0.11066055779370916,0.10470963172059487,0.03619777736051047,0.045712685670000974,7.315710028446536,0.13812542656087623,0.16405142411878693,0.06383773765810373,7.5752815295598115,-14.450142940953798,0.7258463346443023,-4.124784196807901,0.7427172857340074,2.416449824935904,-4.945470653696601,36.011026552257654,-0.700426771707396,0.9995142371618463,0.01715833772880606,-0.0074891808389680155,0.024915724503204006,-0.08449044374835063,-0.037555579855056226,-0.11338020638265599,0.7339281288436547,1.2649903807180574,9.754844547210029
1790485816121174160,14.00099999999768,-1.0587140070333452,-1.4295867788312233,0.7748230027424292,0.9995552793038497,0.020046730722965166,-0.010200329876387373,0.019578699485311178,0.11781680804400992,0.2639543376299778,0.6211017067401674,4.188384332989319,0.14767905843361478,-0.31677122497934473,-0.7269273255819483,6.014294960086551,0.8733630405094868,0.011153480857971406,0.003657426188625107,0.053297298249687264,-0.0789958227859234,-0.10807929358689644,-0.01991022476977339,0.017851475130602968,-0.07388321338069256,7.22555305876621,-0.025655723524357937,0.05031971611694128,0.0034668163871079604,7.40892290124198,-0.12554424050426394,3.254076603325964,-17.406741464355754,0.007096755910473984,-2.187184786430101,-3.4981187546644468,25.60905730468955,-0.6135667515243104,0.9995551557937584,0.020018769333082675,-0.010162454568233862,0.019633235027678282,0.060284946588136525,-0.07891272657509818,-0.10782472761661276,0.10721600450399858,0.8330608188444125,10.286830894803982
1790485816238989655,14.100999999997624,-0.9699415784027395,-1.4277310290878278,0.7749307658742225,0.999703902585987,0.016523694184172676,-0.009747226648351825,0.01496884289185507,0.13066460778383868,0.26708430794389515,0.6222100340254746,4.880558783507063,0.16156423908376338,-0.32080841005515703,-0.7229664229692546,6.6704673401093615,0.8909220504113433,0.033601922508359805,-0.0027861707967016423,-0.06338679731059411,0.04039202052003071,-0.06555011273569229,0.014408288555882474,0.11165741148734677,0.14152293125223797,6.587715598587572,0.0967421971792579,-0.12482045738876228,0.008611902674702031,6.172739523293797,-17.851356844126546,2.0645233504159903,-3.601766516633071,-0.2593960626147087,1.7063807290156092,-4.452556902210986,37.83957259718009,0.5744223507035655,0.9997026901912923,0.016555361022939728,-0.00976748381800164,0.015001583435032164,-0.07346973291064159,0.041324249659776505,-0.06475184413624417,-0.09220869626695878,-0.7668375825213994,9.932660335532894
1790485816360533089,14.200999999997569,-0.8826372804780214,-1.424793884937515,0.775339593084644,0.9997033235734111,0.01903608032207556,-0.010626921359366765,0.010860986358005137,0.11727664608645173,0.2727156695503345,0.6223108210549587,5.563451945477122,0.15456757229853338,-0.3235085609136045,-0.7238656216234209,7.351955306237878,0.8737242837796315,0.02551589778755746,0.0019065655865002792,0.09083200991227994,0.011426591825402394,-0.06994420419193174,-0.15568873635094915,-0.14400642127874017,-0.04318388176150251,7.368206662447372,-0.13099763114757496,-0.0014691551093875977,-0.037564761642790906,6.793546633327876,-9.998291292495772,2.22223880308248,-11.274272980209982,0.11980263267401892,2.632456660814858,-3.963131477273312,28.403601473217588,-0.9648010514204075,0.9997037459111996,0.018990368165669246,-0.01063379193699857,0.01089535667559077,0.08991606746752903,0.01148446815228447,-0.07084382508217427,0.2038723175204467,-0.08607836414067002,9.551174562140435
1790485816479647780,14.300999999997513,-0.7961057312104571,-1.4240493592639643,0.7754270376970914,0.9997384104062098,0.019082999679952677,-0.011325486845542715,0.005539244478427594,0.11954828015855301,0.26863365403024114,0.6198335062715664,6.277260285891627,0.15692785696548073,-0.32390354181487463,-0.7232340227566811,8.027563517861406,0.8625410277871018,0.03008773142641484,0.007897654142614527,-0.18412728314061846,-0.018834901532164886,-0.0965802327672635,0.22872753794126172,0.10922453544995646,0.05531891509939016,6.691144477213223,0.24082010722738115,0.022654058051264414,0.12227975565951395,6.594724062773162,-12.625894124478103,1.6245839609656418,-4.746887684075622,-0.27641797606388696,-0.08677039369329126,-4.699813262195235,35.82366000769768,0.3838515859382481,0.9997364872754813,0.01917444005985889,-0.0113164833538542,0.005588744311122175,-0.18576887614297094,-0.018248577606945576,-0.09682389464368066,0.02616981451306029,0.5863373398761409,9.71156907801618
1790485816598084068,14.400999999997458,-0.7105556917914563,-1.4218752153748875,0.7759833812279868,0.9997484966767594,0.01846096973078011,-0.012733016253641882,-7.928583647755395e-05,0.11399355208944198,0.27759136861277434,0.6222041830920167,6.953646127286862,0.15707302255835684,-0.3192790473579744,-0.7201170070104745,8.718511101474434,0.851691547062134,-0.0069789353880491635,0.0047668036639897235,0.11147763623547602,-0.01525993402779021,-0.11988436084876031,-0.15045411971690312,-0.0843976741583882,-0.0761722247529641,7.112671663943567,-0.13881504411609258,0.1037728678004224,-0.023946874820171882,7.127753306272809,-4.5653656905646,3.208699840965966,-15.564015801685121,0.41780981889186375,0.3212948299708568,-2.756793136445993,24.231868640235763,-1.188222670973929,0.9997496241962534,0.018404482229034166,-0.012726490334051509,-1.992759819666183e-05,0.11233137688358398,-0.016832118552795,-0.11942911270614887,0.49335571631623204,-0.19555147488294627,9.632359699019267
1790485816716242899,14.500999999997402,-0.624626302208306,-1.424984631509152,0.7757382446582352,0.9997191301535499,0.020244154250804,-0.011033882172316989,-0.005485295608027141,0.11519966755618334,0.2699887057840202,0.6181951758890648,7.644552126481586,0.1580895123030535,-0.32563485307704754,-0.722731324113268,9.343632181455668,0.8611205501435527,-0.03275025078326583,-0.006149031603936898,-0.07790483221914032,0.049370382007809244,-0.12097484406095066,0.16857274379913967,0.01938689606367662,0.026656083315607856,6.606775265995253,0.16991938226022485,-0.14463000256406955,0.008123156409640425,5.755043512089164,-6.46351096009305,2.822058318761441,-9.077786599524517,-0.03408812585651333,-2.4023335692622285,-4.214310026171925,32.00422646293851,-0.39824986731167167,0.9997183981208555,0.020282292851100236,-0.011059998580271142,-0.0054248950937253035,-0.07469478373988865,0.053612007334436024,-0.12003614873425855,-0.586401929061119,1.049391930483551,9.717483578676962
1790485816837425407,14.600999999997347,-0.53937502643088,-1.4279711662408017,0.7754434528022904,0.9996956351475362,0.019101362553493196,-0.009939969292360415,-0.012040432966957773,0.12058308899852425,0.2778342187013221,0.6200457408992441,8.292418061018383,0.16602886358588598,-0.33155266029788766,-0.7226670976928814,9.967071478088952,0.8499731422929212,-0.033489190117202264,-0.006621165529417272,0.004398507725973342,0.013843153378670238,-0.1627820385063413,0.01390989548999174,0.14140649844467074,0.023342285567419404,6.307842029785973,0.035657420180401266,0.013238520398194478,-0.021909617253421457,6.56589106587571,-10.309132097363598,3.70262616137353,-8.98292222020681,0.7047854594112128,1.5598236162223436,-3.501944901403869,33.49751788568399,-0.02804746164879246,0.9996965850015269,0.0190982715422248,-0.009948416928568526,-0.011959220752223748,0.011678290949993207,0.018296284623851463,-0.16031222676217935,-0.6883088766785685,1.8256517728556394,9.907809910250577
1790485816957043792,14.700999999997292,-0.4544929403889897,-1.4309828892695897,0.7754550290760812,0.9995868231675213,0.019354386622039556,-0.009207934932425256,-0.019152143551765605,0.11979868397580838,0.2825974145019295,0.6200891622856266,8.952613029505025,0.16773877436668258,-0.33157941564750787,-0.722494392382763,10.614564537634399,0.8485309521120291,-0.02583181454161685,0.0008986845193707723,-0.03773119708813154,0.006631568427453241,-0.14831204669809003,0.03644904990090158,0.08533513682443813,0.020780533925858886,6.539463176032224,0.0577843172971108,0.011573629690720216,0.024922994865155073,6.489794438604222,-11.86228515646957,1.4255506194498715,-7.509228211144272,0.7755755714077162,2.0044616538496305,-5.5556900981227,34.86691891961801,-0.3518074480313591,0.9995878448189127,0.019372498040757954,-0.009213045880619554,-0.019077908573632306,-0.03395033644757673,0.009748317482867253,-0.15032428687177118,-0.3946731499214958,1.1997863219347042,9.967259952165112
1790485817074702579,14.800999999997236,-0.36887380577108414,-1.4324212746619458,0.7756805542370154,0.9994933774965891,0.01825702722576259,-0.0073392566905216726,-0.025016086995573675,0.11657297524266653,0.28274923075903174,0.6232971704437966,9.626585295419565,0.16811208930208577,-0.337019831365278,-0.7212389544120356,11.231099953324382,0.8650435607876666,-0.018910704570257,0.005098911201853437,0.0331467465715576,0.06049055066943097,-0.1289430419399571,-0.10734012817482054,0.09393268572343606,-0.005935564452102941,6.186085210059,-0.084642730638691,-0.04272437161277056,-0.005397959545438967,6.168943425848007,-10.140694151740364,2.7300161850396036,-10.342279815036857,-0.30301236401692666,1.190698232027875,-3.5944156009199997,31.07416209262205,0.5159814254274369,0.9994950682527918,0.01823923240865461,-0.00737024908063943,-0.02495232189557149,0.03197615170006557,0.06063735600344625,-0.1282553755987381,0.18446701852591926,-0.033170630324583755,9.877865478819542
1790485817192331936,14.90099999999718,-0.28221366982113366,-1.4351894771693843,0.7761501079799009,0.9993100392538834,0.01863315412198407,-0.004781965623016719,-0.031770801353597784,0.11143089570293466,0.28898584421376344,0.6230057219941516,10.27038549066092,0.16388529655096246,-0.343385123410854,-0.7204629214934709,11.844316796888489,0.8638034746297452,-0.06615060366659291,-0.00538085926302031,0.08055025859715582,0.04208863469487118,-0.14672166806716008,-0.09054335586987032,-0.10881536531936079,-0.02605842660474422,7.152543024421245,-0.09082237152034986,0.07170987154527897,-0.0572402121566453,6.862473682889124,-1.3477838357609702,2.6336250745551952,-16.476099763687714,1.0649056652185767,-2.433476273459643,-3.1370681574496784,23.601844825477368,0.363274715180804,0.9993130160850425,0.018591887307804155,-0.004803082773374597,-0.031698075733747756,0.079958440342001,0.03992868788559402,-0.14784957876938515,0.521588337735671,-0.6131017889600144,9.529909473236234
1790485817310274729,15.000999999997125,-0.19512131464895474,-1.4414029635385197,0.7754261183814526,0.9991184805906981,0.016940172168232057,-0.002531644926254954,-0.03832601052826953,0.11732544634551151,0.28114173750653954,0.6263288738578043,10.990137156449785,0.16989862961627497,-0.3346657721122875,-0.7209655342352052,12.530614004429085,0.8676300821012878,-0.07756008622163041,-0.0033676216143493074,0.028665969889991774,0.007945640691087668,-0.13223050842451928,-0.02882225021680426,-0.10793181344879091,-0.00825064892139032,7.408343235349717,-0.012283455634174073,0.1647787683790938,-0.01716079590877486,7.391248740494488,-9.178810205279113,4.576517657557587,-11.27502029551245,-0.3148054677725147,1.127608277931527,-1.833685290071374,29.729307653099106,1.09090278658259,0.9991212449758891,0.016925532136502025,-0.002536184916322958,-0.038260057054271816,0.030295913695981152,0.008877908962256376,-0.12765990628662222,-0.05417845361772178,0.4644364482342341,9.684569898218834
1790485817427790678,15.10099999999707,-0.10884532395242004,-1.449013242013927,0.7747662196087165,0.9988145103895234,0.016556739071664946,-0.0042821764129555,-0.045575335345090014,0.11822381297951745,0.2708888388453795,0.6288218807135433,11.762798707199472,0.17274041157799708,-0.3241520285057521,-0.722592799002554,13.268048775971057,0.8595047529992402,-0.06601033791046672,-0.009997957833827849,-0.020519246385046326,-0.07274089051198762,-0.1292531853249647,-0.012475062207078147,-0.08508183828850487,0.06922261509804209,7.906086691160954,0.022396073647416834,0.07287922057099624,-0.027397315191752085,7.465563980547566,-13.597292519459003,1.9765128470401523,-8.288480857191585,-1.3511465827325768,1.3586594678018231,-4.3811973776999995,34.70116555387528,1.2975229184786583,0.9988174388479014,0.016568367338540856,-0.004247386663916216,-0.045510139129436876,-0.027830298038205328,-0.07408648865692315,-0.12929442681630407,0.3820020073936538,-0.9803353817650958,10.346921498968056
1790485817546468983,15.200999999997014,-0.023225782130435458,-1.4588526362039473,0.7742455381759258,0.9984121099733021,0.02019232715061726,-0.008185611877528485,-0.051947322751909546,0.10963525735239169,0.2622741108337406,0.6263305576558206,12.532941297647557,0.1656802277792681,-0.32110655316513387,-0.7277157855515282,14.004739330156871,0.8448279937467775,-0.10136016930686548,-0.002905101444793731,-0.029541888671095813,-0.12193370250445637,-0.17584641984664023,0.08148042183217401,0.010914156712191661,-0.004703141689569474,7.617673732171551,0.07692707482731377,0.0701007497129442,0.015391646773648023,7.5193139119261305,-2.829301031459051,1.3848189810391767,-13.19866609622482,0.697206568057291,-3.4219776716747528,-4.321981170218875,27.194012831216398,-0.4933856031951209,0.9984168723163451,0.020209521881933794,-0.008127284472531223,-0.05185818687972537,-0.026279835867776196,-0.11999381310591686,-0.17378764493295282,-0.3465559002395295,0.550503218163106,9.949617375196041
1790485817667740560,15.300999999996959,0.0627703270009952,-1.4690747270366633,0.7744645765261889,0.9980711945484504,0.018112553969058018,-0.009706019751723806,-0.058580023744660745,0.11641652240755532,0.26314593265586467,0.6262377525608757,13.247297118828811,0.17391751818854892,-0.3140620855284417,-0.7235619955605209,14.712086254920363,0.862263885540613,-0.12167307116443163,0.01171817477686067,0.09778422663963288,-0.017517731421748915,-0.05448518760736446,-0.12157556241260487,-0.021083060015795296,-0.09620604787736359,6.849755660869059,-0.09520165235895883,-0.3261397605558321,-0.02538056222494094,5.629398070113759,-9.928229853250045,5.469785988859204,-11.287035727343477,-2.203549095082967,1.0527976038360483,-0.02671548317706074,28.085345870283856,1.7520781942522023,0.998073759393443,0.018064004807482204,-0.009694907096383293,-0.058553149504923685,0.09438521686275253,-0.02116877173130468,-0.046653173645677185,0.7309510898569416,-0.544048094068131,9.602631233258647
1790485817786863571,15.400999999996904,0.1497827279251769,-1.4816991038381697,0.775161056945533,0.997666911526767,0.01989553725854846,-0.007750944232722107,-0.06484461508356194,0.11491502167002458,0.27546596251461636,0.6216502219297652,13.868415585270178,0.1735597406207225,-0.3293833789109365,-0.7229331751764725,15.305627574082623,0.862562447050214,-0.121560387062886,0.011108000333561033,-0.04145356042386088,-0.0032038301922217224,-0.1161581436992199,0.07612632549275303,0.10448298349854618,-0.03721275328157323,6.497319301677705,0.08158848620282634,-0.3036120992400572,0.051002677168083384,5.425388007930214,-8.658386385330383,4.0819848468839135,-9.025180012032214,-0.6490078373317725,-0.5067813401037891,-1.5139673987895041,31.097644245880478,2.481813118074688,0.9976702757895171,0.019915869351401622,-0.007751845574710256,-0.0647864788689052,-0.04219077729247599,0.000707353300944547,-0.11702518258736422,-0.5337202732744709,0.19069380996243546,10.067497839699314
1790485817904195901,15.500999999996848,0.2364822115374164,-1.4943524294623396,0.7753646245481353,0.9972373410076889,0.017950579039011164,-0.005720046702948639,-0.07185223363122507,0.12197726152936626,0.2737629238332159,0.6213982834809079,14.561471329111505,0.18199681675914542,-0.33387241227938114,-0.7197049338141729,15.93632701898662,0.8743094942879982,-0.1002244924424605,0.0036405330769444426,-0.15021882549037707,0.03784291650447238,-0.13788165676679293,0.14548828446596088,0.020547583182501383,0.08091314171210011,6.988600256806671,0.1807166598828658,0.05015600185373007,0.09125546502400009,6.552344700218223,-13.95351430817812,1.0449454512826328,-3.1593337032284103,0.39361595970091257,0.6888397642119615,-5.273096406937813,38.19977715858514,-0.11377162760544923,0.9972408327098263,0.018023726959628807,-0.005745550163727985,-0.07178339289845988,-0.147687964699872,0.03786124381589362,-0.1397398537387881,0.2038616586260701,1.3436009930112291,9.892147594611954
1790485818022569460,15.600999999996793,0.32253677568686595,-1.5062774849744802,0.7757805785023943,0.9966868914430322,0.01944831626619681,-0.006610136446673221,-0.07869758265786776,0.11102493092087451,0.26827071727536644,0.6212878078357301,15.301536348166557,0.1763553810262253,-0.32238679654413943,-0.7190932948449722,16.663703882106887,0.8658817886225149,-0.13896941585551487,0.0009011122319497984,0.09739424101340882,0.017991898042758116,-0.06841304937820704,-0.14415180732559177,-0.2951782275559892,-0.0633362146270223,7.930676599082919,-0.1265884186314935,0.009040312273976987,-0.045452217029123124,6.84241558123715,-6.721492183099971,0.37068801782574745,-12.77595164916364,1.1180691024971146,1.3125496700775685,-5.444123234457663,27.281052304939468,-1.6956098129803303,0.9966904692211739,0.019398846380104355,-0.006615935492807308,-0.07866398617126341,0.0988552955843593,0.01503672970970281,-0.07414243549184546,0.7326967199924913,-0.02348672641748907,9.714136522101317
1790485818139744052,15.700999999996737,0.40842484372089644,-1.5232621746287287,0.7751706608910623,0.996091809687219,0.021243585046153125,-0.00649171568858733,-0.0854849366604792,0.11287209456469685,0.2596782774143797,0.6183926929100516,16.033996291560698,0.17695061536309825,-0.31953076205949194,-0.722122260055768,17.356597570844873,0.8742026157924271,-0.15724634267804247,-0.006353564717686447,-0.16108254530683877,0.06365551238663639,-0.1644501097413573,0.26181444890740135,0.0369612612222834,0.06856537407757843,6.814149041225794,0.25295986443296653,0.141363070535934,0.07436925134389498,6.8433799906320685,-5.759951879749002,1.297628002662933,-5.487892400022059,-0.8102880215894595,-5.337717963557093,-4.243464298372852,35.45746739421179,0.07690595767163666,0.9960969139861306,0.021320556821125183,-0.006532050830005016,-0.08540318563202354,-0.15648352642414703,0.05853988816261254,-0.1648750913859725,1.112041454872827,1.4995560478724586,10.101266862485048
1790485818257111522,15.800999999996682,0.49454093570569785,-1.5386011816714933,0.7757874555286863,0.9956226072653604,0.01852859828098103,-0.006620024891689809,-0.09137007288111723,0.11351917049477994,0.2662128152773713,0.6222961979552398,16.73546397853499,0.1856263297680718,-0.3184267942085672,-0.7163947103955047,18.030811098526396,0.8628354875305747,-0.14068403380849936,0.010249325302229051,-0.0013806216522211073,-0.006444024359827002,-0.11324557257379615,-0.19916631037162819,0.026852085097514303,0.10412937069629134,7.541015811367698,-0.02485919764046491,0.03092128734607466,0.04180198706501383,6.836892562549245,-13.617289347908075,2.6211034088911336,-3.06342546815023,-0.40332994242701314,-0.4797559130795477,-3.5827235770536325,37.34697486142878,0.632357380071813,0.9956277878313183,0.018529205091475036,-0.0066179291874865764,-0.09131363353882105,-0.0009127702517703023,-0.0066796142476679005,-0.11157045103308573,0.12515663659484227,0.945863611629993,9.711788307404728
1790485818378990532,15.900999999996626,0.580005589282892,-1.554331575202843,0.7766207992968753,0.9950271466018142,0.022043734164407604,-0.008030815949211319,-0.09680163895683275,0.09754901105387392,0.26112706761932936,0.6193415387625758,17.474914814967455,0.17434173171285877,-0.3145364620889698,-0.716690578930772,18.73543275525194,0.852614168374059,-0.15607203147409102,-0.025451186110498833,-0.08267826551626822,0.04091752661759601,-0.01348570673406169,0.2718447347349158,-0.47316767483314376,0.1930606697673244,10.032266976829881,0.10840256908692168,0.5166110648531795,-0.024315377786751767,8.712642258904992,4.654700813078158,-2.4374594534379104,-0.9452741022860809,4.9838665115850596,-10.301310629454397,-6.542704389957791,32.34552566513192,5.643678870547504,0.9950267226705832,0.022082833107321106,-0.008055323298826488,-0.0967950485300898,-0.05936330178680142,0.036089948211966975,-0.02110801533012121,0.06632685799400208,4.950201614054902,7.317867030893714
1790485818498557228,16.000999999996573,0.6601362774243418,-1.5647431284612645,0.7662383149423987,0.9957250366259296,0.01447455173638211,-0.007553975509742255,-0.09091246472469926,0.10847217090716715,0.09539604985536199,0.6309553114820797,18.925825720700395,0.19042241987762337,-0.12996066665590544,-0.7127061067261926,20.101210220315608,0.6947352498460189,-0.06993080427491372,-0.13768423343200045,-0.07208865729393374,-0.2585401434488809,0.24104514262978727,-0.15251087647646402,-2.542525142804213,-0.2557107363559014,16.927735692303763,-0.018947704016216697,2.7261950333925093,0.6645541242556287,16.422430053928025,-6.401709915599594,0.3467402037045737,-2.1167311921478653,1.5361321538481185,-8.343679684100746,-8.604517224995796,40.349000087906674,-1.5540666657579578,0.9957145182011562,0.01452310442649931,-0.0074267903092055205,-0.0910303271825325,-0.06833448662035602,-0.2501638763116539,0.2372052474270586,-3.0523481625955897,1.6621450184310282,9.762443911656511
1790485818617254574,16.100999999996695,0.7175165901159997,-1.5692837158147817,0.755525366093198,0.9959625083838567,0.017750562535780307,-0.02977573347502923,-0.08280703544640361,0.07034475088922826,-0.12018904069037657,0.5481945081133137,20.31178913205609,0.16231411997634854,0.0931711117679773,-0.6307117607378436,21.50954667394771,0.42313675211428475,-0.04467675454389037,-0.01994771173416073,0.2571182321084766,-0.6946061239985842,0.05661496776653056,-0.3214341905020391,-0.7468696908084753,-1.069881450289307,7.013040570909582,-0.47385188839609454,0.6173304587109658,0.617031790838116,8.361701307112009,5.641829613230812,6.515381779676575,-12.890697111280161,-8.708469405022662,-12.42356148578367,-6.720024037260225,28.326851254607803,-12.54659810533823,0.9959727188292321,0.017652123267074764,-0.02941868252764305,-0.08283288604417836,0.26732374242527057,-0.6692616571757904,0.06450827256508479,-6.224455654776287,2.193302726268944,11.039558909163476
1790485818738990636,16.200999999996817,0.748169623641378,-1.5716372495749522,0.7612678256838731,0.9938705195015248,0.021253650395156438,-0.06535412660042919,-0.08659394289986397,0.10620670681011035,-0.0588171151428825,0.4972068465285789,20.31271993760052,0.13415145311792256,-0.019934191670404965,-0.6404461686590747,21.70808006945362,0.27299353414186944,-0.014980792680730451,0.08808764130715278,-0.0018724971565530768,-0.32894502997145275,-0.19300979181118855,1.0564277391829784,1.2663452098649786,-0.1536975228441396,-6.999237014757826,-0.07070831255787959,-1.8960872388732388,-0.6032741510787081,-2.602737452214533,5.491704758970166,-0.07685041347798949,-8.55736951753812,-6.0445556869570245,-9.636813804179118,-4.521028676552923,23.012989590630838,-8.698631273892733,0.9938895872285318,0.02126251584890281,-0.0651927931839588,-0.08649447112589101,0.011531241321217689,-0.3402821524873606,-0.19396818271070967,1.356808126605602,2.712281634891127,9.249557886845595
1790485818857985698,16.30099999999694,0.7777089095520144,-1.5703580442376481,0.7695244581458691,0.9934382028715075,0.0185705957838605,-0.05575868279183888,-0.09811543885128553,0.14994108970683112,0.13685889383207137,0.5645504562586543,19.31044877546383,0.13478259724044148,-0.23424413728995933,-0.715432714841946,21.094106217644104,0.319576474696453,0.09210182777633615,0.08115829587963189,-0.27352998407674733,0.6039512039402448,-0.14223855430105806,-0.8097358587881011,2.3568175073450917,1.4962427657587622,-10.771302873573088,0.11089104119524705,-1.9563325664322022,-0.49924982786651123,-8.162677922035886,-18.27915659479879,-2.878909263382763,2.7144494515517072,0.5581544313238975,4.272504621737099,-8.441018866325178,40.746002624960674,-3.0975755859486096,0.9934257461028545,0.018672868296520286,-0.05607341316492035,-0.09804276263755157,-0.2665675627614332,0.6010632383161841,-0.14828608549664749,0.220930262736121,3.6593415094170583,9.398303865273054
1790485818978618093,16.40099999999706,0.805620983741478,-1.5635619447239058,0.7785789251311801,0.9948044662281844,0.016436281148540444,-0.018127062705648837,-0.09881969556787865,0.10228185069261791,0.2774775680969248,0.618068116355204,18.502180054886107,0.12620091180296072,-0.334649344605076,-0.7149285593277962,20.447907648987123,0.20751748780523066,0.02925443844943358,0.07821595323668395,-0.02245516030023925,0.638185620042716,0.003590881553419713,-0.10618195902961736,0.569282876110271,-0.1641640047272318,-5.081124103985056,-0.13151121335522767,-0.38535055223141834,0.28249876013516495,-4.495084602372685,-1.2088403327131336,4.369547930423485,-17.15787916322863,2.2193067555237933,-1.9582905003207267,-2.5484829991732973,24.035614306277832,0.846726456650515,0.9947982693384275,0.016415949449652162,-0.018445576724447806,-0.09882651781904532,-0.019448199125737243,0.6426340628678242,0.00496838071663137,-0.9454396109943018,0.36641722405602845,9.272902478231561
1790485819097133770,16.500999999997184,0.8225242208107967,-1.56034072272546,0.7849217799587,0.9949045115893758,0.017161443602080054,0.007203496368703418,-0.09908888591897905,0.09367488338835737,0.27354114167785554,0.5951295970303476,18.281687875197203,0.11694505003425829,-0.3302069047685452,-0.6831798779501859,20.20759662269544,0.13487342862372304,0.026602992499812433,0.047666288735527584,0.003070466565890112,0.3503283487748014,-0.07709607387066035,-0.1224323698472287,-0.26864007558197023,-0.2090401708017156,-0.4492464763262688,-0.11760624414515633,0.46415984302006874,0.25074858583630694,0.08141489690669165,-9.922585870470007,4.000044206749179,-12.683528082685772,0.16018930585875207,3.4370014055634917,-2.3575028711385984,29.10042712892703,3.586919447451195,0.9949096034092612,0.017142836773362747,0.007028715210996395,-0.09905352772047707,0.004447755804210522,0.35033459046295146,-0.07383336904506418,-0.10205143131436262,0.571426135266867,9.71060209680165
1790485819221640162,16.600999999997306,0.8313869196918994,-1.5586310488697266,0.7888084488400761,0.9946460212851341,0.020613369367022568,0.012613865881200968,-0.10047522944747021,0.07734754229958485,0.2184843130877904,0.5760312564142337,18.466917850875927,0.10098907696175836,-0.27520712694033117,-0.6666346352005922,20.385426558001075,0.06145651706818599,0.018845038356817462,0.03799391861017689,0.04317331552343907,-0.0421435104201605,-0.002872345660495073,-0.13165506597281962,-0.7534028293633251,-0.2017239887675668,3.3941230355779184,-0.130552653730667,0.6009998407166943,0.17087005534705504,2.7254667120501397,-7.045312059624105,1.9907565398031262,-13.456803092266053,0.8530383319119685,1.2879279679214248,-4.789939549035499,28.156995204846652,-0.19516574528440822,0.9946463443087934,0.02059403357950066,0.01263696413295691,-0.1004730942669799,0.0433796179860067,-0.04224221157629206,-0.005466449455767677,-0.15079945251710786,0.35713087769799456,10.010418994707225
1790485819339277169,16.70099999999743,0.8355158210054822,-1.5559301190334331,0.7922465132386667,0.9945532377894853,0.02079535779124004,0.004302397986748689,-0.102043616499755,0.06689227811087221,0.17111846418141952,0.557769242616684,18.75623715338809,0.09061505220477638,-0.22562826662610402,-0.6485654365066027,20.670440280769018,0.022266929630240528,0.0286840451338161,0.026732329374786458,0.03276794278025376,-0.22719824317982518,-0.0046997930006380945,-0.11766543168058427,-0.4757424354915914,-0.1894823063923076,3.0861703485159926,-0.11638501505077073,0.4845362794543091,0.17323450488997402,3.079143514913412,-7.953458487069025,3.8574393209280853,-13.017395053178484,-1.6023779079272773,0.927550049141983,-2.5035452063760633,25.459976345411786,-0.17257081999485302,0.9945533229898698,0.020790665097816585,0.004417001345088995,-0.1020388459054469,0.026190440789099365,-0.2287978555758688,-0.0020658064024646206,0.04696872812600916,-0.8063957903213704,9.633121385906085
1790485819457541460,16.80099999999755,0.8463830876649542,-1.5410636760168037,0.7966155485991773,0.9944057269463894,0.0007679168759885422,0.005698265086557773,-0.10547127710849946,0.0870677987474895,0.20900645228438489,0.5721193841662069,18.656824206991082,0.11626052345516645,-0.24920308754290485,-0.6150703749570007,20.549109302422423,0.15257023725896174,0.2853725895828065,0.06245301309242627,-0.707486071281812,0.01263367022274996,-0.11757879417122209,0.4263904311922762,0.985631094104291,0.29111090380806665,-2.934967312642371,0.41636176573730865,-0.5546581752533057,0.5514493843220097,-3.1392051880922813,0.014212121716927983,-0.3229342340251862,2.4121669454272823,-1.267894847478253,-17.130614551208946,-5.530927379039202,41.71354818906998,0.8774837109132061,0.9944116279334883,0.001119349672476842,0.005654628348890331,-0.10541483038556039,-0.704539189796322,0.005388750151948949,-0.11868378417649839,1.306552314614438,2.5463316930947175,10.042020705499926
1790485819576471372,16.900999999997673,0.8665055679314565,-1.5025755613164613,0.8007201073677502,0.9934718346432807,-0.029695684024087076,0.013701087993418166,-0.10928934215490668,0.1112583497898318,0.30540304725925016,0.6114894807108463,18.437437398194717,0.1244641951691412,-0.29537987180030867,-0.5591820387458906,20.23746686345282,0.2495123384702956,0.46902794572784906,0.02640585694165097,-0.40162018439779534,0.17703810211338544,-0.051693066291773365,0.06302219079888187,0.7930424144052954,0.3817608887944699,-0.21387942721419517,-0.41725042686025293,-0.15170379787244823,0.5391588999397604,-2.062738629173049,6.736288009120724,1.658152699876877,3.882959098570251,0.9180021687844047,-29.212053229272716,-4.6248258577973855,45.404831215443195,3.217712746059303,0.9934818111393586,-0.029505504193160493,0.013591967603358132,-0.10926378436717434,-0.40510736948052517,0.17623699219403643,-0.05081535463861349,0.32630906017109673,1.6614951337599755,10.332077937148338
1790485819693765053,17.000999999997795,0.895888760908212,-1.4457599574237185,0.8053756763527093,0.9933864262959534,-0.03488792378048815,0.021493452401629465,-0.10725797093502819,0.11734125107867953,0.35172016427755814,0.6132901034652288,18.708547439398473,0.023640289206191517,-0.29309630403876263,-0.497185744080259,20.12703484795694,0.33971557249858003,0.665668451436366,0.05953376124580079,0.1244725756359748,0.10105959747809248,0.14056838575690722,0.18927989540078627,0.02516318120233748,-0.5940946484911442,5.436381137560659,-1.5278358157014318,0.2253507908558684,0.685263809039776,0.1261491989756254,5.360622293225576,-1.0302012749179776,4.122431021971022,1.1882213174348806,-28.058395032182457,-6.724975452568957,46.00242801166669,3.10523318173167,0.9933777968753558,-0.03495667863926155,0.021447479931759,-0.1073246891360605,0.11484212636576638,0.09728445083945732,0.1356375427570853,1.0917087884339873,0.8170209690869693,10.533981416297479
1790485819812099603,17.100999999997917,0.9308982352494907,-1.383902877547645,0.806155250440941,0.9946807963324702,-0.0035088585141198883,0.020775383998666193,-0.10082749991465088,0.0019244030757393778,0.3023909465767412,0.5529602499723318,19.29957569830811,-0.13249899535810394,-0.30628508873772603,-0.5404013781689554,20.384358310831875,0.3348780291685746,0.513358707640313,-0.11378789209379907,0.4648224309015267,-0.004926039414836512,0.004366739390823779,-1.7145781604557155,-0.3111425023551139,0.9119051795969044,5.701502549551598,0.9241504738378774,-0.868867740670321,-3.2778153331095323,8.235933551427872,2.7658207490893885,5.561248040700803,-36.32653210781675,4.052666312504474,17.483121247685666,-0.3009563608545056,-0.2440493202018299,2.6243199064149705,0.9946796826513038,-0.0037398304103413477,0.0208012591363044,-0.10082484915707965,0.4923891819199334,-0.0034513576870136746,0.0007968430709869578,-0.28911146232936413,1.7463122909223023,8.546959227695377
1790485819933535459,17.20099999999804,0.9676466591364338,-1.3191912837713793,0.7929267783989181,0.9944538534510736,-0.01748258661549801,0.015749628486390308,-0.10250776421365913,-0.037874292501910344,0.2819850327790434,0.6807396160676621,19.889907237670425,-0.021645232839361157,-0.25812686627698705,-0.5608116923050284,21.21076021494768,0.4646100219724872,0.8894013738347046,-0.06761561276694232,-0.8092755045765699,-0.05762723059657307,-0.25670445613790516,1.2735495125669252,-0.05848641287511754,1.7631925795012757,3.8303245303910174,-0.6393968608090375,0.8588397625683393,-0.08332989022190651,6.3072939667777295,12.631089746871874,3.834187885077897,2.8027263467897434,-2.0114346890589196,-37.9832763674581,-4.271232130911292,56.24003852843837,1.9130806548557642,0.9944735408451374,-0.01707521635409318,0.015739046289489134,-0.10238699120148655,-0.8134206408559431,-0.05902385778666925,-0.25087132964156694,0.5789455185714572,2.731182970770559,13.063195281601887
1790485820051738469,17.30099999999816,1.0099310257853427,-1.232482885249132,0.7893086833021399,0.9937522462316614,-0.016203428053356304,-0.002459407944574235,-0.11039870171976456,0.02063052556116361,0.23539180686060013,0.6111572382409711,19.9384835980348,-0.16876294763186306,-0.22432947410976076,-0.5668496539522357,21.69534776494552,0.3878637461085648,0.7153616908441196,-0.12362344931676185,0.5667244269971783,-0.4063392031495248,0.032467152023201655,-2.0138764517882213,0.9195637536823333,1.0345611685980842,2.549602245305064,0.011724546561147048,-0.9864055185820833,-2.452321171558274,3.622835899829906,-0.02559158446141785,5.613003832345572,-50.775512466016345,2.7270685558447827,24.463966343864957,-2.780010097561558,-5.796230972569538,-0.7812465555668084,0.9937463017665775,-0.01646254931195054,-0.002226487770645579,-0.11041881609403893,0.5813871166697968,-0.40401768457534665,0.02074157814347452,-0.7363948865762415,-2.5847163575651373,11.239141792801245
1790485820171768771,17.400999999998284,1.0512033427836884,-1.1651876830907912,0.7770316915450541,0.994763152897895,-0.015113054527678367,-0.009690276764301205,-0.10061790971648442,-0.10963694925068611,0.259882243524043,0.719860669468949,20.332653217392036,0.017649009513882728,-0.2280752657192627,-0.632323335416892,21.778133980140066,0.44068450362699785,0.7635332589818254,-0.15454206431326367,-0.23927862239827236,-0.07973044126602798,0.022297812269622727,-0.0031836261866842117,0.6410054252641947,1.5156301683892832,1.4557889347294641,-0.8935351305049376,-0.5104579946044066,-0.346823058571684,0.7893651587325323,15.45466622444392,3.0034532241709755,8.47743899041221,-0.7111441000064052,-39.0975971882535,-4.418188646868398,49.78383020097706,-3.3901151946464174,0.9947642175671326,-0.014989922437322535,-0.009662826585592268,-0.1006284425783835,-0.23523169603694472,-0.0812699794229149,0.028193384299573045,0.43117776761519866,4.194715346834838,11.012676167104981
1790485820293946108,17.500999999998406,1.0986010045418573,-1.0727332859370797,0.7702976053413584,0.9943144766433903,-0.02252098529958469,-0.009021234662998812,-0.10368290159747086,0.027946658365375784,0.3003771245880259,0.7675533279430113,20.183933491986807,-0.15535635681144064,-0.25001791863152933,-0.6172526616500389,21.852247034646364,0.41240793762910993,0.9133786771101414,-0.06841952058458597,0.49161955228401816,-0.25078169704959463,0.1039058389150424,1.6229526700244332,-1.3012552100777812,-4.707710148859098,-5.628628858203666,-2.231772036799111,-0.7068930104966746,0.006982328809110205,0.2177408000844735,-7.099535951709775,4.864141610097143,-32.89041380190106,-1.571766312780491,25.025880525468374,-1.9980455320276835,-15.3224617255219,0.05425457850009113,0.9943046461179252,-0.022751927061154763,-0.008872240133496856,-0.10373959648236673,0.49797396250492837,-0.22396678534284806,0.09740504671013335,-4.783205111081149,-3.0264941682550965,3.396451174691571
1790485820412449756,17.60099999999853,1.1422479028944261,-0.9953927451988875,0.7610783252824203,0.9950411184002254,-0.016531992655328415,-0.004976132550317077,-0.09795460181387149,-0.08721474173153572,0.3525649567941957,0.7846498482528658,20.115100770488215,0.025875904003517015,-0.3309353441441461,-0.7807517535379278,21.900440759170927,0.4520849591494993,0.6430645615569428,-0.07586067982509676,0.05332120278579108,0.3535816571900021,0.23837140257335418,-1.4859427195154828,0.23055341514294117,0.5582551687832438,0.476850777729959,3.0901612164556433,0.36862867202980953,0.6072331156385757,-1.0644137419101503,27.784094141239105,-1.3445769062004236,-16.50845650930674,1.0876207203345445,-30.477714939135325,-6.726695466843676,20.553226285398672,-2.049491785127078,0.995028100153921,-0.016575245059345,-0.005151405426444578,-0.09807040418716076,0.040345311492379875,0.3559311922360145,0.23437112887588715,-0.26216951176461756,-1.237940903833571,8.610858759851236
1790485820531197681,17.70099999999865,1.18985802191888,-0.9136536952389966,0.7554029781926048,0.9954959477836107,-0.018766314628785464,0.009290084121696757,-0.09246262876792213,-0.033981275943615566,0.38338110907646955,0.8434469026091419,20.15777800885547,-0.06194258285463903,-0.3401937381916628,-0.7323171854114642,21.813210714625317,0.4941847634499418,0.9929206450559298,0.0009892588313624628,-0.09432980782768356,0.1657220463260768,0.13030992145955705,2.3627362158321414,0.34398338220949987,0.20515301786908785,0.3231995835551038,-2.078630327069544,-0.03953397895598326,0.6452453499639523,-0.11414331425880672,10.842311717831219,1.6576387212655719,5.892848473252424,0.3044573299761407,-33.78076219620608,-5.217002674600896,47.5742714062804,2.3817386340581144,0.995491571644185,-0.018727628876107325,0.009202012537665717,-0.0925263728205343,-0.10965261119687734,0.17002718516498852,0.13010627664110078,-0.8817715306668041,0.5655005530996934,9.043563139246858
1790485820648714350,17.800999999998773,1.2353146331131224,-0.8207142814476938,0.7530781134474042,0.9960037906673896,-0.004314366924005075,0.007999252217462484,-0.08884732510434055,-0.021004326307227143,0.37285605252632775,0.7942325285943606,20.38154940082979,-0.18532281406842838,-0.35184986912996635,-0.7191636164596018,22.129124954808034,0.4092297536297416,0.7850975427206195,0.014026556682025246,0.01030049349959352,-0.09934825389438999,-0.05744483235256616,-1.7034464250110668,-0.07970980127506956,0.5731694381918351,4.48363577549138,2.6082057976646817,-0.34996924859191986,-1.4860081109872665,8.689835341524597,6.681072886180007,6.111102946193596,-53.05572297835782,2.6308103242294076,17.14541314059188,-0.02731637375333862,-8.558640812697236,0.9068928799273985,0.9960059213484329,-0.0043148534109732975,0.008049309327587125,-0.08881889043581205,0.023000490064721123,-0.10352149697113588,-0.06175112346915013,0.6559818717791556,-2.74633781228448,10.468815519701057
1790485820770969046,17.900999999998895,1.2767227770871998,-0.7496453032140874,0.752653234254996,0.9955289911311113,-0.00847042709713794,0.00618594397859563,-0.09387232701577679,-0.09477856067518231,0.34061629137169797,0.8236394144884657,20.781581164338515,0.007270295654944185,-0.32521995221594696,-0.7781282883218664,22.88653917313171,0.4367917349723604,0.8247700219472217,-0.014217544056867962,-0.23185261229562076,-0.09197911121303201,-0.21289381507990404,1.3272163564206718,-0.23607536542418972,0.26046212615461456,1.9794319885435048,-1.4961356312709928,0.6721804000707128,0.4000576210565371,4.196221336615807,16.822425399047972,0.5869098537602543,6.585591605802869,-1.8881382950873347,-37.59776776125129,-7.3887653590503835,62.84146067248907,-1.3868802710834771,0.9955396676241435,-0.00835004336399927,0.006221747209826102,-0.09376746143671419,-0.2134999696213618,-0.0967007335209806,-0.215543210522917,1.019885904784942,6.56333322331199,13.475880489592532
1790485820890069728,18.000999999999017,1.3212235682720246,-0.6576583445082168,0.7563264866637601,0.9950790549021992,-0.004197027363304261,-0.0031149276644935288,-0.09894623126680456,0.04593780625706346,0.31091977354334005,0.7694294583764364,20.65211792143789,-0.20083244444303688,-0.2904689670011562,-0.6990182191348123,23.12856770705697,0.43142161123106326,0.8908333397414528,-0.0024284388882377032,0.32083835689313406,-0.21453151885593919,0.05899604049969577,-1.3408657192714182,0.2993911968766827,0.00038380201519100376,0.6220339157302265,-0.8906910837609959,-0.6054180172756519,-0.4463537239702066,1.8860141977821254,-3.9449889755098386,10.12769942652627,-51.56069750966015,3.5788262676140126,24.879205307922277,2.837266651731849,-11.23583455274494,-0.11931573078803537,0.9950757780642613,-0.004345951620021264,-0.002992440626268977,-0.09897653213474844,0.3300691986707102,-0.20289504475047013,0.06325511310142908,-2.2406557994068987,-3.2422744037846956,9.035998787239231
1790485821007646586,18.10099999999914,1.3641267995172417,-0.5798098083905288,0.7535379917658965,0.9954139186790895,-0.013149318915997682,-0.004241973324284648,-0.09465849974671674,-0.08080532350235381,0.3374189081029145,0.8141203897752953,20.857766083284048,0.05942044866278629,-0.31801361302383335,-0.7721884464741688,23.298978681757205,0.41333647758319364,0.6756808904380843,-0.08837790308730836,0.02285376494671082,-0.010650281521952621,0.14604945771247424,-1.0191959306858012,0.4049684723344738,0.5690023193183562,0.8616701217743981,0.7383778814520556,0.22517425496552892,1.3202482497478785,-0.487932128448243,25.968426485918997,0.23265873280304694,6.410980261347291,-0.31832421582208215,-43.70589809791655,-3.7560314868666134,46.22869451742801,-2.9703092958833004,0.9954068758680226,-0.013159879518956892,-0.004236551167306498,-0.09473130781275559,0.035703326802992215,-0.03626900214951492,0.1720374873695309,4.820194572097265,8.374749007245217,11.355732856374292
1790485821125064075,18.20099999999926,1.4122639939574784,-0.4925779629544509,0.7534076642837715,0.9952300854679715,-0.017515862209416817,0.00378238848815021,-0.09589559472572282,0.028451044217838454,0.36300002873270326,0.8288623270265623,20.79990463588214,-0.1026868215239172,-0.31987208493793395,-0.7292168212225478,23.33149886529582,0.4737846227860233,0.9334714091709085,0.036635755174851445,0.5161307386821501,0.037939008172550526,0.041628927852877855,1.6250262807089502,-0.1190832182344236,-1.2463676365002885,-2.076045387861007,-2.9829673623470345,0.015618058363476003,1.0289024920819296,-0.28297791688664165,7.975793974307579,1.8424342320127478,-1.822572379900833,0.16426795416915096,-27.510886491398924,-4.972838586696346,38.3042055849916,-0.5135997046578755,0.9952236074305453,-0.017774593856157032,0.0037878920882551737,-0.09591499830427408,0.4896146123993242,0.04370368333229949,0.03913064310979175,-0.9864667217647966,-2.1614811142974957,8.581902603262758
1790485821243511484,18.300999999999384,1.4571457487446229,-0.4063383674788971,0.7540769033972912,0.9955291261347922,-0.011124927824350846,0.004066640293392447,-0.09370943087504144,-0.06532886944248298,0.36278648808233255,0.8106633961802755,20.91826140156764,-0.04868627284702087,-0.35780944930492425,-0.7758926604334181,23.656139606047446,0.44791205000873946,0.7283336857469619,0.001276864917353527,-0.2899947226489815,0.1725515686030996,0.0595568792221358,-1.1586123422939587,-0.1880054575723094,0.2409357578649792,2.583860614891431,4.2761055069745355,-0.16189148606754356,-1.284593707710659,5.929968540466423,10.594568393735923,4.139516571737047,-40.15786600714551,0.2794321879766477,5.791921957714455,0.2908334587959336,-6.652024970038292,-0.08393678297430052,0.9955282849402975,-0.010988784518169934,0.003966831274841844,-0.09373870464370374,-0.29246607823052756,0.16534532051457873,0.05774733798406981,1.2783439835979582,-3.66321667916694,7.906266091193621
1790485821361475458,18.400999999999506,1.503032091861104,-0.32602118547676157,0.7512707924683601,0.9951342513969017,-0.018163176148886302,0.008934677320560207,-0.09642661598381493,-0.008522495632698216,0.3633626770493982,0.8355348341595165,21.00501570242193,-0.04551651574763632,-0.33298908298935515,-0.7563852021677414,23.98620159275866,0.4923743675395265,0.9515379303071938,0.04097425297758946,0.0040784122818775335,0.03143233604968569,-0.04002976109142985,2.02316030346868,-0.11291724674462572,-0.2552056086353037,-1.6031553391131745,-2.1492589354571825,0.216232019273068,0.7125397488735018,1.2616086521362098,9.52957488757529,-0.785010945105901,7.037976716993737,-0.5167628703756637,-34.31067338875628,-8.400456745449882,54.16100605208402,-1.0094557960140125,0.9951362844202413,-0.018166542057243086,0.008919597788096435,-0.09640639478404828,-0.009651397028841964,0.03479172252315788,-0.0475586814552047,-0.48261045200264907,1.1472968544453928,10.584549623626392
1790485821483457538,18.500999999999628,1.5510201062901543,-0.23058569189727804,0.7532930802286676,0.9952980279112985,-0.00656966667155471,0.004955650333878268,-0.09650967125357526,-0.016840293546292084,0.3549610264157769,0.8005911461453687,21.030311985729327,-0.17745139723437467,-0.3382305191782939,-0.7259803426116489,24.18249477407583,0.45351538426927074,0.8773457496680369,0.03751176053073714,-0.23075600543839417,-0.10302948682601734,0.017100159818131053,-1.53145112626038,0.19660020947052712,0.31577464706641445,2.7401807548103054,2.6841140032279123,-0.4214016489462359,-1.1988076470621012,5.045323261375309,3.661347430360653,8.777711401166574,-56.00657094956634,0.9613972782344957,20.41889490258721,1.3596142805554123,-8.802932587985865,1.2229600505257245,0.9952976974700911,-0.0064499018208736564,0.004995731552269377,-0.09651909056499546,-0.21849753285648751,-0.10295617778458618,0.016252156328294846,-0.14851573624571865,-3.1112604265580175,11.067516156564883
1790485821601685568,18.60099999999975,1.5966758427467462,-0.15257373812614522,0.7521676767480768,0.9952781348103317,-0.015893900281058526,0.006038660309229294,-0.09556334487654687,-0.07643231077464754,0.3450166113452126,0.8333519512736307,21.278316033295827,0.02037025836170082,-0.3307513342868782,-0.7658129347474446,24.600205308435413,0.4938319068134272,0.8869845911134987,-0.012276120300967955,-0.277708958549171,0.038985254163542364,-0.11796878785086985,1.5412482715100466,-0.17615700809309076,0.22080961850882147,0.31092362187610884,-1.521293249786197,0.18190588438501445,0.1520741069056583,2.523039490270972,14.41475137671607,1.2511035733492286,6.268464646267916,-0.9836362231885732,-38.076482557393796,-6.984085471326469,61.235997482807434,-0.7721954734565615,0.9952860846896681,-0.015757207864479185,0.0060069277475454375,-0.09550516657471093,-0.27075057456614043,0.03772049823409604,-0.11983314900104892,0.39530123257257155,4.397705549833879,13.009505695573072
1790485821720541232,18.700999999999873,1.645916788080674,-0.057776525739549695,0.7552924328962326,0.9949962518894189,-0.0058222435911513895,0.001482133348139828,-0.09973145685445502,0.03979488097785188,0.3307908770970221,0.7773166291288133,21.080932149437434,-0.1942127243247244,-0.3151855951922336,-0.7082505829438485,24.787677255067344,0.4778682868776915,0.8799364409427474,0.02237783465622487,0.46135473930571474,-0.08221581036055335,-0.023989375101608618,-2.0488229339138977,0.5281867067478965,0.39027455156707264,0.7353531454134423,-0.5504570580964301,-0.5222634155051609,-0.5493818500620893,1.5345959198925594,0.1984351361395178,9.69284869108874,-55.909596442635014,2.5576624108290456,24.255721517189954,2.2009598638311596,-10.68108937833087,-0.0579982167707731,0.9949960167646776,-0.006047649018040498,0.001546111144469237,-0.09971941688612711,0.47428982528913455,-0.08213129929535687,-0.01850327751387986,-0.22475106261589406,-2.099932731466929,10.799332189873322
1790485821842348804,18.800999999999995,1.6926464212068848,0.021934599259414638,0.7562134336565133,0.9951732467725958,-0.012427856684563436,0.0019143825387642423,-0.09732467531830112,-0.09408928190593137,0.3494423506805117,0.80944764635146,21.300399562182243,0.06062312731639629,-0.3318064546987697,-0.7500840495635773,25.187714837493267,0.48775550720971117,0.7598504782318127,-0.053984128502703344,-0.0421777462673808,0.1311886338150296,-0.04061101597833487,-0.23799485760305433,-0.07756490017942931,0.5027107813903186,2.630299927439647,-0.4429026580542595,0.6122177637997179,1.3705425190351657,2.071378434111702,25.085879092314507,1.160005904027945,6.7172147634101425,-0.15540975414035563,-41.627700329277424,-3.8244148776147107,40.923907018988196,-1.2787120314488944,0.9951756080942917,-0.012413214643252802,0.001847304710769085,-0.09730369274432532,-0.031744120475899695,0.1192582257123983,-0.028303498303795825,2.3071735193690244,5.265599070745607,9.369306325458837
1790485821961622774,18.901000000000117,1.7447471998483344,0.11270937649271145,0.7557212084316297,0.994701294761771,-0.013465998839403408,0.007681873804787022,-0.10163163823023719,0.053419690457869665,0.3208675043752081,0.774592683721304,21.42199478973873,-0.12331863720777005,-0.3196019658899438,-0.7405789212093942,25.489765161344515,0.5750043724540181,0.8898685248150211,-0.13065562893458402,0.2212318868317183,0.5148197695764124,-0.08711923588147268,1.5988018752831294,-2.1834164245907455,-2.9745121866513013,7.85701088987341,-1.7619332299535038,0.6797001268369179,-0.9077285502671606,8.521787350709491,-1.6006217041400346,8.218603686920783,-30.65219955694339,6.071494555063294,14.440142929469518,9.373044827965629,-8.742931804427213,2.1706563505851957,0.9947061696495247,-0.013601854487232612,0.007437656206899207,-0.1015839893183376,0.22791454891504628,0.4674607009896026,-0.045021023006759524,7.238832096846307,2.114385857341231,6.793614557181019
1790485822079661907,19.00100000000024,1.7848121562787975,0.1785448845958354,0.7581699672912486,0.9925731380897833,0.004346348286217764,0.0076686910261654214,-0.1213295758548591,-0.10529543967150816,0.19909803976101043,0.7600302400348845,22.1475443514159,-0.013816224342794965,-0.2595688933691588,-0.848931880987579,26.854482070676436,0.2392659189194006,0.4625404921019163,0.10880453911279642,0.49348917263115366,-0.4344353454613518,-0.31445192812891987,-1.6709764780480114,-0.8971365990564779,-0.758631997146348,5.63758552144757,2.4357798089727205,0.1307440019095666,-0.552828995182607,11.81481165041675,23.36733293629936,5.9551575576892475,-38.88739714417729,-2.5541040900885617,-6.713569999794263,0.14339203194825687,-4.592453381051549,-1.5175485330330822,0.9925915550114878,0.004128996599554365,0.007913548995871003,-0.12117067322272107,0.4918556642958096,-0.434815983321738,-0.311321186243503,-0.5621531727287082,-2.357345302720278,8.41201026323108
1790485822198015287,19.10100000000036,1.8053628008761458,0.21808148191634835,0.7679320732007527,0.9897407713325326,0.022265494473661423,-0.01517644465336374,-0.14031082939534467,-0.23971308864552301,0.19722594761785758,0.6941095639958039,22.350329642016252,0.06667300484337126,-0.26574571550404474,-0.8384130390995479,27.465019348462146,0.1799855926259613,0.3364524733292708,0.08704611017022651,0.35602786345990617,-0.33550986445210607,-0.42516559928717984,-1.1312971809524683,0.6806705420727986,-0.4890529753602085,-1.0349009129761348,-0.7741596027533836,-0.36799338283376926,0.07974294361519522,2.705110964737113,29.371615686496547,1.3514748518711788,-37.57298936716734,-4.687910909783906,-6.098109459365441,-2.2918082144431646,-6.6070157307229955,-0.5473715352822224,0.9897770565201487,0.02210961724368949,-0.014990165942422527,-0.14009938663914973,0.3631879331725509,-0.3465107875821725,-0.426010491095061,1.7851581528139702,0.29672116014892913,9.163343331227052
1790485822317652972,19.201000000000484,1.8221970146816666,0.24688381648074476,0.7787556775317601,0.9875897985563095,0.03171229156627844,-0.023376131058578227,-0.15203380166218403,-0.3220864986382612,0.21114695200052963,0.6287795614479539,22.293643357649213,-0.027365984205251565,-0.3391605382205517,-0.851972600739802,27.57686385203844,0.1630231812710065,0.2490821248502709,0.11091940147829933,0.04366073913983546,0.06905414506379816,-0.11013742391718508,-0.5212401618550475,-0.349641291635903,-0.6779426534806045,0.03724892549271325,-0.6459201844073422,-0.8054875623935233,-0.24873875029146164,0.8222833806889502,22.716849787622166,3.407258529200341,-39.3182169613096,-1.3376723906028019,-0.48850792524582953,-1.3288358708042312,-5.4733662317440785,0.05947459068808714,0.9875980537221551,0.031684195465945565,-0.023408656989183183,-0.15198102124887242,0.04603315253772577,0.06280107438261465,-0.11071889373433841,0.8374620987465243,-1.637563858374394e-05,9.38440143884991
1790485822436677805,19.301000000000606,1.8355018025275427,0.2669030530579034,0.790153417429591,0.9871652810445812,0.03613310651388896,-0.014621492631464969,-0.15487194215563208,-0.36573255233345353,0.15546314034043202,0.5551549726086267,22.285814165171022,-0.04895168233149304,-0.3978783142835097,-0.8647826278061954,27.677644795179337,0.0939069548325186,0.1488869816727703,0.1334891451294809,0.14485260114828644,0.2578169887442569,-0.048035487030313566,-0.4309426797698948,-0.5729374679325225,-0.8568191184605544,-0.928647875438841,0.19349989535222273,-0.26861136460864693,0.06948486816524896,1.1338011395203205,21.132816312566106,6.568542975047527,-44.09937413219211,-2.6668177248782357,2.3685733618623415,-0.2078099134866434,-5.533767647136335,0.007120173609895919,0.9871697217958753,0.036041293895317225,-0.014738397490903396,-0.1548539477805007,0.1429206281477898,0.2565522234180629,-0.04787961601024342,-0.3039289583603424,-0.340354558617736,10.714832762285711
1790485822555176892,19.401000000000728,1.8395104284134272,0.2832149202694043,0.8043255750991697,0.9866473635570435,0.03723268653535101,-0.005769423958231104,-0.15845321324127576,-0.3858669079174689,0.10364330163090058,0.4746678709780473,22.188840251624573,0.02449851731567118,-0.39916942930822813,-0.8457826988309558,27.793160686833446,-0.008018792957892458,0.195274251856898,0.12232139784002026,-0.19161777760390486,0.06792735708989225,-0.1667974541205353,0.030162241318040944,-0.280119003761337,-0.5757018412455471,-1.2498305300910266,0.9282640273600874,0.05973180421177269,0.08354119473853659,1.1992578287461242,17.644056337578466,5.816851740871055,-37.512885510385104,-1.319086767234455,-4.246811025766681,-1.114266550217552,-6.319066193307579,-0.052566517369888266,0.986656806651425,0.037321352984180885,-0.005821220467053214,-0.15837163853454397,-0.19267123237895709,0.07405258376028398,-0.16375311377122098,-1.8528629147172062,0.4718206098624468,9.043145614448523
1790485822675318903,19.50100000000085,1.8348679272424357,0.3035469687839661,0.8156139049253107,0.9846858721382119,0.029453497893401247,-0.002057230629811668,-0.1718196510163707,-0.38504307295245593,0.07611172860885093,0.41829155893942904,22.04569482197147,0.067640026500465,-0.39693105008130297,-0.8522078229243658,27.895621611373418,-0.08138844359907507,0.2250313972781202,0.13343266512184002,-0.16040036354489234,-0.03169030933626269,-0.33471675249495686,0.005752379074936774,-0.20202854786796207,-0.664092915910519,-1.9414720660458085,-0.17587298390066533,0.22345980110737435,0.9248245443020278,0.7461309770926283,14.814207063164053,3.8349539788102596,-34.25517317138163,-3.0516490873689417,-3.4292548753869907,-5.02580054278913,13.685841773044531,0.29551575878339775,0.9847122809367698,0.029534847582132887,-0.0020603373509913044,-0.17165422092277166,-0.1595864313547086,-0.025368125787443102,-0.3360140579321577,-1.4269886639377076,1.6218745046699952,12.69163533125057
1790485822794018849,19.601000000000973,1.8217042004603636,0.3314420283593363,0.8043626022958767,0.9790989755930056,0.016347455722156474,-0.019508421077901312,-0.20178547566955052,-0.2568550904305965,0.17023212144108416,0.48876910268252977,21.76332998937999,-0.1560293332029404,-0.3395451122588798,-0.5413714628589026,27.945684213517946,-0.13420363710330172,0.24090797800528763,-0.2772653192587352,-0.1901276184504371,-0.22911845717126117,-0.6739941161709458,1.0641218675108501,0.5095552003746939,0.22160074023149634,-1.8671190751171065,-2.1598246395344756,-1.8191123898845454,-2.74417388363259,1.7040297173616659,31.33071242610504,1.5519384000501049,-59.94964542915114,-7.6467570060205485,16.54104419891084,-7.422100255654236,-13.405628625957643,-1.7039405893860942,0.979167591075821,0.016457073596423056,-0.019420946473057078,-0.20145178121204743,-0.15545380189481578,-0.23619929578925453,-0.6806563787906558,1.476816009408031,4.8700771799207345,14.802836252197746
1790485822912027892,19.701000000001095,1.810444325875063,0.34055821895808663,0.7961045995284575,0.9764601155347292,0.014570522238815168,-0.00038085521957632054,-0.2152050129548441,-0.24350474709727682,0.20121668026683057,0.5860528999603184,21.532171877128253,-0.18388218340550608,-0.4646738242418041,-0.8049623918097225,28.015611313604843,-0.12816513134142357,0.009147205205719152,-0.05737361973486199,-0.11478199417814462,0.5728977541505,-0.07426287820642703,0.21591911550064571,-0.07554732978039153,0.4653030885757565,-3.050931177621214,1.1902005529904858,-0.544577586302729,-1.7042477115591184,0.48281616510186426,15.40549521357303,7.613528048985477,-41.41258037034799,0.8522227814223013,4.3294940688895345,-1.8980278523053875,2.2718043900212703,-0.11447783083336469,0.9764671187521501,0.014564902250722971,-0.0006734529571670767,-0.21517289810619086,-0.1058861926054697,0.5876550265009851,-0.0793468167654561,-3.0976757036863227,0.7294390820730486,10.457519733788422
1790485823030259443,19.801000000001217,1.7924088479416995,0.3410126391197349,0.7925504009791197,0.9755585850630597,0.0056615728423619225,0.021558792000645557,-0.21860606622457782,-0.1924034076152735,0.199871672578114,0.6211454123677942,21.25455038496518,0.0021571553240467695,-0.40103235444889346,-0.7209174501079737,28.049462355242497,-0.22871784673298734,-0.0022189352460295405,-0.007282758520120036,-0.3716044961676587,0.17034506318668136,-0.013532158819889426,0.7257059030858746,0.2392396734650441,0.28329967464282335,-2.987536064064894,1.9466553884160422,2.0152920121668108,4.459719441033105,0.07736280334966752,10.89811815554381,3.3081397442181943,-21.742277354185862,-0.8487452907977533,-7.735839792942685,-3.0680597990045255,22.714550928002744,0.43037818485012963,0.9755608280527728,0.0058243603374951766,0.02143504495107743,-0.2186039488289097,-0.365056366198099,0.17228748305223984,-0.012740041514074141,-0.11055843755520535,2.0278070827485046,10.582763047409706
1790485823152400041,19.90100000000134,1.7721605807595342,0.3458652403965265,0.7881587276724403,0.9735778708143149,0.0022722983602003716,0.02188916996561302,-0.2272923895757283,-0.15309068002430085,0.23568822014173857,0.6441633935947952,21.09415847164493,0.035035733233813614,-0.36154767214771766,-0.6213307981027631,28.009789245600405,-0.18554953623334766,0.008894068274322885,-0.03271448029499643,0.4403690656166627,0.048437843380418455,-0.25741103273385524,-0.4772833019455248,-0.16142482596098506,0.058077358817417435,-0.5084343554989691,-0.5257390638312918,-0.09350604416408662,-0.9216156842724018,0.21255138114709793,19.486604271068362,4.019135192820903,-42.15790231271474,-0.5615257917634549,-0.12718721553745072,-5.4278085528363915,-13.487859888145211,0.7780457606135849,0.9736081231060296,0.0020552439797075026,0.02191534405206517,-0.22716231265158948,0.4188420237353661,0.07223904469911198,-0.2615261102701125,-5.11551996073612,-6.532015405455548,6.344178687120529
1790485823272214375,20.00100000000146,1.7448116339904651,0.3401291504143288,0.7806248309238651,0.9711565791322718,0.0186993206450371,0.010473867524508709,-0.23747743537986107,-0.1746336108788751,0.22937323593023776,0.6661542779764512,21.10927201338533,0.026098990064235404,-0.4320290681712785,-0.8114907612467388,28.043855500403303,-0.27797234104004587,-0.06310252513637143,-0.057432030955375336,-0.027878103305750718,-0.14183864286685943,-0.20377588542126263,0.40782975533447247,-0.1530254810623169,0.2544885652875957,0.517478412111971,0.3286170381607816,0.36807417868933634,0.37910890124945446,0.06056582492835712,16.971632631755163,4.217896563617751,-37.425362203517906,-0.9890144793790445,-0.9906214618441007,-1.55060815249792,6.707795034534525,0.4288027308272948,0.9711797641917193,0.018730766400160602,0.010537525762669702,-0.23737730423395512,-0.01962385070847518,-0.14849192749395246,-0.2042031628984078,1.0106121017529641,0.4674145644890555,11.101836242801092
1790485823390521676,20.101000000001584,1.7201097521077595,0.33821456685618745,0.7790526289058884,0.969180856644445,0.004003416660715168,0.0033835850486865853,-0.24629452109456348,-0.11141067228777289,0.24723973761636825,0.6872099857419794,21.07468924901459,0.06778030780360077,-0.3789785182749095,-0.6781746209130426,28.02222471933484,-0.16040120387882165,0.06383103785184582,0.004343925312728855,-0.3074020331684037,-0.1740349839270811,-0.15652163190371704,0.4952208179807745,0.09589726494534975,0.025986725064243932,-0.1322446005764618,0.47775670456160674,-0.21775287204429938,-0.4085232965946424,-0.22575220890527992,-0.1554111237802741,0.3637838587616177,-7.7989725783097015,0.24419014837458802,-17.93269893948289,-5.80661685537365,41.053651223339514,1.1854211560273469,0.9691992040089175,0.004174077401505238,0.0034297516437388283,-0.2462188393076184,-0.3293180649916524,-0.17979383770468724,-0.1595101565264316,1.5368903505638734,-2.0680491833272105,11.730804338221265
1790485823507140944,20.201000000001706,1.698198421306863,0.3337757789006958,0.778962394448179,0.9674243938804371,0.014885259833790635,-0.00954489540282871,-0.2525418106700307,-0.12136139954435325,0.25496966679584376,0.6723367516646077,21.007809503110174,0.048897807917257695,-0.4224348712365972,-0.758009733596757,27.99006438078318,-0.29160495726294083,-0.12695984435853028,-0.06607368862102925,0.29661995566502414,-0.2315272545449713,-0.1703390799316183,0.0829204478840615,0.23969257608892247,0.11555896784394776,-0.6617471167230599,-0.14597942591076982,-0.8179446275545319,-1.874045807402641,0.0236043229074898,22.536235031969024,3.2566070461109633,-39.00038601039833,-1.5001789833712582,-1.1615842570571586,-2.5741587150736516,-6.306328292166432,0.03459577042005347,0.9674491947035985,0.014770203048453124,-0.009396715943775344,-0.25245910262602445,0.2995960241865137,-0.23483093285227083,-0.16865786960578924,0.2244004314192685,-1.7373141496821978,9.178887616137226
1790485823624376936,20.301000000001828,1.674591926976185,0.32538289106179596,0.7746140702902239,0.9658501619056257,0.0033918084692994713,-0.012587638024237962,-0.2587730893102182,-0.056103698995324684,0.29333124332141364,0.7313859785856804,20.92583804396364,0.07140336747760977,-0.4000157291645858,-0.6921142971045807,27.929037253845785,-0.120659440794998,0.0008389315573724177,0.024574614556501034,-0.27041660396472467,0.042006005523525465,-0.1212141671108048,0.15938883652185193,0.5217963960349011,1.3422175077338787,-0.17765621042801474,0.48292779975891365,-0.2833399874869344,-0.5499389660418578,-0.8803137354526448,-3.6086986365148754,0.5627281515373118,8.328569406653719,0.43066807437217997,-25.804922556981754,-5.947704759495956,58.90264526633617,2.132762363179203,0.9658651115935444,0.003516201479276015,-0.01264311747431846,-0.25871291833628446,-0.2828676184633021,0.039075040808268596,-0.11950967109200722,1.5573084436807163,1.7815161827956927,12.038582768654795
1790485823741712287,20.40100000000195,1.6636006489367785,0.32474836143023095,0.779744011118892,0.9647114720912612,0.014147542028302009,-0.01512890086200744,-0.262493312350572,-0.11985203981103558,0.2554888639466714,0.6463786450409748,20.921591237371675,0.04809940038657505,-0.41886655190122085,-0.7267398978322888,27.8443420869047,-0.17492190710248676,-0.07869506840554755,-0.028656182433701816,0.5093241509178527,-0.0737478909268153,-0.05363803265356657,-0.464362444100941,0.13153003581348008,0.29578310289577825,-0.10368751724076487,-0.4803968690638061,-0.5912692274907139,-1.457157602498592,0.014232356165516597,28.468390600387377,4.408786999327682,-38.79674531224625,-1.6857192554100742,-2.6093785110799477,-1.6852988622998564,-8.307520471693673,-0.0820850376360954,0.9647226403233478,0.013911139553622585,-0.015026859970077591,-0.2624707620351381,0.5310590082009773,-0.07058722230335963,-0.05173045050520576,-0.7670723018986821,1.5173271137959181,7.928224542540989
1790485823858989498,20.501000000002072,1.6436066974586219,0.3135096325863344,0.7762527452026206,0.9634232582590538,0.014943273617931623,-0.015539927811784232,-0.26711577014975085,-0.08260376828214872,0.26748568548405405,0.6774231752581488,20.867850585157086,0.03719325412208226,-0.43312323482939186,-0.8038357701638376,27.83607189936906,-0.2149940614039742,-0.11629940464640443,-0.004659070168306989,-0.43886858553094193,-0.02607633506510397,-0.07554250611054328,1.0773918224318488,0.01953172359356365,0.14332050496426146,-0.4942826524527057,-0.013477718910217665,1.550839650712904,3.4413363010716185,-0.6914235422965266,7.391664850617933,3.205317069448059,-25.09266520130887,-1.1731975428684958,-3.623494914431903,-3.6020043723431807,20.06058812872029,0.27157551397663243,0.9634302471376255,0.015157577083381085,-0.015586544937289677,-0.2670757689761745,-0.4365156512100257,-0.021911690007585752,-0.07824135436079885,-0.3177257582255715,0.053410139483971095,10.433213508805546
1790485823976313659,20.601000000002195,1.6297901506062575,0.3088451110181822,0.7774329140949018,0.9630110955282914,0.0021446958369846264,-0.012384487957656681,-0.2691684502819616,-0.06229715024132372,0.291078648379711,0.7165868973759911,20.84278328724619,0.06250156835673128,-0.40221141845011404,-0.6992929397937627,27.733841230036983,-0.07167246686308239,0.0017575912398928688,0.07073518763159678,0.11526800222763427,0.03452979964510877,-0.037898794477461105,-0.9183333653283721,-0.5287195600902148,-1.4121516567246442,0.43614285621537513,-0.12782820407147202,-0.011968526267127758,-0.00851926434038051,-0.7389831712138925,0.6537779039667088,3.4185446129054564,-11.223590103761305,0.9747089473729643,-12.29714692268192,-4.405553866548741,36.02811819847716,2.83267832648219,0.9630161039828042,0.0020843118052942607,-0.012385641609040324,-0.26915095206224193,0.10755198142635959,0.0439071022356639,-0.037114696139891545,-1.3116005208849044,0.2555117336659279,10.45503527568866
1790485824093722960,20.701000000002317,1.6137577494758857,0.3021481239865838,0.7764004005902542,0.9620893466863097,0.014483376913717113,-0.02190599485948285,-0.27146721381246336,-0.09320948832300396,0.2774532572272252,0.6752330395957852,20.873991724808175,0.034753410325667984,-0.42917273232104347,-0.7981176878696405,27.75407171390931,-0.20642164849162226,-0.12409567597425003,-0.07366761363459311,-0.03285742184629637,-0.08505838031031616,-0.058384227735019084,0.4808324163958504,0.1901704706231763,0.3634124498171002,-0.230154405331691,0.08753359854219514,-0.3203004813450248,-1.4318476935670013,-0.04240402499893155,24.622577213110407,3.361478756875254,-39.546583320884636,-1.4281545230269035,-4.3764403440229325,-2.0151331632765688,0.672942699685044,-0.0014255870379068156,0.9620979636792784,0.014510088578699775,-0.021869960603396667,-0.2714381521393605,-0.01876995908041046,-0.09088506166280874,-0.058349941980264816,1.1839915239833874,0.4744963848700673,10.25390222872863
1790485824210900172,20.80100000000244,1.5977877947071868,0.2944893760502923,0.7733354306910921,0.961690459628585,-0.0026543315761008235,-0.019115950309369825,-0.2734574826678047,-0.031003694757612624,0.3118878606194162,0.7463697240885871,20.82171869702929,0.060180824611008286,-0.3928768515640049,-0.7028672130122919,27.62421398816559,-0.044897538251377794,-0.009868104279518258,0.05002480611372693,-0.17379531269677878,0.18895926562955445,-0.04792686243833341,-0.3748155248296936,0.19486230037885885,1.0024145517876983,-0.03846533056881132,0.29140004193841407,-0.31837891048208505,-0.3159172592858887,-1.969603546829655,-2.858842200851023,0.45531722984390677,1.505752319321199,0.4431040036518678,-20.67461217117177,-6.097605651577026,50.16818902511458,0.9467975166299116,0.9616954289960746,-0.00259705715287197,-0.01923050951503288,-0.27343252302166077,-0.18870384837028223,0.1883443649671067,-0.04827577860413532,0.9266910026474879,0.5725163619371841,11.440627123292247
1790485824328131204,20.90100000000256,1.58929974161999,0.2912830207455112,0.7760107462882018,0.9606896710837547,0.01135387383116481,-0.020539866907401522,-0.2766307273052664,-0.1003656507026705,0.2793583293352808,0.6704704265171386,20.804293224115238,0.026033233868967155,-0.43292872018520245,-0.752361072175954,27.516853665995104,-0.15764048992085575,-0.10340881245688545,-0.0592882709246239,0.288810000950147,-0.0072265343396228825,-0.054220543478277254,-0.09209383612711847,0.3185643836708242,0.5500254801595064,-0.5325986128415011,-0.21703544167793423,-0.7701281235556253,-1.5709460742326233,0.07803321257802948,26.986359875491083,3.7069878991849228,-43.30050823489652,-1.081681073637538,-3.261824656314878,-1.8472840781362707,-7.077854254251662,0.05917656980170258,0.9606988740142474,0.011215588015978665,-0.02049675640356569,-0.27660760479449437,0.2986146775316139,-0.010580464832983541,-0.053776171891025154,0.4973287782302816,-0.917378512175437,9.303236993099196
1790485824446141778,21.001000000002684,1.5733677207530647,0.27941457833494393,0.7712974284509388,0.9600432492095707,0.003286646525938591,-0.014338401199256338,-0.2794647882163215,-0.03670099028529363,0.2984083695994266,0.7129636136769059,20.731738783474587,0.038543243651756945,-0.4066236220487337,-0.6909865862237827,27.48823441498058,-0.07477410778748719,-0.06489683326421139,-0.0024731334735685704,-0.5195680573284996,0.23298381897221074,-0.09044650381034214,0.7181639517177937,0.26196851576287694,0.813814519339082,-0.6712019405463169,0.776081069048196,0.26213901024985103,0.18077138589259728,-0.4667956325731187,-3.9558757485596727,0.7030385146738594,10.016589356919118,0.2093646209289049,-18.966272822300187,-2.5989055223648796,54.75338789783998,0.7423367844681694,0.9600533234985804,0.0035028464734073793,-0.01452298699360193,-0.27941801830715585,-0.5089378539476498,0.21184421412062313,-0.08582716688935318,5.013454401508465,6.452102822105487,11.505252439258593
1790485824563754276,21.101000000002806,1.5682643293790912,0.2768120778322424,0.7761863671892545,0.9589347957056318,0.005889067952658036,-0.011325594078432687,-0.28333920904530346,-0.08865800237837165,0.2873808471296512,0.6714599835816503,20.747400068589027,0.0392359278692109,-0.4196252121727787,-0.7150655770119357,27.43020949545851,-0.1348505244859703,-0.09333123094044792,0.002094377556125838,0.6046546166361355,-0.12658283393993197,-0.049867474661044985,-0.643047933075359,-0.03328423219452256,-0.07095611738044316,0.6500111998318429,-0.6460880309848152,-0.49798978734400634,-0.9486377830560335,0.7700732716144653,17.57049173448001,3.7761454740968996,-37.28093053453764,0.15639614158874776,-1.8407693969150056,-1.568257775374311,-9.689828955256285,0.5870184417455628,0.9589443116069362,0.005616806049251572,-0.0111793868510381,-0.2833183369218093,0.5910081511245112,-0.12491314631833575,-0.05076116436584466,-0.6373891222613871,-5.234269523371525,6.769517724567685
1790485824682087066,21.201000000002928,1.5522032753728465,0.26389779432025895,0.7706287445025451,0.9578518268221509,0.009795629629716904,-0.016082644084545874,-0.28664485352588454,-0.06469968981228157,0.29261340589602525,0.7061138940474861,20.810490487882888,0.03834942847483927,-0.4447978002270708,-0.7921363581195574,27.452147535037877,-0.17069342114695976,-0.14609547955612576,-0.019193403647859052,-0.3158010147907463,-0.06846393049476002,-0.04540982161728278,0.9115495362696091,0.07648898869897959,0.14590543612747403,-0.011697577174609564,0.038674221501484196,1.6189927813821485,3.7800759995878757,-0.682057059400283,6.986541350921059,2.7611265980968365,-27.05955590940594,-1.877547836931494,-5.2100269884461055,-4.930047556619017,23.608070702216892,0.6489887121285015,0.957857326124619,0.009956322049754109,-0.01609533849669343,-0.2866202269891534,-0.31997143691946683,-0.062193475666027176,-0.049569815960563555,-0.46410238833870315,-1.1783675604517516,11.579116124384086
1790485824799230859,21.30100000000305,1.5447093927785809,0.257262418353173,0.7729372528267971,0.9572755837684624,0.002976140305578476,-0.015782790742773452,-0.28873084841422963,-0.07096525117089994,0.3003048250144635,0.7004046457408463,20.821885738587877,0.05428635574663769,-0.4267123885200174,-0.7219046166520191,27.423760805312174,-0.03566816230006781,-0.02626614018906667,0.08103899753112898,0.20113974164768628,-0.08917195227703596,-0.02210724619676238,-0.6420449966887648,-0.7486087411416887,-2.0138922358199087,0.799439875803631,-0.23996867470437397,-0.04807152452244082,0.04705969558810783,0.11614205887826196,4.0560625446439795,4.595250474574487,-18.151664358203874,1.3368091739603671,-8.027991981553674,-3.0675919130298497,25.000524652980324,2.6994494078014695,0.9572797724405514,0.002892566095453125,-0.01571110485312147,-0.2887217198650702,0.1964694661420921,-0.08528736423649147,-0.026892980145944642,-0.7172127744772361,-1.5887180451555345,9.946720899558173
1790485824916310393,21.401000000003172,1.5323300416833823,0.24499401599793197,0.7693010646315654,0.9565518459569601,0.011787749824030623,-0.023655327361793554,-0.2903619128567382,-0.07172252298354215,0.2951966618295905,0.7061673260228816,20.909801532456836,0.03368335294310568,-0.4639244275659877,-0.8344045459612033,27.467558586445755,-0.15727996965789126,-0.1631220295461452,-0.08209860560217296,-0.25983551157547763,-0.049551104231477926,-0.06172542606656708,0.851484006426902,0.1706746718369949,0.39875401334595734,0.2773182260315448,0.28413748024522734,-0.04499320776274459,-0.6997943632292563,-0.032444940588629165,21.937390274650816,3.1021101065594476,-38.150665646619714,-0.8134707146545663,-4.011914126485863,-3.133382648268592,4.3161710224479055,0.12623547096140977,0.9565598531273413,0.011918486593162119,-0.023669715013502356,-0.290329023098806,-0.24583700351810842,-0.050334707099581474,-0.06347049303325844,0.316265698754545,0.4934926235411577,10.262492103365814
1790485825034645903,21.501000000003295,1.521493687652072,0.2317305035257043,0.7690283718183349,0.9560515710541865,-0.003940859416518527,-0.018333486516397362,-0.2925982679101739,-0.019132095900592314,0.32017324214187065,0.761917937685467,20.90424361990762,0.06836977596930889,-0.41658102552223975,-0.7262599114065627,27.39567083497414,-0.01517550932228953,-0.05211366560928133,0.08281805627431213,-0.07867846194897529,0.05549968546668777,-0.014816664816286523,-0.803858583347074,0.28108055638948504,0.8783735515523495,0.16233514396453733,0.19079713745809465,-0.18240656729955346,-0.09336623814780295,-0.6921056218566809,-2.427793268533149,0.3718153248537752,4.690261785042788,0.35765287951576297,-21.975338485054944,-5.9781737563296815,49.90607393609174,1.492672369262691,0.9560533838643056,-0.0039115044547589125,-0.018371498171023362,-0.29259035423175317,-0.09337893652345879,0.056972127519499205,-0.014587565367320584,0.5896782757529138,0.6847206072522797,10.494232246696027
1790485825152162212,21.601000000003417,1.5169432311729392,0.22405326565478445,0.7727889673377335,0.9555878339144378,0.009579021477535886,-0.023997759207606644,-0.2935715271876,-0.10484327160758063,0.2902013504739707,0.6843273105033245,20.949574077364634,0.03430837021419445,-0.4533227574724962,-0.7784147176222219,27.374818477339254,-0.10352079588531485,-0.13366843779966942,-0.0368397863094603,0.14699521927399675,-0.03923972748435914,-0.0409068140479788,0.11313373633527357,0.28069394764899575,0.5460261141094801,0.3405990167417384,-0.0630530060711707,-0.5746345472411172,-1.387583911109272,0.0953065573152312,24.763789427894224,4.14010150596708,-42.88476229835823,-1.964740016259663,-1.8364857455464036,-1.7285838967688545,-6.365760321279591,-0.03258362258356851,0.9555950103555165,0.009514057023717656,-0.02395762974821726,-0.29355355708871456,0.15591986799186297,-0.04052772915275279,-0.040637420267715024,0.26980978232745817,-1.023436460126329,9.341996950505816
1790485825269024049,21.70100000000354,1.503275433611285,0.2064426092236448,0.7669793452296413,0.9547507737916829,0.0011514964241078264,-0.020875805830457735,-0.29667125700191765,-0.03304357409341792,0.3110271263587322,0.7252058051408707,20.950504803382792,0.040369771581851996,-0.41791346427444137,-0.7211628063156645,27.348186640401646,-0.1394241498697397,-0.1606310564098219,-0.04107944415041723,-0.36030986956738864,-0.08812910051693296,-0.03104655240547584,0.9337799241056463,0.4455172495157959,0.34663518434981155,-0.5711914078203252,0.05638175664894232,1.2126086994960954,3.4293062862682704,-1.2406535619228112,-3.0457265093097843,1.8501459775501328,10.367824479064364,0.3699619882209803,-23.377926772858856,-4.788182806203052,62.67376110086576,0.5696307954057568,0.9547560750012012,0.0013362480910998759,-0.020887199471337468,-0.2966526193843316,-0.35111991347220206,-0.1049578207751815,-0.028005508564920255,4.11237074274761,6.600528953496857,13.37120498239271
1790485825388907421,21.80100000000366,1.5021065282959651,0.1976790881848836,0.7743065761120012,0.9541642497789719,0.0017090984599984027,-0.016077081445397944,-0.29884643360492863,-0.07402384816237963,0.304594448404535,0.6979863516190281,20.97077608219895,0.048392694111328016,-0.4262881338184773,-0.7164068209328063,27.29212698848605,-0.05068819946271979,-0.07849195639694094,0.04057448232119538,0.46435959733365917,-0.1632412125887641,-0.021048812925876383,-0.7546310818020945,-1.1526739153991883,-3.5673314677674854,1.1801744858281416,-0.5182269458746304,-0.27478103987306224,-0.2538116989385802,0.39873798707751834,18.067229901231904,4.563424087029907,-35.00966139194028,-0.5348811415263316,-0.747119364581258,1.0646160422643463,-10.88686611670099,-0.7906283538521747,0.9541690750501187,0.0015117835720908578,-0.0159298333769961,-0.29883997580145494,0.4631138879159682,-0.17754554320588256,-0.02428297573266292,2.158004510291996,-4.215033375881943,6.938137605282251
1790485825506066729,21.901000000003783,1.4924939777539221,0.18196516469183632,0.7700736257325657,0.9535028018781604,0.0069735644509008364,-0.019784382451216807,-0.30065321288882135,-0.05725189322523451,0.3137088927412399,0.7096108294512591,21.031830365491537,0.04632275413709651,-0.45571235994474585,-0.816846806167669,27.297502790982097,-0.11989409404106022,-0.18325946062830362,-0.04752050593706697,-0.3483103215412781,-0.03211558508721632,-0.03688840341463436,0.9679156908361894,0.2253674275947774,0.3343301133685343,0.17637848653049296,0.24904869928532916,0.6970095953748453,1.325152765982338,-0.4072729249878332,15.225566675029638,4.586741779616468,-36.82867393179968,-0.07135204870328817,-3.7224467251331648,-3.9792225682794955,13.544872984965872,0.5105170855961048,0.9535074356529133,0.0071440846957183425,-0.019821559925352773,-0.30063206410925575,-0.34139348023373123,-0.02215906398885913,-0.03894476329040865,-1.410098871850791,-0.3116806750097041,11.374624729358754
1790485825623263563,22.001000000003906,1.4896762043179153,0.16932096768738844,0.7724780332519816,0.9531520108817331,-0.00014072556765206272,-0.0146113130326153,-0.30213860044669233,-0.053791090440820186,0.32633171726782645,0.7520259298524266,21.04662411237877,0.05957540813975464,-0.42104436207279194,-0.7182905452233374,27.261163711071763,0.02384452794972385,-0.10353466501610535,0.09794833483574582,0.3727419690939253,0.0758963407746939,-0.047406824023195036,-1.251319577887804,-0.7742107288956113,-1.7593369939981807,0.48899037262346645,-0.4489289382303482,-0.12461376580633722,-0.024501839534056123,-0.2936153023386321,1.6705482986477538,3.9753289330756454,-10.479878290873362,0.896038976209629,-13.883905411212554,-3.541318300883894,35.01151179533332,2.095776419289128,0.9531585743901402,-0.0003301773876613931,-0.014591169935160579,-0.30211871972681725,0.3635321612115286,0.08533513370155867,-0.04504954691790905,-1.1490834113859059,-0.0036921462859449486,10.038389797453483
1790485825741029427,22.101000000004028,1.4822855707898062,0.1530783365356873,0.7703779994076053,0.9521041140912802,0.014108927723324722,-0.02378898999381808,-0.30452057080603223,-0.07978679369942268,0.2978592096798801,0.6983265544289352,21.193543834355406,0.038853260194472015,-0.47076311960496786,-0.8200467434924511,27.291620366841673,-0.12404954441645018,-0.22555325308470084,-0.10056659850968735,0.0077584401152142116,-0.037996064138600835,-0.0993960774992997,0.5030034626965766,0.195196740043595,0.4631529991745732,0.8426312351313759,0.21992925827597729,-0.43959158115036184,-1.3940708645339852,0.22649243095299687,21.6961583697661,3.6649885209941133,-38.43119439791662,-2.102729268078383,-3.4997363433241544,-1.5361259828855978,-3.3176789798742945,0.022882120714678933,0.9521197534872493,0.014109837307295307,-0.023770421739214384,-0.304473076906452,0.011611440912980307,-0.04091767706344638,-0.09870305153811951,0.6807500544313153,-1.6297250508157926,8.906411298758226
1790485825858022993,22.20100000000415,1.475500293691505,0.13529498646927224,0.7687966117665938,0.9514367172545335,-5.94376168588283e-05,-0.019742644887867904,-0.3072106728287906,-0.02209576253957253,0.3201877614272061,0.7482951250001532,21.221650798187692,0.07511461055152094,-0.4286101380620497,-0.7305555994116326,27.321052227490522,0.03886660770214055,-0.0953740588206642,0.09189184043061618,-0.14553422703782884,0.04413687213113077,0.013092347562741392,-0.605225768811942,0.2641511801243995,0.9282806323912224,0.2006403047162893,0.30054671909297426,-0.028054838660793422,-0.07663159711045915,0.5616948761443673,-4.022659005994362,-0.09334848401491591,8.298901710915702,0.2770367345055639,-22.433585441260213,-7.154198743204332,55.171663781112244,1.9789889972458095,0.9514342720648695,3.1452665564070065e-06,-0.01978599677368423,-0.3072154622771631,-0.1561668818346295,0.04892821249178525,0.012600250577861438,0.12402744413607683,1.8574661647814397,10.718832072336767
1790485825975446334,22.301000000004272,1.47302078107709,0.1225065214338828,0.7733664620322839,0.9513816728406495,0.010961950498633004,-0.030522755975916676,-0.3063023173138366,-0.09206262944843041,0.2933152453863674,0.679466778084538,21.347375615902326,0.04371399120953576,-0.4447647662557278,-0.7818810256145978,27.404643764466016,-0.08329222960929762,-0.173223572799212,-0.05055324883966974,0.0616972522708404,-0.17349048045174942,-0.011285418917417103,0.28892209658489576,0.22837391775525404,0.48909641752026195,1.5616889768152966,-0.09169471752193364,-0.4057138417655524,-1.393160420840787,0.1357866488139108,26.038147798995315,4.464024882351906,-39.54680757960509,-1.0172298338666326,-3.3781777462763216,-1.9463461908467958,-6.217070284333736,-0.15803097000918165,0.9513863830332582,0.010958999671519603,-0.030430840863873414,-0.30629693832849547,0.07626472243116982,-0.1680861782427922,-0.010199689476694036,-0.9676886894553893,0.18888793095100798,8.252226483015233
1790485826093765734,22.401000000004395,1.467169486622241,0.10549992193428656,0.7691469056527445,0.9511086646516548,-0.003976102419976691,-0.028653899207260376,-0.3074987035652516,-0.02355609406658659,0.32365006418155035,0.739358814595637,21.4047049141576,0.056955254889848844,-0.4046658814603733,-0.7148126394106088,27.356360437602298,0.046489993478687,-0.12347268417058854,0.046275215640595266,-0.2245189367935215,0.17525204175212916,-0.003075844203494656,-0.07406092695860518,0.27511907752701315,0.9435740834534295,-0.0861137121104093,0.43162342905295564,-0.3455934959503902,-0.4256248290039429,-0.5296433445979037,-3.571437467613848,0.049598268966753845,7.092926276783985,0.47456617202276447,-24.16168304081983,-6.599976427511751,61.805732318190806,0.6740929423356492,0.9511070634430784,-0.003896320382124518,-0.02877175431003358,-0.3074936726342274,-0.230260976669754,0.16988684051653116,-0.002896346049445952,2.1012840119332767,3.345363122118329,13.103993184953547
1790485826212291473,22.501000000004517,1.4659907385226756,0.09057577827530314,0.771488350393965,0.9507179835949763,0.01118286462386464,-0.032841229318237394,-0.3081099038732355,-0.08316765519171095,0.299292361662216,0.6831501931330362,21.492286872097434,0.028634123557490586,-0.4584137397887109,-0.7911714352028428,27.364742758022306,-0.0643012194223999,-0.19960659774370335,-0.0663168665991328,0.11245022268101398,0.029715529045775207,-0.04854835866834008,0.23538937970089924,0.19332586553089467,0.570344246715407,0.9235327736758617,0.08999561937788722,-0.6269796140408004,-1.4540240738909196,0.2541716555571679,25.390011522870026,5.3878909681116465,-41.7964287452587,-2.5543905743074133,-3.1106429794689245,-1.462092218829235,-5.735899328215901,-0.045104891549354986,0.9507256016328188,0.011124035358928596,-0.032838302738167825,-0.3080888380167726,0.12362903925815086,0.03549429328492,-0.046359422734953554,-0.8561499690184909,-0.6390415515132593,8.968473951836573
1790485826330265817,22.60100000000464,1.4585988155268328,0.07052380612619369,0.7671335649619113,0.9502112539582287,0.0015623857136129067,-0.028317662864128183,-0.31031313502964186,-0.016007298299782535,0.32380988830414464,0.7250115357394519,21.520202185378313,0.05676456966255334,-0.4269327467783665,-0.7276970829157204,27.422939543520062,-0.013065823462468073,-0.12323820134882336,0.024900612311483893,-0.28066942614066936,-0.00033400083160721114,0.060969381471736195,0.15166681925633588,0.25317793241949726,0.6527649335309479,0.3281563976768649,0.6101736776776759,-0.08326839787947707,-0.5166563808361325,1.695555508772928,-6.478072906055742,-6.663485461686943,9.824561721192477,-0.30452368454953016,-18.25578960330082,-14.514941110891108,63.37564382260275,4.707093804756602,0.950201569832233,0.0016966483983385276,-0.028361003962225677,-0.3103381245139335,-0.2845685872221381,0.004751498047762042,0.04711190510358703,-0.129584363217595,3.3816908716601457,11.913005237872948
1790485826448082803,22.70100000000476,1.4573973156360325,0.06546591856498973,0.7748292872143007,0.9606153936937532,0.002840430629231103,-0.04147163127343889,-0.2747546198919264,-0.13805425466944052,0.23160493354804235,0.6560537299105228,21.501399927381698,0.04923279497115302,-0.44127917195675875,-0.7547683680326281,27.64484908782597,-0.06715565986033013,-0.11878804239121081,-0.020451690549629354,0.45547681324061673,-0.256016924798989,1.2397347301226425,-0.5635757397691312,-0.3724456816861683,-0.12751345307427536,1.1585329479154993,-0.36473167048690947,-0.8111147543247273,-1.3760807612785888,0.7106393708561329,23.764097631854273,5.5252053022293035,-40.98428059419104,-5.279829904743883,-0.2019735920629374,-2.9848716198645375,-7.3323199740100575,-0.5150067127632334,0.9604508205460355,0.002682538806607173,-0.04128432213578818,-0.27535909290195515,0.4625229624392869,-0.24363462272780925,1.2374185633058956,-2.1056386521369284,-1.632165703368269,8.811811998845142
1790485826565367675,22.801000000004883,1.4490882738597533,0.04838634138412049,0.770023543009728,0.9763916589241219,0.0015956660332211651,-0.04282133757584574,-0.21171470256344196,-0.1094172030026796,0.26495681884709166,0.7034817127967409,21.36859418207447,0.0732080549160632,-0.5036460207622075,-0.8939254485892929,27.66671228962988,-0.08257915360686964,-0.22691897258647958,-0.08830709061665769,-0.2841801907898488,0.3248635630034669,1.3646313411527715,0.9044986529452439,0.40806230688772277,0.6758250055707019,-3.1855044334937577,0.3440096919453685,-0.27545319545228825,-1.0176144889372944,0.30397056017760515,24.281777023635065,0.6387031121387622,-37.359021731553376,-3.451094867298531,-5.03938472685862,-4.186615296676938,-2.4112760248647938,0.20471767348823905,0.9762397703844113,0.0017292296705428388,-0.04300891744577065,-0.21237503032296595,-0.28040068078542435,0.3181954527486578,1.362630063811848,1.200084484195357,-1.2548103499602659,9.230152988659944
1790485826683151981,22.901000000005006,1.4418117710819025,0.026827324949463972,0.7659684906094434,0.9894646840220123,-0.014358620960509608,-0.018803400735277816,-0.14282822269468082,-0.021909420997710736,0.3198002446229057,0.7698396600887946,21.054210098785166,0.08751594872031085,-0.42170957322638813,-0.6896932294952408,27.620697640439836,0.01638726664257209,-0.14748138343719328,0.09655859404466904,-0.10416507736682909,0.6420905416659622,1.0853499216867992,0.47723128777881396,0.5376750036376968,-0.32606939415021496,0.48235857810135696,0.4802935104979227,-0.18286409523957592,-0.7696420693079848,-1.0399508207823802,5.144332147102606,8.187869058942326,-5.157108592149127,2.0567042215389213,-32.26801019698547,0.5630001180915853,49.93008273926353,-1.5995848313080288,0.9893816877870811,-0.014342734445842203,-0.019136290827731096,-0.14335956268613623,-0.12616862993777558,0.6423887829039698,1.0978117957895455,1.4488309932668768,-0.9385004680710255,13.277931347270641
1790485826801474841,23.001000000005128,1.438116562963806,0.01177843954110775,0.7783483784358454,0.9920823809937092,-0.0007869899368131169,-0.004800682508254817,-0.12549455532471196,-0.010572796816564079,0.3241033234508315,0.6844164413391088,20.96099413548775,0.08353171771662778,-0.41402136916913285,-0.6950189546014992,27.51408155136093,-0.0964944036134421,-0.15763358705286137,0.07995327310499244,0.34951526027579044,-0.020442467539580664,-0.04473924914040486,-0.15873842671702093,-0.1572423327801625,-0.5318641129103756,-0.8598195505293327,-0.20530998908140052,0.01809020474435452,0.11883314256543209,-0.5614542511040054,10.233306508075625,3.624204442895742,-21.77471404364653,1.862704346187518,-8.784902271197216,-2.79261876996404,19.001428745472793,1.2341647519138497,0.9920850843469312,-0.0009591885697464199,-0.004768593391974302,-0.1254732078600531,0.35299683461465436,-0.017809490666396154,-0.044302994077852806,-0.23166306754599122,0.3077524040748861,9.36154639606488
1790485826919768942,23.10100000000525,1.4300353280778493,-0.0013296992099291265,0.7846981400907708,0.9916206103800834,0.011572407731511565,-0.009585761011377177,-0.1283072781823355,-0.019952070595378433,0.30343747758061196,0.6411782809882308,20.949129443265825,0.07049673184760637,-0.40335659050639044,-0.6818053618838155,27.5231935862953,-0.07136092957822274,-0.12533574881324439,0.045863234948804545,0.26658291151536584,-0.12306893118214306,-0.047921040432437195,-0.12194358209990153,-0.12044265599673666,-0.36761868529531416,0.09639632248587031,-0.1554458796811395,-0.0034041312507331178,0.05495673101960408,0.27575785761338945,7.829791348788049,3.9804495673495657,-20.361860890395683,0.04489213454869082,-7.513209441001098,-2.3368974282287485,18.46404882614239,0.6113646882511056,0.991625806076053,0.011447898689195204,-0.009507917078298527,-0.1282840826153126,0.2655257422482994,-0.1199563786444735,-0.04658751426246802,-0.08556680279161627,-0.22089432983608312,9.206031330703658
1790485827042925980,23.201000000005372,1.4263618364484585,-0.013463344591488386,0.7874274329077524,0.9910554648976783,0.0186318306675731,-0.013172793323759606,-0.1314853524103429,-0.016737665167280744,0.2992876225604006,0.6179621616290577,20.944510560327007,0.06990362623876115,-0.40798971658217253,-0.6770360821139054,27.516863813420187,-0.00013934118854831766,-0.08656563734163926,0.027006574134361663,0.002251611883423263,-0.01681034491930348,-0.06289425770230611,0.15893787777303278,-0.04605870477938481,-0.1524446439048103,0.15550711113344529,0.12764388625964235,0.06643971200368692,0.11685378136218394,0.21363831844251285,1.5046047502918556,2.8839804339430115,-11.706068077514104,0.24319644591147255,-9.231757858578375,-3.143535138988923,30.891770281531684,1.9236316617015952,0.9910597309042483,0.018631405832093512,-0.013164901215263113,-0.13145404471796193,0.0014591863130042468,-0.017347526890898513,-0.06213134532398251,0.7244039200504286,1.0192063996010425,10.135448041814803
1790485827161700805,23.301000000005494,1.4255096095192352,-0.02307941775993214,0.7905889197708303,0.9913620023366072,0.023207245558059524,-0.019928987487796944,-0.12753681638833747,-0.014240223785057527,0.2840575444015801,0.594773932861107,21.026005490013144,0.07076006667017594,-0.39534453591579743,-0.6700132728991345,27.651002725537698,-0.025191096481663695,-0.07948539564426504,0.03683728988409746,0.05761455735277428,-0.30164367497079236,0.7032057099898279,0.062397385797199306,-0.14340528927440144,-0.15186284618845164,0.9951097073738312,0.12936388972788337,-0.00020097982942894306,0.1222423161791705,2.378869524166864,-8.32431408713526,-10.689964647249091,0.09225336065764872,-3.555872753390895,-1.825754222960673,-16.939960937105365,40.23803721978915,5.743697409547427,0.9913207613278981,0.023204927834466003,-0.01976763326375398,-0.12788244664387596,0.05157619065631767,-0.297843170180785,0.6808493718385692,-0.10962867612652669,0.07676494567100353,9.238167103234378
1790485827279743029,23.401000000005617,1.4275014000244985,-0.025326436926480917,0.7942158669408373,0.9968502972264083,0.028916218242699958,-0.03459723322551648,-0.0652408514299299,-0.11606178871826808,0.2224587543387111,0.5693965629831665,21.002891483004817,0.05845750038350065,-0.427595357653062,-0.6835389792520937,27.83957428457419,0.021737211905111395,-0.1508615689264061,-0.059333080236664885,0.6082672880080857,-0.17343924427280208,1.6297820912442997,-0.6405886500683698,-0.06763511161331916,0.1595453572755537,0.4453209822542691,-0.5765584036400392,-1.2471426225302544,-1.8106452075040773,0.991915278474441,30.21148663182621,7.362449706717107,-37.99256643073963,-4.351020762580992,-5.335073716481818,1.095753439056078,-9.399279542747204,-0.7539936566551282,0.9968085468706764,0.028646882154183394,-0.03446736803848143,-0.0660611653614704,0.62644124681614,-0.16922892208432208,1.638300260416199,-0.4043992877173853,1.0476883117162465,8.048500593743022
1790485827398503335,23.50100000000574,1.431078232543538,-0.043143900078017335,0.7845058647072434,0.9990445357287344,0.025160362891665688,-0.03433138921689903,0.009916021589096411,-0.07734602503004344,0.24027570493794073,0.6225950103813055,20.91842624785058,0.05399388520086233,-0.5198642260423024,-0.878886898028283,27.86325744275183,0.04718579230585062,-0.23890684265632273,-0.15309692007469428,-0.36844653858785537,0.29624940630623336,1.4281572995108254,1.0327739201409878,0.12409305256216034,0.8052495203932744,-1.5631965008527982,0.12354345685969206,-0.3248007888184951,-1.4657712294727507,0.2833780294238728,18.777977915153926,3.2587015237181203,-33.307833635266924,-2.6950705842598803,-4.530371746954154,-1.9198828003822812,-2.206135935711147,0.41258399458829553,0.9990416134737242,0.025370387124504373,-0.0344595694280917,0.009205220247300725,-0.3730047233248349,0.29518317518017545,1.4299260720779838,0.15817807648234278,-2.647237053924276,8.12305530642434
1790485827515764117,23.60100000000586,1.4319444847171603,-0.06581722943860345,0.7754427886646207,0.998292837290775,0.0033232372466583835,-0.027455943103428956,0.0514445166799814,0.014899337935278383,0.29793142925016003,0.7224838831206415,20.817106381048273,0.02154571913715322,-0.3870398897580894,-0.6521481658427676,27.745505834786282,0.051807033017598064,-0.10538358737264507,0.04837397898530638,-0.12021563671709504,0.329324166534894,0.12893168461458604,-0.16316400204493406,1.1197450086571827,1.3341766191705546,0.5902869637695968,0.3172472307369631,-0.5481760837435784,-1.0729926629630706,-1.1672779482519728,-2.6812548155843876,3.292402997717603,-2.982789889428759,0.4686313899413735,-22.199520627715163,-5.486526714660796,53.644907370020576,0.7692374071437171,0.9982914155881297,0.0033934833246089813,-0.027617017148974802,0.051381263100142543,-0.1390833379838267,0.3363486161645498,0.13202156681409052,-0.13747281796140687,0.39203891658332146,13.159873744713298
1790485827634003288,23.701000000005983,1.4341951896516425,-0.08305705301671296,0.7767894738002568,0.9982015755514475,0.019534334000195337,-0.018521928738411644,0.05356269707161574,-0.036018601251410626,0.3023377273509707,0.6596523102311961,20.908998113186136,0.005075687184857694,-0.42932113399317245,-0.7493646101934573,27.710946857286704,-0.0194798785566134,-0.17703944177093875,-0.07591977314166767,-0.08489519215951309,-0.0120183713779825,-0.01954497657344393,0.4744476190646046,0.1436746700848344,0.6334572143262749,0.7648483469124197,0.2897793258877433,0.3157734091046366,0.757551549619511,-0.5638016820991886,10.82827426038688,4.396694665762807,-29.778909299365527,-1.559149561029452,-5.769485139553762,-3.4722197924574694,31.404723045975945,-0.26290081138189375,0.9982003332618414,0.019576202365058738,-0.018513847633206442,0.053573355529827865,-0.06771472974295067,-0.010302888946044413,-0.020466593793508483,0.8339647819630479,3.5089544401975394,14.310117688888269
1790485827753683534,23.801000000006105,1.4342475580885203,-0.09612720575503832,0.7790423762053156,0.9982578191115479,0.021341612903509135,-0.017074338124629836,0.052290812949691276,-0.01635220648703265,0.29000565620999796,0.652039161698449,20.917333605338566,0.01533847372550312,-0.4168710644964338,-0.7080632355260472,27.663408078702943,-0.00906957009234825,-0.16142285368915038,0.03373863645564145,0.32789064295448683,-0.0653805786912616,-0.016431203296124162,-0.163094319461972,-0.3120599031494942,-0.38619507200895103,0.540748532449073,-0.1883921200806785,-0.021045311487631592,-0.16221797768301935,0.5240683468756926,12.36848851494087,3.780307284129718,-26.082720691305088,-0.6048746684366795,-3.2193248926706706,-2.359720299402756,8.870608361042052,0.12053168254207314,0.9982614325509771,0.021176103228510292,-0.01705045271696042,0.05229691191145158,0.3352258552994826,-0.06069277897431984,-0.01645051779235008,-0.5393926178333253,0.4635732433434154,8.248002830390824
1790485827874638136,23.901000000006228,1.4335335097899182,-0.10838957731989565,0.78291004196024,0.9982454213565622,0.024257519563629603,-0.020714401338790087,0.049885519566838586,3.697945355878127e-05,0.28164467093868667,0.6264521119057215,20.92506932941851,0.028840929152811133,-0.412848342735527,-0.6995277781015715,27.684302788000966,0.013857301874799203,-0.10760697595281801,0.04654000681862508,0.03449536271206182,-0.011222461534431918,-0.04718966532768405,0.15732406495312343,-0.037089240192804275,-0.2686058955667208,-0.3695603849482223,0.1352768634248405,0.09204397531003615,0.16743043366035434,-0.00997874866689352,0.9893134808047234,2.2512935600293194,-16.524358367144455,-0.5712407111132302,-3.850078838869379,-3.0758000643981327,24.669794475523325,0.16489351158720805,0.9982447784932647,0.02423953346195178,-0.020710232705856656,0.04990885181756442,0.03337900590276238,-0.015453520039352898,-0.048709016921784684,1.4535777720263765,0.43558077994812794,10.061484319525356
1790485827993005416,24.00100000000635,1.4353119723575682,-0.11854781739814294,0.7873910493359011,0.9982410947713977,0.027278737917867765,-0.022110811875117733,0.047767134783592215,0.01116285153719364,0.2790356399448603,0.5990577412972371,20.898863977985034,0.03765470857200268,-0.40787527454030426,-0.6839815416040628,27.68685358886216,0.01979768379792552,-0.09434888409191784,0.03892349474163236,0.054706382752724256,-0.051248234883742444,-0.03414330324061706,0.10307295007145624,-0.06321094835258086,-0.25565197145135,0.07253896914752256,0.08197463715941071,0.08625792648267529,0.13178034106882905,0.3870031248327967,1.1772060907513084,1.9748424618626972,-15.818596724903525,0.04389505226000184,-4.102747633997382,-3.7821304086372725,24.640303081369424,0.6427622730137469,0.9982415911914674,0.02724983135628642,-0.0220870050860138,0.04778427055959363,0.05397308451214213,-0.05208871761787675,-0.03669893414225784,0.7682462828188187,0.4149288737256757,9.738606759711148
1790485828111041090,24.101000000006472,1.4387309719271344,-0.12795124889498274,0.7908788839793205,0.9982080332363165,0.029897500766343364,-0.023237825372076117,0.04633427783389224,0.0222530815011223,0.27442808668592494,0.5753582169518265,20.897624891469285,0.04664629076967353,-0.40292154304993816,-0.6717473662870046,27.709170393603618,0.05402425760132824,-0.08467255522943347,0.030156078497396262,0.04029071273285027,0.03351075646030629,-0.034987753776697106,0.10628112471027945,-0.0557888124491528,-0.20610175702584374,-0.09605510230800791,0.09072653815591959,0.12972721542460844,0.11256073996162347,0.3704330913224773,-0.8020801721602414,2.260251891960307,-13.35389845608615,-0.009255015870227,-4.187226323528106,-3.0631160896895357,26.458318537012076,0.4216732386748514,0.998207435112001,0.029877761323644836,-0.02325600715742589,0.04635077126112911,0.039833569355750754,0.030671967798830812,-0.0362587840722612,1.232268250368428,0.694218400248352,9.74751193634649
1790485828228907566,24.201000000006594,1.4445506323334183,-0.13369447929314074,0.7940305640804675,0.9981866712161875,0.03201312546007943,-0.022805658487358292,0.0455898140551519,0.027160665118886658,0.26774481003384165,0.5554534568231106,20.91549988685122,0.05050897170916038,-0.39311220923736023,-0.6597590461329831,27.756028998477788,0.05455005499661791,-0.06052026770388008,0.025332043100568212,0.18201387126352572,-0.05035567187804945,-0.021067042173164064,-0.14973601056806016,-0.18752826347583385,-0.2518548191544497,0.8962094297735164,-0.16068509805463801,0.16716275547565926,0.025573363106887636,1.312148868195428,3.2260314923634317,2.304247817140722,-18.31996287473039,0.04020860241213098,-3.2674363126854944,-2.844830047020963,19.570109326332588,0.0772885386386446,0.9981896741031056,0.0319208953288455,-0.022785012404415272,0.04559905881784149,0.18229052653651392,-0.05359766461518274,-0.022988804933050954,1.2090841283771576,-0.0024417477631702112,9.42139572260571
1790485828346917830,24.301000000006717,1.4503918347468732,-0.13954274820458198,0.795099210327581,0.9980736975715934,0.03428210849723184,-0.02573696917245164,0.04484684682970679,0.03378345140109364,0.258208310239742,0.5423721506167734,21.003866090331876,0.055062895429079745,-0.3790564249111678,-0.6573596968048666,27.885831153482197,0.07879008216425774,-0.051334283927205376,0.017291876744924727,-0.010352512335858063,-0.0028487804724401846,-0.003705231039805859,0.1253500933206759,-0.02484768739038558,-0.11571170905623103,0.39340118886476666,0.11096968172893062,0.08808444998036241,0.08638131247488885,0.728405568160945,-1.4790554073009488,2.525557950606553,-9.833120847823439,-0.0231360560727413,-5.637867790154167,-3.6328173024085664,28.729122084423118,-0.39008423842903667,0.9980734736780448,0.03428716322169276,-0.02573537889840547,0.044848877928051686,-0.014182505644039327,-0.007598145253952342,-0.004066787703831565,1.7421998425708665,0.2520017020553296,10.137199214838335
1790485828465006303,24.40100000000684,1.4580827561586516,-0.14375084542846034,0.7963425799210104,0.9979964574865783,0.03522039041923781,-0.027403530243299667,0.04485132632554468,0.04032526562386271,0.2544488904989682,0.5319840752956968,21.072108624425358,0.06072270055096061,-0.37184596053401003,-0.6523217444335577,27.982023268998223,0.07245807951359669,-0.01041364723416108,0.016639977004158736,-0.04124771474693247,-0.05764921027291746,0.009516513660998777,0.08668973346552714,-0.08571168790589476,-0.08025686727084312,1.0760353515762977,0.08229064995069348,0.20656203080303587,0.09961945739531468,1.5240499350305943,-5.595118098605003,2.5682345843355883,-6.619217003596841,0.02544309148098567,-5.316932730689323,-3.2831385341414236,33.500801057570946,0.13069930807369212,0.997996733778198,0.03523981050457521,-0.027373670776948564,0.04484815795375167,-0.04131257919550129,-0.057717718912667755,0.00988158429489149,0.7462754013214943,1.5559664366855743,9.814225749714705
1790485828582907748,24.50100000000696,1.4655341275184455,-0.14548909762229054,0.7977446471902147,0.9977496044217522,0.03851974650827042,-0.03085705590052545,0.045384998692585554,0.03578988650037202,0.24774325172774342,0.5195867598347937,21.16962715870341,0.05504696596550227,-0.36271862579843545,-0.6483833011059413,28.112250639568458,0.06261320546549337,-0.023811429568670994,0.012676693858465152,0.012743232839000654,-0.14095065018374162,-0.02123613437577078,0.048758630592430546,0.0894309162342842,-0.09672573115177478,0.7574114335596813,0.023896065325903337,-0.0011587512982114293,0.053900205396475186,1.1822763896724167,3.845644738826379,4.208734927336149,-16.241879035544077,0.2138592832773798,-5.730637342687808,-2.540786122900806,23.68756956350392,0.564233351909092,0.9977515400605855,0.038509862967074135,-0.030787437274916507,0.04539811083105625,0.01793708776083103,-0.136399592896081,-0.01948628330235742,-0.329901584361487,1.3494555134458974,9.638411266356952
1790485828700153051,24.601000000007083,1.473161796789307,-0.14883139426748218,0.7983690118782207,0.9976544060616297,0.03837237767943804,-0.03410117707116547,0.04528086151349463,0.04513824056111776,0.2500049058750096,0.5129202973395369,21.240039417598886,0.06260459315873311,-0.361155489612757,-0.6448948858944074,28.20707205609088,0.0817039809091843,-0.04741370805194095,0.005052817211773386,0.035889364883091406,-0.021800790568553538,0.02288398092336584,0.05280224004777824,-0.06512880574802642,-0.09107716888418861,0.7557773892303443,0.04342178393214104,0.12666160351250333,0.023130997158324194,1.2478655910610448,-2.3414452557998495,2.648297056332276,-12.61889972923862,-0.027706280560301555,-5.299697829041054,-3.0705336267814407,29.064381969703483,1.3514547777116652,0.9976559841760526,0.03835437168302034,-0.034090675728335774,0.045269252687644146,0.03130749781873326,-0.024600165838306567,0.02300140467256115,1.0666228971457936,-0.03788835409513679,10.309454064241702
1790485828817760529,24.701000000007205,1.4804522723692877,-0.15152013301463052,0.7988497642643596,0.9974651620842957,0.040243932450034416,-0.036508135481090775,0.045943795803145976,0.046055310295592414,0.24850109488244138,0.5061869282797317,21.3134285150767,0.06303451129999271,-0.3537583968467291,-0.6430499520631179,28.31998486189522,0.06389175612646969,-0.010903595312075711,-0.0007618671255413061,0.04131122743971619,-0.06864116685808062,0.01261999188902673,-0.026177894753901577,-0.03719665196705223,-0.04319598377596782,0.9577727890981479,-0.032633134697344586,0.029817096413692713,-0.010618786581524441,1.0738380990694412,-2.645764626354502,2.4652933742537884,-10.08918179806018,-0.1356681275851152,-4.161784608259753,-2.9219940130913393,29.788006507793245,-0.4683995243047897,0.9974675354129908,0.040221982710175304,-0.036474596923018986,0.04593812886154265,0.04617194520370787,-0.0721663967590036,0.012807485899858185,1.3626400151870948,1.9354215523158933,10.060956795538605
1790485828934070672,24.801000000007328,1.487316136143346,-0.1543034374594361,0.7988201830208549,0.9972939391430209,0.04279056773787176,-0.03816805378759949,0.04601049805570239,0.04634103976637306,0.25196710652849963,0.5007059063785786,21.356347426542413,0.061558208828880426,-0.35905086616722715,-0.6452686389586149,28.376454852311625,0.08098840863619368,-0.02287386865617627,0.00046577479843462036,-0.12062439778861123,0.037465893714084784,0.005885642052250183,0.24978038716812295,0.17223765027939505,0.04131475421813623,-0.29104692554583456,0.22588721388581323,-0.15330746095285644,0.041964564706440034,-0.3678946102553027,0.9162220199271015,2.9892417443465242,-10.365210146810059,-0.6499126811022048,-8.52859556110504,-2.3680229401223505,28.794841525995302,-1.004891892031162,0.9972907767571645,0.04285169087669083,-0.038183835046377755,0.04600906351199473,-0.11981151976601341,0.03442739264307226,0.007898918797776792,1.4008369955318456,1.2229759661773965,9.975460089198442
1790485829051426333,24.90100000000745,1.4970558418604711,-0.15593790414977599,0.7995777182265986,0.9974117125281223,0.043821371767064195,-0.03172493721783553,0.04736128637078121,0.046724835867121506,0.25379974013157197,0.4967364331247646,21.327713403209508,0.06149587980218181,-0.37056291108636596,-0.6437203482872621,28.322612788630092,0.09312222061161848,-0.03490621868739462,0.009817580154630058,0.21831831421658235,0.10333823275086992,0.02138459458057077,-0.23445838671439054,-0.11078882493075333,-0.17863384283467848,0.02970045324037114,-0.24483212018857345,-0.11981456252995841,-0.0549302837995004,-0.24798500031018925,4.061581459677067,5.131351229987613,-20.572058920144492,0.5426643216815112,-3.8661865343129858,-2.1680379765356945,19.076756361348796,1.4691036318231854,0.997415355902751,0.04371528115169055,-0.03178117373333755,0.04734489412120722,0.2179234182215271,0.11168267150546127,0.02362929008565757,-1.1041424573290142,-0.3454463626558359,9.387704599319653
1790485829168889453,25.001000000007572,1.505276739514589,-0.16053129477930042,0.7984386501994956,0.9973488370733309,0.04721512502778215,-0.029729247490669103,0.046714034301520234,0.0490598681802478,0.2597742933223304,0.4935470459242097,21.33207233399349,0.057818554414841634,-0.38913170292360033,-0.6623889474167024,28.33225958830018,0.08726344957336067,-0.1699505453450859,-0.08002234039975739,0.29178879441515915,-0.010948180009960243,-0.0463828368618239,0.01199121069344472,0.21343330269103616,0.05233123985621936,-0.16653452813181016,-0.4010308015526493,-0.964227652518026,-1.4531379525677082,0.345792022311116,38.016021094113675,1.7792924070709502,-44.13820065914026,-0.24260104447825387,-10.97029630454202,-3.0009433863435384,-10.888793858001046,-0.6071099474844459,0.9973547939738512,0.04706867172478295,-0.029731697890119653,0.04673308485443443,0.3052082801781601,-0.01649477260678288,-0.04942173488417716,1.447930718677419,-1.1125176831134027,8.980082396819347
1790485829289148773,25.101000000007694,1.5197179769804354,-0.18310782558317226,0.7882328224341233,0.9984945124408298,0.024339687193239475,-0.017274552164623463,0.04602040960701461,0.1738015350728144,0.26457520814291313,0.518737038494942,21.298774584835463,0.021921242704598397,-0.42976674233890055,-0.7392208714269614,28.314821532241194,0.1908043510902716,-0.27239886990474416,-0.08517115086621452,-0.8327466560755981,0.4325642853610519,0.0567315141485415,1.7041778392896922,-0.10746077184226639,0.4091144423839021,-0.05366223917012037,-0.4212925954875208,2.3497523806479825,5.509313229752924,-1.9185505939482543,-22.694398279220025,3.264301416217735,18.514112483419392,0.5333815508365861,-7.81952124346032,-3.935320694012443,50.07447273445037,-1.659377523613031,0.9984818369629913,0.024765874370345924,-0.01747065469684714,0.04599400989419429,-0.8543457616067474,0.4572086547455775,0.06371079694643947,-3.2594622940821822,1.713674178598572,6.313194774077435
1790485829406419955,25.201000000007816,1.54558041166194,-0.20173588623249633,0.7861860618296062,0.9986973943726422,0.021776300583657548,0.0104181386363753,0.04495297090892617,0.011174640944658486,0.3069958345631114,0.6920173171198537,21.332518032021383,0.021227164680484415,-0.4363502756045732,-0.6584379499950005,28.01211695463166,0.2801687787181667,-0.05472036791854686,0.05663307935195978,0.18350366157189277,0.47755701446469584,-0.08413462405654752,-3.1336426649119677,-0.08324313374372808,0.1923274325168013,0.3272814360140934,-0.15478376364059304,-0.04439488325132266,0.09892747989435398,-1.2620682083221317,-0.10212763309923645,1.2516821202269677,-6.430478932205261,0.37225075528625773,-15.618287089807106,-5.174715902467591,48.153164303799464,6.8084666412399235,0.9986999554071508,0.021695839604883072,0.010174630228219655,0.04499073808366843,0.1915538514862948,0.48914717032802135,-0.08502203346738078,-1.3433986517423104,4.802747980692102,10.570927676768115
1790485829523686747,25.30100000000794,1.570138370037211,-0.2065229374416589,0.7878659985655124,0.9986556183531502,0.020722778671980753,0.017370973373908805,0.04422410722492518,-0.1070780915829122,0.3180433933298815,0.6167277462719676,21.298590325384858,0.009700991125045043,-0.4682100808686656,-0.7422466651495169,28.05780843678467,0.26129621878344395,-0.15085178204762967,-0.027575247020509282,-0.20376621016043933,0.07369155640396,-0.03622393644755746,0.6381662877709421,1.0014706995109166,0.446605464890324,-1.476246396656905,-0.16297782911821218,-0.7108215577131517,-2.110444195762061,-0.09335575145868856,26.36294095443325,3.622242812656341,-43.395895813159775,1.5195261438469463,-4.54230841606567,-1.5231324377081632,-6.511333942281436,-0.4697272894661208,0.9986533400887248,0.020826468776220936,0.01733830738481762,0.04423966122130764,-0.20019778686504988,0.06887394084827923,-0.035133273896787956,1.0461170160240496,-1.762518429066609,9.465901675974674
1790485829641041539,25.40100000000806,1.602873246843101,-0.229307248735561,0.7823845877691821,0.9987998437966303,-0.002327204008399515,0.02822487543154671,0.039960137139456654,0.009349524877188615,0.359461333980802,0.6494600413152696,21.325320099602575,0.047585800013472145,-0.41682864078667814,-0.790362970648379,28.003892748937197,0.3579297768353617,-0.2890641677029162,-0.034144350771692714,-0.5968855720381792,0.1535494962743279,-0.038512865470838216,1.509097372818403,-0.14692295305744693,0.2539109134233649,3.0697796759660183,0.7380307241035376,2.558541134283069,4.50559772459042,-0.5508138525094056,2.885541714009454,3.1263736929025776,-21.091762691029867,3.432340958830956,-2.960637408208075,-4.817666253634717,18.814196554484795,1.3986268931431305,0.998801888192428,-0.0020255078543254257,0.028160162109048235,0.03997112371656782,-0.6024642002401156,0.17060185932868913,-0.04196482294069112,-2.900683654153252,-1.2908900666759222,8.107102324699452
1790485829758873625,25.501000000008183,1.6431240279148127,-0.24655466192686298,0.7833566243082586,0.9985478021996025,-0.007975462311988594,0.032448578470620854,0.04225835394914452,0.022160822899283925,0.3673362311420407,0.780421140349459,21.440408846950827,0.06076479405653406,-0.4015245137815941,-0.6218782988393261,27.962744089791336,0.49277965666706336,-0.03122154742951306,0.07718795836668349,0.2257145727172641,0.28671053333907603,0.09134535401089248,-0.9408861059557619,-0.32339119896045115,1.5900565176027952,0.37558833161769184,-0.22093230903587646,-0.28210415237239383,-0.012194867393851668,1.1211141991975668,-0.4876858459494422,-0.5805793311074663,5.921052730156413,0.0351722965648876,-19.39749186360197,-6.383192551577369,48.77966013358149,6.401290205699068,0.9985534661762436,-0.008083579621391201,0.03230029738725184,0.042217552233766845,0.22672231348297864,0.28623437323863415,0.0902694036703388,0.6728331851148558,3.3184186425344864,9.973331465166135
1790485829877151616,25.601000000008305,1.693521065297763,-0.24040885017989347,0.7949022614767841,0.9980847455022632,0.012603180325287944,0.03433350560792916,0.04989199368677052,-0.102217923114872,0.22328585163872783,0.6095424452296504,21.47115397921241,-0.005533058086427255,-0.4174780680337334,-0.6099551391908851,28.25305071598407,0.4056297617873963,0.06745408858053403,-0.0038624458941173656,0.38447139365420974,-0.6722011236993538,0.10947273120196797,0.19290548164357338,-3.0273264880845874,-8.425638144678095,0.6325914870314854,-0.7529251859205139,-1.2792639925350235,-1.6186684026786327,3.6347280700580376,28.06465486773822,16.906075345174848,-38.9130988936403,1.7865813965294233,-4.0810667824284526,8.277727774738244,-12.688191384727183,-3.2009565214105495,0.9980782833687855,0.01239266383208097,0.034660058648416515,0.04984819440312197,0.41727710337114526,-0.6431442476146488,0.12568848314096215,-5.699614400990927,3.4042451312311344,5.479131051744398
1790485829995209760,25.701000000008428,1.7452095086662074,-0.24101086956648762,0.7969453493474326,0.9986834924316337,0.007638141221586621,0.025669328611099065,0.043749586419654866,-0.06661035320693745,0.2677840275395444,0.5899999117481897,21.788089261709256,0.03261730476329181,-0.4363181302186173,-0.824738032701315,28.331997880990453,0.5953345141756055,-0.06943422803394056,-0.039712599300712685,-0.42668273031938303,0.1598399676934512,-0.20383127986157473,0.8661225332812836,0.3398780756355511,0.48377764258344996,3.690578857552328,1.404715955233784,0.9824380375627144,-1.651508095088158,-0.12524358537229596,13.83949919667674,8.244598342012376,-41.923579788104206,3.080602447444539,2.621739329720938,1.4751974409016868,3.408677450851865,-0.09809788511975259,0.9986794245221635,0.00785731405335673,0.025598068194244684,0.04384527975360031,-0.41701769078386963,0.15987499013323783,-0.20143849347228482,-0.07276117243323418,-0.4848781275776641,10.806254834997121
1790485830113313543,25.80100000000855,1.8025688879556694,-0.24978308888735176,0.7909178591732725,0.9990462054461783,-0.012097448224532362,0.019689381662184396,0.03704941807652761,0.01783977919035941,0.3191315465037104,0.696560125976452,22.160057305013204,0.10752685577734336,-0.24510776149850144,-0.5597276962569434,28.366640623764198,0.6087707245178602,-0.05170929322155352,-0.018994189852009635,0.1715882237930719,-0.060198046187414034,0.027613874950366386,-0.1774970069727675,0.22596066760016129,1.7033478130393132,1.0032254188208876,-0.12810616602755084,-1.1867677616915588,-1.3720162711683024,3.891789296668357,2.0776408510713535,-0.851906479215683,9.07156897869311,-0.8768172129466681,-33.1864079735578,-11.366614120508196,64.85873707295784,2.2606454593928724,0.9990450822396257,-0.012184547456545933,0.019716106243066082,0.03703694926302439,0.1667741792564785,-0.053545850428498604,0.023590790130111082,-1.2978105061068004,2.758799152559534,14.109937695595882
1790485830230242449,25.901000000008672,1.8646497536983722,-0.2420820426114819,0.8015825876294971,0.9987556924440322,0.005189781494276486,0.017360815938657133,0.046462189451493774,-0.08085381248705889,0.23764532798872992,0.7206383571215884,22.177129568674793,0.05030201944796713,-0.30081165307686364,-0.5903965149113211,28.769449314580985,0.6086507842350112,0.10240784081073673,0.10696030842179935,0.6193468440368926,-0.19791379336142315,0.3146554559904418,-1.171775853881471,-2.556587617162439,-4.22569279668972,-0.08220818871684378,-1.0259697542785815,-0.45069231171678853,-0.17838563958943432,4.470258532616485,11.825692654300433,3.180568743307971,-22.408393857100116,1.391553894849755,-2.7764192535142884,1.0078546328980797,-16.06304526079227,-1.1210071139797515,0.9987628262596064,0.004873163977828406,0.017446076959708613,0.046310944208506226,0.598181199924546,-0.19214838793904132,0.31289465906545,-1.4993756912045104,-5.939428108412264,1.0396534368458354
1790485830348063026,26.001000000008794,1.9233880567131905,-0.23996320244999556,0.8025610060690409,0.9987464868262246,0.015244163029116601,0.0031580614225492736,0.047572021124491534,-0.07807693619279607,0.20752866193628944,0.551228265847586,22.43640980584194,0.023672817505852536,-0.3712935554499976,-0.7804248371647027,28.907845720298436,0.6482418175712001,-0.029922307333646047,-0.017365269845114606,-0.32391662488005335,0.06501862316557892,-0.11995702381781523,0.6548364352717928,0.7406402573291253,0.7421557958488418,3.4957686913943933,0.7743413483212489,0.10222847163048007,-2.16429376171661,0.014325362409815747,13.473637537613788,6.232548132941519,-36.13576657951978,0.7161132567655719,2.194514632771731,0.8113402592942872,2.6916506250880086,-0.022918125969998815,0.9987412518516711,0.015407654037912567,0.003132383175227898,0.04763091666607262,-0.31462633137346063,0.06064382803509462,-0.11843258053552883,0.6039900681337697,-0.2388245162200549,9.809863470280497
1790485830465759863,26.101000000008916,1.9860380605645018,-0.24865252971882346,0.7984826940134525,0.9990236815663239,-0.00874808052890407,-0.0004451621359477575,0.043300768900803616,0.024969485711342287,0.266195518561559,0.6282312340139341,22.829515716622524,0.10500520885426444,-0.19599763772083245,-0.5476712622953763,28.83143035586329,0.5647318765396359,-0.09281507109880001,-0.12196772468769658,-0.23597929991979688,-0.3969735666357559,0.06326881054532524,0.6619252558870162,1.1418102250163011,2.042660295917293,1.7417593955256234,-0.4034100647881776,1.458378970596803,5.009782183974794,-0.6857228574789795,-1.566089902338568,-4.68398224169707,11.193962204193141,-2.511251974068964,-29.781631654340437,-10.336680465413275,52.88924279954545,-4.080536112306653,0.9990261447690016,-0.008638786385703973,-0.00024203682644297306,0.04326748035121188,-0.24734581348312132,-0.43043743183231764,0.053669308730703184,6.645720203319843,1.551918259081451,14.37778968204031
1790485830582984806,26.20100000000904,2.052285690865976,-0.2474452710358067,0.8051138996563465,0.9988556125497625,0.0036620494679371674,0.007570810835927013,0.04708224182024328,-0.016326274054452194,0.2801649578507439,0.7755904943173906,22.893355935813997,0.06659707659727403,-0.27255736913813094,-0.5742302687254193,28.99831768039831,0.674982304970645,0.09251889512716531,0.14882284970412862,0.5456832464057244,0.23266453280558091,0.10171895320752265,-1.2916565283349124,-0.9603545178067764,-0.7174136967893818,0.014952652352737196,-0.8850850892744282,-0.30844455122315584,0.28474358689528806,1.9553768771674789,-1.836715516401691,1.7227848779725774,-3.8074351792339796,0.28143000965431986,-12.862149928311293,-5.813372881535308,39.995041008117695,2.0095323255764166,0.9988598417875811,0.003394612055900066,0.007441951612476361,0.04703307803319026,0.5453776118920372,0.23801643210643164,0.10221981077178866,-0.9313312417249405,2.186885775589718,10.335399748319771
1790485830701597804,26.30100000000916,2.112872095662996,-0.23622399837736469,0.8113098883633693,0.9984391959477764,0.024486667563756472,0.002258459103261479,0.05014453578664816,-0.08799724760058034,0.16816642401941706,0.4605758351974022,22.897661834332787,-0.011544576330583915,-0.34332112696660355,-0.67611375639208,29.21352928367094,0.6404508823711876,0.06098644054703532,0.005112869030060219,-0.05350000398530415,0.02458268150249216,-0.08024248197768437,0.1307427707415965,1.6130345291281991,1.2785458363158042,1.1642430494915126,-0.01835922158665983,-0.8299987320009327,-2.6765668564548046,0.208756651768598,29.548569551188024,5.6311758054743954,-44.47284467386245,-3.0850893592184123,-2.0461586748687846,0.033779735982220505,-8.137629530326803,-0.43614865655179474,0.9984365555916129,0.02451408273966559,0.0022465458750351042,0.050184232956376904,-0.038602027070230686,0.016375972111991988,-0.07789571735711466,1.5522314305406013,-0.28869222436101827,10.770497123627512
1790485830818769797,26.401000000009283,2.1833683141109725,-0.2353312450803412,0.8093554999741899,0.9986248220383308,0.004617987724975777,0.017579512401522442,0.04917417759360914,-0.019766602804324716,0.25214774744090246,0.5333296642050882,23.068891578300427,0.04664188699992443,-0.2865114931995321,-0.7089273275129891,29.184651325486392,0.7025097822523065,-0.10502053302181073,-0.017965326902499214,-0.47090405505822996,0.20948658113296026,0.03356730956921933,1.0261331038619717,0.24905259306674313,0.1857693861921306,3.4714276698708915,1.227951278239924,1.3741426890776376,1.9077821997255324,-0.5617720966388768,18.14218528887296,5.357304502810826,-43.207009225334694,3.120127801722269,0.38425526440351643,-1.264477387791875,-8.464716415202528,-0.027725642678638973,0.9986263680827401,0.004857971424114822,0.017486568232988848,0.049152792544781,-0.47966964153984537,0.2145714090481385,0.031050090539612572,-0.9514562538254143,-4.59331534896826,8.408103227146235
1790485830940900536,26.501000000009405,2.2537854882940556,-0.24079604391381215,0.8057305967390724,0.9983696719977023,-0.006344833370226447,0.024670698605266647,0.05107932805971884,0.030201685835334804,0.3109340032946202,0.6901386240483608,23.309035165568424,0.08253680412788347,-0.24729234248676027,-0.5432562854472603,29.220557637281534,0.7764445215008203,-0.0006133829885128885,0.07793226412478622,0.43067355198066315,0.4280177701974289,0.07166865665206959,-0.5054585003971307,-0.18139914535215956,0.9058067937529886,-0.009180096585343672,-0.5076475173525881,-0.7590933474225566,-0.38033649200558506,1.2063758993094489,0.6298288354306726,1.3840850122545927,-2.3395108651489447,-0.09882677455803236,-20.254706761084027,-7.422628838327659,42.89482467951134,2.8316565442112425,0.9983753692130324,-0.00654977140483863,0.02444581085489689,0.05105022012619047,0.4182419947362948,0.43948909048283624,0.07079056310070457,-2.1917541264980454,-0.12863713513962205,10.607004848028398
1790485831058398016,26.601000000009527,2.3271848218314815,-0.23169710881504044,0.811941229221077,0.9978275686514081,0.017450878115201907,0.033420475202355214,0.05402482697313371,-0.04598680410419268,0.21783909415535258,0.5369284693652039,23.30926444318763,0.006525407686034648,-0.26623004013218887,-0.5468266981669733,29.64777234257576,0.6215497782623114,0.13805700541618096,-0.030516354726430397,0.42171958113588126,-0.5155805057799995,-0.00928086796200074,-0.15815176267685963,-1.8120490560092362,-6.023138091641443,0.7444064621051002,-0.8130377990405433,-0.5898987246229397,-0.5388114026407768,7.557313897690141,14.276563227622892,7.363485471146509,-21.584600289568513,2.5618482826193247,-2.635492577117369,1.1479747334456152,-5.986348135997261,2.2033343422010723,0.9978223268195162,0.017226703450905927,0.03366623092190525,0.05404100002974019,0.42949680558444797,-0.49054779523802294,-0.00545601802936585,-5.006980356344264,-0.20696705594024242,2.4196982473640256
1790485831176121694,26.70100000000965,2.399054559886408,-0.21901672834161323,0.8035256508894586,0.9980132175178865,0.018876566563961254,0.02659708230928162,0.053906290050290476,-0.045971622562699814,0.2502109298578125,0.537111271177555,23.870211785882542,-0.006885323980077635,-0.28490489291365667,-0.5827670759812074,30.31480736428964,0.7908662564026239,0.10873946702150412,-0.06308988198172433,-0.04301882168600654,0.06255289820302877,0.015438828563439769,0.028512699983775817,0.12762116900540343,0.5143159209503588,6.717414191945023,0.019107253215659387,-0.2887598612402899,-0.4131895690923601,5.80859625685522,5.2918978917323285,5.717434717252555,-21.586481054318273,-0.06920542894980652,-3.882406175424038,-1.6812305033654766,19.045633750900656,2.703224836049929,0.9980140587325975,0.018899513909556066,0.026567173188312067,0.053897423452821946,-0.041738969368166144,0.06844552365086268,0.019562413917029686,-1.0595215434800238,0.3938097308877363,9.644267745229516
1790485831293481096,26.801000000009772,2.479839718727036,-0.2090918634490358,0.7967175131679336,0.998009527879073,0.017581473304953178,0.026899232851042294,0.05426145345494105,-0.04341790444984288,0.26004425205316206,0.5750490092299543,24.563005021065326,-0.005864945489866499,-0.296482091662217,-0.6170596254919908,30.99379163625857,0.8316773060525883,0.10865792612176758,-0.07825038931709279,-0.08437047568197745,0.0005576880371694465,-0.01597438419668452,0.100133823200316,0.0604463607907175,0.41135745754541864,7.419278140936649,0.08117788386276299,-0.03692653722417103,-0.32178147232233034,7.261949583564182,3.5771353437706557,2.85852537308119,-17.27394678959859,1.4867463131376324,-4.765209057817955,-3.128515021057913,23.841156196094385,0.7059407012293835,0.9980083593845794,0.017623804537857703,0.026901103142975388,0.054268285045715264,-0.08019398398683183,-0.0026728826737488732,-0.015982392847871993,0.6313582391270729,1.5283450532539757,9.988482292215814
1790485831411085775,26.901000000009894,2.563792000409191,-0.19807636038291182,0.7901128470525647,0.9981727055829773,0.015604304649735532,0.022806401000702886,0.0537366130208568,-0.03951982192921686,0.2586270452454276,0.60947861602778,25.37338051882443,-0.0043404025824315936,-0.295023463063599,-0.6464751617964902,31.79030918924963,0.8370120963857502,0.11479943359239635,-0.05649958540284897,-0.04413150215845857,-0.18684486437499492,-0.05350291128624237,0.02954543515338795,0.03568117261620534,0.31025206055051335,8.483181598015332,0.005330516565626452,0.21756312604535563,-0.2644100525277392,9.303454604730337,3.1120377069633234,3.162691154203701,-20.654656517070848,1.4964873183629397,-4.183873018008628,-3.8217432282713233,24.86267481012053,1.2317670747710618,0.9981687881441396,0.015621919902023051,0.022900420910072022,0.05376426987858404,-0.043928323669599485,-0.18809894702400853,-0.054555383905325765,0.079284499395372,0.5975695753714508,10.782073774054945
1790485831528510385,27.001000000010016,2.648852773856194,-0.18688675646777086,0.7850678269828563,0.9983970210231594,0.015562855551061206,0.012650038823337087,0.05292600926714889,-0.04078466351204561,0.2572576115758026,0.634858552172746,26.241732087477825,-0.008033084519579332,-0.28421771638460774,-0.669547704735938,32.68757694863793,0.8682908493484942,0.10560968528212827,-0.0467358810239923,0.0025661841823840575,-0.19779414017474334,0.05478886874433088,-0.018040378359984365,0.023682885946210396,0.21528603586381778,8.442168770467202,-0.04369122942699951,-0.19944947604987803,-0.21561611577221726,7.841607339594422,3.9018923365333644,5.690748699274741,-21.189937161421547,-1.3952315142924387,-4.2432342363345175,-0.1489428826398443,18.058606808136346,1.2944883071315,0.9983972345601231,0.015555993665885724,0.012749135723387671,0.05290021381877761,-0.002221238738428844,-0.20101893617959307,0.06082900998891209,0.5627395060433914,-0.6951661690551421,9.572254279050915
1790485831647137353,27.10100000001014,2.7390031034890976,-0.1761526971676605,0.7808448276031887,0.9984490198458988,0.014886848819579674,0.008552578765940235,0.05296026715793915,-0.03927473083179683,0.2750835295601474,0.6555152030339675,26.979071330203634,-0.008942053093652279,-0.29725748242645217,-0.68732016343839,33.43810805171116,0.9318129425709947,0.10729904545938437,-0.034570129236756786,-0.002911074646044604,0.033487333762603204,0.047294798061132286,-0.0014931847007637034,0.007764257614709847,0.1489002500124448,7.4177059530915805,-0.02649342859757339,-0.22201563791457996,-0.1495335768184452,6.665890297467565,4.3954860190830685,5.123113127860148,-20.965602574748512,-0.5200810134262834,-4.473694862024553,-2.9880185606130105,21.674666191243183,0.7443983151639224,0.9984503933314531,0.014888986595956418,0.008536290185456869,0.05293639470423589,-0.005051276774300744,0.02889645896536729,0.04367199408428077,0.851343296165491,-0.16490953491897986,10.104874911502003
1790485831764930110,27.20100000001026,2.8314810660709404,-0.16482534679065003,0.7780141292419197,0.9984378128659557,0.014291986460766097,0.00734838897771154,0.05351330808205197,-0.03894271941326145,0.28419446837566104,0.669208664549449,27.71765933248807,-0.011356948760090066,-0.3064965424008497,-0.6985432076775062,34.17395699167742,0.9283952024586213,0.12967484163918866,-0.032997895120942054,-0.07566972925596632,-0.013124306205162762,0.0030205550098024126,0.06766791007691686,-0.029383120430912228,0.1785732740413419,7.967670775941994,0.04046033278674166,-0.006129765744544175,-0.10108386656146114,7.643769545769455,5.078730535778363,3.39355237624349,-19.398566766297886,0.3649380914906728,-3.772294032951849,-3.0070328398554995,21.627290945936345,0.36098752249491106,0.9984373039920184,0.014329399949065555,0.007356987127707466,0.053511615885269904,-0.0685429567338095,-0.013439698054919959,0.003754688400982687,0.030647892414094147,1.714136046440523,9.684307309155576
1790485831883044933,27.301000000010383,2.9247074821416645,-0.1525639211428484,0.7756798833595696,0.9984248647501978,0.014027005811365314,0.005829379080399426,0.05400972964248926,-0.04086812177916877,0.28572783624484643,0.6801380403878655,28.49064924888156,-0.01624536823717557,-0.30987758024111217,-0.7071640627454842,34.93702390938945,0.9350401185287426,0.10935219545494726,-0.02037829647858931,0.030515695539676084,-0.043458532529202835,0.004071790289612694,-0.046558601251053114,0.01745722694768311,0.07876558339971947,7.7558454048355685,-0.07541702040969157,-0.019035361227536417,-0.0918872724451795,7.787975572589547,4.975571626699811,4.660016559195336,-22.17903336549156,0.7717531436820693,-2.734002484623588,-1.9267599263319446,19.07220791355767,0.605982649801418,0.9984250617081378,0.014010586531997098,0.005850278603341534,0.05400809067532827,0.03519079505097403,-0.04266173435223338,0.006758277282654769,-0.25983696233499615,0.9594324862727032,9.61245688094406
1790485832000697361,27.401000000010505,3.0177504170648515,-0.14100471131947673,0.7736358929706005,0.9984612596551827,0.013678614580325637,0.002424058226635832,0.053685495365725096,-0.04037459461443194,0.2841051110030053,0.6892854821921931,29.294988089670557,-0.018537496452101922,-0.30657648467423504,-0.714608689545981,35.74178374295102,0.9390395945227684,0.10910177100010268,-0.01619520316948541,-0.011711395127424,-0.042560359114723556,-0.004625068768818014,0.022558042442458112,-0.01328109474548202,0.06609778456153077,7.8765372926099415,-0.0048131731856916275,-0.03568360428190018,-0.06306911405505931,7.6391173472587415,5.689687832434605,0.5602850354188575,-23.26232510917803,1.429730430538291,-2.5681164120243474,-5.653013891367967,19.38221854079449,-2.541557842025367,0.9984610035775418,0.01368332443285962,0.002445588394681564,0.05368808121732225,-0.009197017607231414,-0.04570675541829655,-0.011684536655791104,0.6564229631433923,0.2889748513067611,10.280060100666374
1790485832118936873,27.501000000010627,3.1124313783986945,-0.12914986616946983,0.7717834672047035,0.9985321027605644,0.011016316239957311,0.0017534989527123795,0.05300194123323024,-0.034119014320161185,0.2933115326832179,0.7002170795070802,30.038202762646158,-0.014682074497154819,-0.31536828157789565,-0.7203572615669785,36.47107545712872,0.9464687354460887,0.11427877744425552,-0.00974914597271785,-0.005460136451145954,-0.023609501464737483,0.017669491326702272,-0.001786267645151481,0.1344873783983555,0.05495383991805953,7.174740303446375,-0.02826301407358291,-0.15273110343042653,-0.04255099326979217,7.117452452790997,3.9197979207896116,2.0051324194014275,-21.267127868140804,0.9575555379740783,-4.671709070829971,-5.090898517193243,22.61381697143617,-0.05521289021385778,0.9985325201320578,0.011018401133062782,0.0017655284003539223,0.05299324470780245,-0.00946382648820939,-0.021732266815379216,0.013941125197105471,-0.4175346465561711,-0.5988462103516208,10.145087068754012
1790485832238185474,27.60100000001075,3.206555959377464,-0.11854981617944658,0.7704540036574631,0.9984818930190815,0.011521940434443146,0.00011287086328378828,0.053862245235630615,-0.03485918861149852,0.29438543942352047,0.7054256244620315,30.805536491330898,-0.017830818794516805,-0.312306934935636,-0.7255884017332056,37.258821324377834,0.9454796160698115,0.09463471186207045,-0.011202491431691136,0.05299697352968883,-0.02140049516575476,0.002938399167837915,-0.0528970598267488,0.04864225076504972,0.026369277026709596,7.421872537907556,-0.07531829434294952,0.016811528719700316,-0.06218715293772941,7.77298005808802,3.4017804653487977,5.5600267096948945,-22.48517921101294,-0.5616058913750428,-4.720354902628545,-1.6547128513779306,19.72995595957227,0.2182286561061364,0.9984822758509194,0.011494905665313297,0.00012214452673622736,0.05386090452291954,0.04545037314223422,-0.0176004283022731,0.006584467992665437,-0.675265424773092,-1.3158888718263513,9.786159822603912
1790485832358191997,27.701000000010872,3.300983920221827,-0.10921874957283036,0.769085873713372,0.9984153555807596,0.012850138571374159,-0.0006756625541714834,0.05478316492640833,-0.03581548671278629,0.2938953309024449,0.7095023836740467,31.56720892994349,-0.020785085091561635,-0.3135188279661569,-0.7322922331331884,38.024384074458375,0.9355993465013961,0.08740693284334636,-0.007912203624598662,0.03044101920123764,-0.05258840143831122,0.037387233336582414,-0.005683445496352242,-0.0011808128375127547,0.01230446739072895,7.6574093836991555,-0.025359294509440862,-0.05088562209339394,-0.04953192618622408,7.62809574937933,3.837955330095578,4.20895108193389,-21.4441449761184,0.4886709680930492,-3.8762742568874695,-2.755423893620186,21.924584678437053,0.425684390782747,0.9984165923926668,0.01283351432373894,-0.000650003632109434,0.054764828497817934,0.030853471875920205,-0.051173624551762956,0.03896085809851803,-0.375653092047047,0.3609590602892048,10.005906834653052
1790485832477109352,27.801000000010994,3.3937770695332756,-0.09932172964476955,0.7684737518107846,0.9983625430780154,0.013142428275237804,-0.003794124957224673,0.05554380049687382,-0.03452071909006359,0.29390091588560135,0.7114483428979638,32.33706151869228,-0.021316913075761935,-0.3131990485211791,-0.7347381274285593,38.800338034709284,0.921336214308048,0.10337983478843092,-0.006698422467173415,-0.025484184951810318,-0.07836732021054701,0.040308827333792235,0.04642469221738076,0.02956352576112113,0.03477290321567962,7.639783541573174,0.02934938188381732,-0.11458816151941213,-0.027210821830870528,7.37820498864556,3.916533810066964,2.668016284935451,-20.915083131348112,0.3132030168110691,-3.0557676211777642,-4.146572945354052,21.90094232404942,-0.42014893253994323,0.9983636426861754,0.013153049548221416,-0.003754032832519217,0.05552424234030164,-0.022907372912592608,-0.07745149765831762,0.03870648243463311,-0.19022448650580928,0.698305891059841,9.981998585935283
1790485832594396364,27.901000000011116,3.4870784121099265,-0.08763846683514118,0.7680877998440307,0.9983204235944958,0.010626252746600775,-0.0037798424650758704,0.056825411372117766,-0.02844519754576725,0.2997966807303717,0.7157735414261953,33.05350200364836,-0.01691509384794034,-0.32227729933055305,-0.7349408366110975,39.501000785211936,0.9374444884375014,0.11129880040876439,-0.0005094749649442979,0.017083806539960594,0.03416149976352144,0.01827102102655662,-0.025978249218530793,0.082902439240737,0.00451131167082342,6.833904774739398,-0.043858157048710454,-0.15404179489924727,-0.01790291698788844,6.634652729419421,3.1262669427354157,4.525814264079267,-22.368294567507537,-0.24546505597931834,-3.31650440190418,-2.6354944213465106,20.591596156185027,0.5508267305356509,0.9983209687058077,0.010618730339158496,-0.00379728284660836,0.05681607740124522,0.013747968938946434,0.03741046575238384,0.02002064832217632,-0.6117617457674465,-0.5451039103691446,9.88476705678507
1790485832712124882,28.00100000001124,3.580495394715016,-0.07654579279246379,0.7678013598396809,0.998282352362085,0.01053317763223626,-0.0018530133263253209,0.05760176623161428,-0.028448662855402092,0.30646038846606805,0.7176402233039332,33.74180884144329,-0.018557353181114594,-0.3240196279546446,-0.7359549205120046,40.21111147593237,0.9365807694627788,0.1222663241845689,-0.00860849933737825,-0.052061908843015516,0.07093385357791811,0.046400774807852097,0.05919536670314515,-0.02666155346339074,0.05580231246503434,7.141475977572734,0.043516309160268045,0.02634130753856093,-0.009238887791041588,7.147809329468331,2.474421816869165,3.108625806780875,-19.31693165486077,-0.313007981614736,-2.5371804588926645,-3.016658387951426,22.21658657605912,0.27726468302889584,0.9982833476012603,0.010561249809863367,-0.0018866755283723764,0.05757828027932936,-0.04908686448992296,0.06910016793886929,0.04721001012420885,0.3844948299660504,0.8532165973044654,9.762984660940011
1790485832829771040,28.10100000001136,3.674912956771304,-0.06437785000985936,0.7677183408507857,0.9981819686313874,0.00895524071653597,0.002725305732557507,0.059541026792810606,-0.025807998497588247,0.3096434850459028,0.7193419198396551,34.416626174913645,-0.017538271461242608,-0.3295001704064291,-0.7350247527709776,40.880396506820034,0.9435503594840299,0.11278703103931058,0.0013778342529409057,0.020065830402467007,0.06900332155338221,0.03999543222576015,-0.02211057174441647,0.08113369292472061,-0.009265093784629927,6.62951934594848,-0.03894537104047284,-0.1542628706515751,-0.00412779151665518,6.475373886616003,2.8241638245374747,2.7564978192243244,-18.977535618791716,1.2946100818170199,-3.0934092083225906,-3.4119949449615947,22.09723751723108,0.9271051175440492,0.9981833423467533,0.008947225798338537,0.002690448508876812,0.05952078375492263,0.022659441490253004,0.06831146505448299,0.039515689041229325,-0.021702308256302778,0.7446586225962155,9.40584479190802
1790485832947842484,28.201000000011483,3.769227947225981,-0.0544357578337829,0.7673741768178848,0.9980635452495108,0.01143239126372552,0.005659132147741789,0.06088049192726033,-0.03005654093124917,0.3102470734728498,0.7179685843253053,35.11624560595296,-0.023300245267507517,-0.3273207652063814,-0.7382201418642093,41.60878318726596,0.9339074695337787,0.11337025469527946,-0.011070297254565535,-0.05252503918244021,0.0030892963977409583,0.022577337533310718,0.0869271778843776,-0.019038987340312,0.06480755980020422,7.552278953034256,0.07429687764643217,0.019351211975636565,-0.026011937274718382,7.509819978406198,0.7845224290998074,2.861186954340183,-20.211020918983824,-0.2596552159580461,-3.7443369989540587,-3.828631630666725,24.719972026698304,0.9561424285520279,0.9980639405982107,0.011458633077321562,0.005659318419955444,0.060869058811453026,-0.05978786512562029,0.0018536630491188873,0.02206794456014659,0.22110776582217426,-0.8917746755992441,10.427162605497626
1790485833065648201,28.301000000011605,3.863042247749862,-0.04367551763760214,0.7667282842864992,0.9980114078028789,0.011467194082190752,0.00553477775350196,0.0617341039492501,-0.027779430721633164,0.30542870205100403,0.7198389456528314,35.87788717576096,-0.022494868636371186,-0.3249798103978015,-0.7409479498484995,42.36675338193593,0.9510531967766952,0.11373660037332885,-0.001198590141471335,-0.00032418297725315417,0.03959898713527634,0.0060268312514112,0.016141344008907953,-0.029304152091777322,-0.001429692997579086,7.35387223282544,0.0010859504068044409,0.05945525543151556,0.00019733755945148038,7.493797551310492,1.9580623882368884,2.4768497622606906,-19.575978742570573,-0.2156510021243898,-2.955550778099459,-3.499498937010456,22.259944235088106,-0.15467942293307813,0.9980117013602897,0.011468561474453798,0.00551506219393862,0.061730868571921976,-0.0022059111231811255,0.03639750169690071,0.0050480225170522796,0.6443662928865508,-0.017744837795136123,9.881187931893606
1790485833185910581,28.401000000011727,3.957405872774629,-0.03270737943650114,0.7661073851883217,0.9980045973498473,0.011768118830079678,0.004697035253210348,0.061856874376256504,-0.02626168166601159,0.3069391961351137,0.7219312644720112,36.62988082198942,-0.022476462433406025,-0.3230517671949679,-0.7438023016829732,43.13482115945999,0.9454837377414692,0.11474140709848879,-0.0072187301238826485,0.01240904106061589,-0.009719088026064892,-0.005052669072992101,-0.00589653276461587,-0.036788509382559655,0.020263313436008106,7.704677524700104,-0.02155845536341388,0.16082178187355947,-0.023196033090318924,8.191341879715608,2.308704290125185,3.4866540465578484,-20.08966457887271,-0.16123005873677076,-3.286444417162907,-2.9517748334688307,22.478907215013407,0.6864697919537193,0.9980044912345961,0.011761637959741974,0.004701471577863431,0.06185948199816301,0.010967646791598245,-0.010631690293118645,-0.004104342161053526,0.1277588309070458,0.09808472143456798,9.876947949576003
1790485833305193202,28.50100000001185,4.050268821070208,-0.02122183920718968,0.7650918883901318,0.9979634640139896,0.0126923331067749,0.00047957983423650534,0.06251079248167928,-0.02717911865237999,0.29079500332604397,0.723940671862779,37.48013250562205,-0.024993911023329974,-0.3153724645761979,-0.7478034600959894,43.95872678919501,0.9264540238189121,0.12329365491728066,0.001992879365980358,-0.012919155316787374,-0.08816257027087063,-0.004653324518192747,0.01417126387524943,-0.14371589422641257,-0.020502849970655178,8.359083244337427,-0.0023982254455008575,0.04501103757756199,0.021827536452181114,7.940545188870011,2.929022010869433,3.2494849720169534,-19.832336640408577,-0.2135846958228882,-3.494687453605086,-3.131589259969206,22.580296248896293,-1.0818017062971883,0.9979632144517583,0.012696025076391816,0.000523945608302586,0.06251367073986995,-0.011764513671826654,-0.0899183475895213,-0.004655330055508754,0.3596561825925619,0.6275931865454463,10.021916133349173
1790485833423763200,28.60100000001197,4.142775220343125,-0.008778151948512548,0.7650086392424017,0.9979327542379047,0.012105920641163956,-0.0039015370646161536,0.06299557693293585,-0.025444952084959754,0.2970496411086596,0.7254708325917942,38.23895805850006,-0.024715235145482895,-0.3181244563180877,-0.7473085632870804,44.72919510706357,0.9163764407844942,0.12286360087595465,-0.0034393170943375477,-0.009029743536250528,-0.09545894218369065,0.030967699751299867,0.006879360235239596,-0.035621478956097914,0.011975902728336006,7.938762076497668,-0.008358366223444364,-0.037157548269721445,-0.007883248764445249,7.7117875652478265,2.549655948422499,3.2647665114068376,-19.499988230852907,0.4004839023944764,-3.3716149483714273,-3.354184085395835,22.281007381172135,0.41426498507628207,0.997933859947087,0.012107479829464108,-0.0038534343939303625,0.06298072043616952,-0.009229281256382999,-0.09457116500936093,0.031109816824390304,-0.28959463375009875,0.3106382501519576,9.596535715962581
1790485833542135961,28.701000000012094,4.235010100583879,0.004010503732807982,0.7652499765021253,0.9978566251410654,0.011773753704434843,-0.005718884747206964,0.06411574489186923,-0.02540370336895878,0.2965586449927093,0.7248445983835045,38.98553895249641,-0.026121243972581473,-0.3200306351632555,-0.745577431295635,45.469412043461006,0.9307396870375866,0.1194634631621061,0.004640091300467796,0.0335140976208467,0.018281759132794496,-0.02528767305653204,-0.0422293455976196,0.23201200545277784,-0.0034159605037678534,6.313628920029372,-0.056649462444326434,0.02697686541315262,0.011555734576469981,7.274299390693224,1.8932491687410076,4.15649023551199,-20.57532770575705,-1.7642425338977428,-1.6370140594702622,-2.1957332089450428,20.790860229317854,0.6033765039942085,0.9978559592282482,0.011757546334835441,-0.005729229289025859,0.06412815815701417,0.0341843080986953,0.0176016056294185,-0.02270295735382018,0.197140074463428,0.2651604079375994,9.754625673339525
1790485833659431814,28.801000000012216,4.328613408831397,0.015738780343271575,0.7660542409811573,0.9978160936049546,0.012230245749094848,-0.0028235382569896934,0.06484976533170778,-0.0258797638066437,0.31643903684944824,0.7229980140596401,39.60372828969868,-0.027972424382730874,-0.3286030046623855,-0.7435449206570377,46.13601057644148,0.9329252521022496,0.10276564642564122,0.006557956521246765,0.05716273018957537,0.06122735836460754,0.048972156821819754,-0.04202845761925939,-0.10337309767899888,-0.06453341806750043,7.18368909540799,-0.05658948095124668,-0.14671188674597346,-0.008150823883623395,6.477408569344294,2.743521772851006,3.0953049691989905,-20.716103914985975,1.8214678874461514,-2.4911224071572646,-2.9609826799575707,19.615372193771062,-0.3739553298991978,0.9978179434653575,0.0122037812159336,-0.002855639099489698,0.06482487753889525,0.05666377554035257,0.06056805470213236,0.04838536909678294,0.05087563345715493,0.05136137921684596,9.283742488072123
1790485833776587777,28.90100000001234,4.4208869899638685,0.02762719492373871,0.7661204776125963,0.9977518465277063,0.011239283253744351,-0.0014393801432753994,0.06605194506823509,-0.02210191283048083,0.31492738203553505,0.7230274930403238,40.31709845586382,-0.02545614603032356,-0.32928880719538506,-0.7426665501163566,46.844677115775724,0.9237049151275324,0.12827012864469683,-0.005099736069580386,-0.02937968525285835,0.04415145071202588,0.046269540562525184,0.04035503208533356,-0.10099586531042432,0.0240273866838764,7.436111456166814,0.026419027665589432,-0.01148369242847532,-0.009261975735380458,7.065461640229146,2.832347839660723,1.2226667651874703,-19.70442770416606,1.2630643814746985,-2.7655236411281567,-4.340813536774136,21.082914911816516,-0.7575769447636209,0.9977531771278374,0.011255431508715193,-0.0014601759272028587,0.06602863529651265,-0.029655531786739235,0.03985546662603128,0.04247120550823568,0.8104468059946112,0.13760004482882135,9.6052862959122
1790485833894110507,29.00100000001246,4.512933017720586,0.03926735694939638,0.7656011675936942,0.9976652729334744,0.012128192191423227,-0.0004753045853813199,0.06720628112235302,-0.02285040296857797,0.30916074295873025,0.7235445354863329,41.05306035901396,-0.027617382506856074,-0.3289980121959108,-0.7454875987080748,47.570286626678275,0.9123492137560838,0.1254941516528672,-0.0030921503146830935,-0.014706275790814188,-0.010798045773770488,0.004177468706493397,0.024474990710778768,-0.030005761649493486,0.01596378369117895,7.421056116467866,0.010848922502198967,0.10061089031490786,0.0020741698234204263,7.662204442144046,2.206097000888588,0.6966400803577932,-18.618540073101485,1.2810476596920926,-2.3276737221223716,-5.159161001564981,23.233113940016047,-0.8600877214077163,0.997665326651765,0.01213516630575246,-0.00046939865809437066,0.06720426623704881,-0.012025479825154905,-0.014355143610132995,-0.0009836683917874502,0.6573936382981008,0.8724386414953039,9.812146628779674
1790485834012668936,29.101000000012583,4.6039111028083735,0.05171224266468001,0.76507774262281,0.997636051932003,0.012792797019185207,-0.0017666454011066688,0.06749467530093725,-0.024210575034051756,0.30809774487901914,0.7251486234474981,41.79438491810808,-0.030233833460430643,-0.3280877904593968,-0.7476938852438785,48.313651853177475,0.8879894977730985,0.14063535317036763,0.00036328340824123113,-0.022259843518763287,-0.11785276298135156,0.0009496807729983828,-0.0016813589527134136,0.03158199331016819,0.01689807240675529,7.654571206125726,-0.013486573185433077,-0.05115990825194123,0.015042937502718063,7.499196828964731,0.026656074050452207,3.834388206308021,-18.910518180912035,0.21879403255725416,-2.375559029535359,-1.964954939163742,25.1356396732033,1.2853156022412673,0.997636043906433,0.012799924229268358,-0.0017071010303886093,0.0674949749575416,-0.022043879313372327,-0.1236240025339657,0.003924451006966211,0.9462067789201957,0.6747735288944945,10.296477881529736
1790485834131155806,29.201000000012705,4.690635841969773,0.053706745061546275,0.7765373969303139,0.9978129497481291,0.010182248964490275,-0.01686567797509816,0.06309665622997478,0.008320836866695403,0.31623588107750533,0.674763794281847,42.5054025837,0.033556157100003085,-0.34342811843795135,-0.7487581679515108,48.72855426122704,0.880329824350169,-0.14256450232458837,0.22225675484852997,-0.22454150427915667,-0.3241498184780796,-0.4576549477750672,0.8414588310853706,0.49067464643451464,-0.9189885231363137,4.98025894874227,1.8389719070129384,0.6300303599818017,0.3590782042063381,0.6712555104915289,11.846552834571982,9.929390841061775,-19.561191418380332,-0.4120585953885909,-7.636437796597974,3.875110725138043,8.591855897878544,0.6736575755266354,0.9978000563166087,0.010280187993556863,-0.016699202834248035,0.06332852417426847,-0.21491667673168427,-0.3110612084001946,-0.4417108444670246,-2.2554403531627907,1.769955274369674,5.99870203614111
1790485834248613746,29.301000000012827,4.777648602439033,0.055595982090692685,0.79948055804763,0.9984424381466644,-0.001709164300160215,-0.030074863254401417,0.04696039890555163,0.03944638567857869,0.368847480082623,0.7176066969386525,42.66436540675242,0.09199700184782246,-0.3159557226663865,-0.5958208147482403,49.05895704834217,0.8973933121288786,0.11570601067153502,0.29090561372095447,0.20347539406818885,-0.0381641398986497,0.0006627669163450749,-0.9208954637510076,-0.024939803440636153,1.3385859658231773,-0.16362273806630173,-0.4142085857126952,-0.7941863535044557,0.8736012653909567,1.8340746137376789,-0.8805063521195498,-3.1902156443147924,8.886277447800932,-0.16990068498105507,-19.474954768699288,-8.948423839590115,39.37172926203979,-0.1972537027237894,0.998442848363715,-0.0018116296604032834,-0.030060588954084064,0.046956975424945445,0.19402323979649527,-0.032399181504015474,-0.006602932975534006,-0.6323572891887852,0.7952709422968249,7.65791158710955
1790485834367305614,29.40100000001295,4.865829402002893,0.07740591700414838,0.8293664264292572,0.9975341015127022,0.013942143638866082,-0.034204786491944625,0.05967717763971038,-0.11562774109231726,0.2573080919542211,0.6779090745405394,42.662904411154244,0.01941540630176912,-0.3888921192316598,-0.49144313354231195,49.23552022813569,0.8310361016885908,0.1951275673548761,0.19270886568155673,0.6827358064059366,-0.38146505623321086,0.2809364765043025,-1.5425437884655444,-2.6505899486527347,-5.302469806327032,-0.3329264388670117,-1.2114786033218516,-1.8312846138263352,-1.3739688920814168,1.8429024887323375,25.09885578592186,9.36734655867406,-29.10626154097538,-3.120218194217007,-3.668350625403423,8.386283247436198,-17.869130718076917,-2.1928844785809516,0.9975536815176108,0.01359503862788129,-0.03403293478787491,0.059528033438823486,0.7043246441989196,-0.38853144387057426,0.29554613431438786,1.079186713410155,1.3446754222287405,3.3280522204481917
1790485834484770584,29.50100000001307,4.954000115703445,0.0905352072949134,0.843365595909853,0.9974967073477902,0.02573819675187462,-0.035146106066894146,0.05570112464405466,-0.12451411636607018,0.21774022451889805,0.3469866479257241,42.44177070243592,-0.02396369732219851,-0.536006968218288,-0.8030370949747073,49.31476846135918,1.0023798994987954,0.08837938817382791,0.14822251107096637,-0.1628922145841892,0.6259145213526086,-0.13536187366759928,0.27970924452699686,1.684399156636732,0.3917813575255002,-2.937627547900348,-0.04025638404891542,-0.6111022814804639,-3.2721042576976447,0.5684362712199823,23.27980595194983,-1.006617609510704,-22.85648811871822,-1.9478820592560027,-6.562262350073909,-3.1497610928216426,-1.9887286931820363,-0.021507296100027162,0.9974797874971996,0.02583449091922867,-0.0354554833256138,0.05576344067247047,-0.15349754673861687,0.6162960898046893,-0.13693449712651118,2.4345999262830933,0.6698489947634354,6.691335611103074
1790485834603184145,29.601000000013194,5.053130431656673,0.08980188865184208,0.8647494987178259,0.9989234357503182,0.008161315573877588,-0.014104580440070538,0.043432974195822725,-0.05724156536081978,0.28496562232643446,0.245855146384088,42.34639894599146,0.02739202478290183,-0.49591167255828406,-0.9327184081994374,49.37616049820758,0.9566749068704655,-0.10170879331152297,0.3284495633571883,-0.6390061214546852,0.013116671039105642,-0.5779417868095712,1.1954664799592496,0.33905430670415315,-2.070536350849006,0.19773313892741978,1.8086091838005898,1.6110499716688569,0.8185385446120061,1.6552632390785114,21.252489469455007,10.848905511301304,-46.10724052256618,4.966911209161778,-0.1636537132673075,2.4902731856963647,-4.164633013293155,0.5185953110790305,0.998908092102782,0.008476682936591652,-0.01409961182062255,0.04372608288518284,-0.6368964821918294,0.025157390527788724,-0.5698037171549948,-0.7415206034306191,-2.327070886316314,11.276447956706239
1790485834719773945,29.701000000013316,5.144987311969948,0.07260045887644132,0.8906966628832552,0.9990244366560812,-0.02281605166068332,-0.03640536654313795,-0.010210388703485163,0.05736183946731588,0.4357763752410065,0.15567553545322255,42.33460813373992,0.1447580935381664,-0.23454766249096268,-0.6346022615411895,49.6861083841835,0.9541351027018823,-0.05273774857842084,0.06545100040524056,-0.8584307968637293,-0.10247295734375561,-0.5079770587789714,1.4690604905277356,3.8888295121599428,6.490463005621805,0.9028977293419173,0.8411903818755979,1.2315986090238413,1.8598025256994881,6.828492860712013,-2.1709822988951526,-13.248269008182326,22.090145481241244,-0.9785163471424247,-27.537120006650536,-13.950660215526135,62.03644600407079,-6.968798985440235,0.9990385627025941,-0.02239597554027121,-0.03635276291629948,-0.00994218995422109,-0.8465750782736545,-0.15861262384313551,-0.5361701338899907,9.65625175805938,5.644520845992978,13.3889408606989
1790485834841304031,29.80100000001344,5.246231627791463,0.07143830346906165,0.9052446169426346,0.9993654455160403,-0.0309815352260253,-0.01318392132328699,-0.011620456191826934,-0.023933894820047062,0.7113553600657377,0.7893758456986687,42.49061284970153,0.16230764074894247,-0.3034079117451372,-0.6243478021904196,49.873585961428674,1.023841814710455,0.011773788075877277,0.12736263777749834,0.2842085372934032,0.6740284874990794,0.3061108239551088,-2.8694732122970885,0.3390376504260171,4.145387917905802,0.6768875709474533,-0.496586118265153,-0.3711278477195193,0.2788277175224274,1.8310253097370395,-1.9118599874276123,-9.719931786059723,0.9632681174903084,-0.28706307293476907,-9.09347627552512,-15.698003275511756,38.91051069280091,4.05902519455775,0.9993547426157146,-0.03112544527162609,-0.013523811243196973,-0.011764845837499392,0.2826560740622075,0.6782220168152625,0.2952818019727167,-0.5534705602219352,0.6959737118562241,9.121617116888876
1790485834958796492,29.90100000001356,5.346444601496812,0.0764017202534557,0.916358117494338,0.9990676603099674,-0.006244175150384256,0.013665766306127551,0.04047304325998442,-0.2317214283965026,0.4356337301700514,0.8906291738139755,42.524368032522446,0.08347375261380266,-0.35568549686841594,-0.591121420164946,50.127385845342346,0.9871930846742111,0.16409178092827312,0.07260945084053985,0.3393035414875443,0.3309543302462428,1.43684434540752,-0.6307361003089327,-3.564745327718617,-0.48344415510367866,0.25235268364126046,-0.6213419013431032,-0.8105174196485521,0.36510414739680724,2.741153192693768,5.501031289450083,1.8141468678047534,5.245032503575186,0.24583517069729885,-27.92777243225191,-6.2440167551692065,50.36575640245531,3.2719781636323644,0.9990976531950339,-0.006416787369888565,0.013489087251026712,0.03975863107752637,0.3393698256441166,0.33690242958958766,1.434898644636811,-0.4124126167845783,2.4947897395668384,10.962365844695448
1790485835077087234,30.001000000013683,5.445095428304334,0.10283942160487163,0.923753829713679,0.9945622952628085,0.011290144201660331,0.019373809437906273,0.10170068334746996,-0.21414196510006744,0.09521940748649797,0.5920084855687366,42.50949553416258,0.01555456778630975,-0.4430446149164333,-0.5623505137599003,50.470078092208375,0.9475588999950866,0.2574868758331581,-0.10472750320440215,0.35494045463391455,-0.1999898073975044,0.7053763210128672,1.7215959760323238,-4.173339231015539,-9.290670228393855,-1.6772140986256228,-0.8223599742609469,-1.2947571984562132,-1.6285635681012465,2.2606013929439595,18.28022145658036,22.0703922918825,-33.06313578543424,0.6199939313795381,-1.987386330790268,12.968911837499485,-14.574565104677706,-2.0074199992216135,0.9945981477802096,0.011096635610714164,0.019459192046382603,0.10135447180662568,0.36812905663378764,-0.1671490075120711,0.7257677640641522,-6.994480928593867,1.0557958991335867,4.06694483497084
1790485835195356656,30.101000000013805,5.541597802928191,0.12320383515313743,0.9187832398941447,0.9940864828179302,0.016989566948707544,0.019455112933831054,0.10547472623478474,-0.18334858696728032,0.10364401353685307,0.4549241301104174,42.842328653257745,-0.020576834000899314,-0.44538401749755435,-0.7944558449380035,50.56859895648626,0.9852349493280297,0.15912986762108744,-0.05723099635987885,-0.14767034647384145,0.2112092651340729,-0.1410162728176737,0.2984364866330827,1.4114243729402587,0.8941911524619988,2.551590487458089,0.14691389581683031,0.8008223713065397,-2.580360786334266,0.6333857998797296,21.321688532543135,3.811683190469819,-33.531178454273295,0.7603332772365317,-2.9548756141445893,-2.472726738515364,-3.577116910119373,-0.2748024948213994,0.9940798353901118,0.0170754756762576,0.01935672242853111,0.10554158563344007,-0.14528236183483204,0.21588381511459234,-0.1411244945878919,-1.635017129853754,-0.7708955603692648,8.082593422672208
1790485835315586586,30.201000000013927,5.637339071137079,0.13301926726283841,0.9102441899010263,0.9947335629369047,0.0021110342109912543,0.02025562467931702,0.10045094310290549,-0.12357763252296701,0.22222145961328485,0.526904639800442,43.23686442193965,0.03728712005397322,-0.2839085266987704,-0.8629155196044384,50.58891018416777,0.9453049165249854,0.02192039426639777,-0.032340420240634354,-0.38904943307904655,-0.13014514256331675,-0.08845532336795367,0.8803642672456089,1.1379038378608746,0.35966405125886397,4.208645610852364,1.0503080206852968,2.5839000468374222,2.2585277792642726,-0.2464811898695164,17.46384712470047,8.491502913510276,-49.09861615308322,3.059916124322353,3.3085333109190076,-0.8642077112770803,7.266113113317933,0.28065139539175893,0.9947273695934565,0.0022988936852606275,0.020339800928574566,0.10049113278142577,-0.3769878291373921,-0.12760732101614028,-0.08582939215624864,-0.9167036035460459,0.19709944483730796,13.615894290790504
1790485835433207235,30.30100000001405,5.727764865989019,0.13706877482220164,0.9032661410317484,0.9950718447100045,-0.014501156095551243,0.00559739396691032,0.09793063625903936,-0.05276542845500752,0.3517650109085698,0.6984282885253068,43.57963589034536,0.09119794086670893,-0.050846773160006985,-0.3904835215987691,50.63437510472714,0.9517544943252829,0.18500890149810434,-0.01506163215240798,-0.2329029023417798,0.2539062454807382,0.07175748665708864,0.4550881401360767,0.7732868450932721,2.7683899478599483,0.7895865404889844,0.3465032410186635,-1.9448865084117681,-2.160551258781113,2.8616274662629184,9.294884105800188,4.582942549839803,7.07976668484694,-0.10043048681248534,-34.499759037764306,-2.7725496186479046,51.31282311615016,-5.320070448905995,0.9950777422190917,-0.01437304653873657,0.005481950284255544,0.09789612195808038,-0.216465255734323,0.24177999604249784,0.07246048069102741,1.3019946965602431,6.0396189556982245,13.590770871250713
1790485835553093890,30.40100000001417,5.8210544369861035,0.16562647425289162,0.9017933936804776,0.9944805209829142,-0.020638025089888247,0.023155874565142422,0.10023158573555768,-0.0038293090179318105,0.3984854252679789,0.9216542132416565,43.6351146945672,0.08677203247346504,-0.19812311655755177,-0.4748690479263189,50.73365076922705,0.8984236831409214,0.3500618439217727,-0.022407043467268215,0.21834738000948406,0.28892978146236914,0.09018576244456113,-0.33626908408927847,-0.26680313338010847,0.8819744834803868,0.4361776611464033,-0.6236118736573786,-1.0573291220591834,-0.20400465978343046,1.568139530053808,-0.6090660800834472,-0.4468940186262914,1.5462774421248633,-0.05755875514233158,-18.214799033011005,-7.042209964258388,36.89532624624444,2.2336118336364263,0.9944861154803244,-0.02073316005813747,0.023000333362992047,0.10019224948093595,0.2057255326117111,0.29272888989829665,0.08749531841081643,-0.9408508564570229,-0.2640945037471704,8.949164707089558
1790485835671349172,30.501000000014294,5.907465052312856,0.2108013202227082,0.90447226986766,0.9922505517342454,0.0013729074208146358,0.03077331676048022,0.12037425257860383,-0.12259466973196266,0.24401554911457327,0.8020411713599306,43.674855007429706,-0.024497905288319192,-0.3046498815532062,-0.4601874583861212,50.94739968396297,0.8401563282015834,0.5364773838956739,0.07786439103166319,0.5914943311364437,-0.05657831797865416,0.8245209182817792,-1.5442660025488808,-3.517979357733998,-5.369144086613854,0.49379485086386543,-1.3779545350919462,-1.236101645875839,-0.27328809692372896,3.135757905833684,8.94528586634717,3.5405423292103135,-20.194263224006896,0.955826673727308,-0.13033518716250692,1.0283561622075412,-21.10058310312383,-1.2556733402573876,0.9922995846468747,0.0010633600606017577,0.03076634837260622,0.11997431134553692,0.5649542694926856,-0.044841781823638086,0.8230485943870846,-2.9321793784928625,-7.3073244485760345,-1.1674747586886869
1790485835788943191,30.601000000014416,5.989447021707184,0.25149707031214436,0.8978431429369882,0.9903634081253655,0.02929815945934487,0.024955115758085424,0.13303826478162925,-0.19379421034696126,0.17800702197786591,0.48964687245250516,43.8499935660988,-0.12103806191191958,-0.46157375845709275,-0.7602186485877224,51.09245619890611,0.8621806109729336,0.31266256252267194,0.048818260870064384,0.31621060113289556,0.07851569950886077,-0.06162095606257933,-0.5468378517348171,1.729817474201791,0.704910152361441,1.3617503404142746,-0.1588516875801829,-0.4658793668402382,-3.055424043076234,0.5356903228482348,25.371743606573443,2.110709700871328,-35.41868489662686,4.342876565480118,-2.079489316718602,0.4592759151050344,-4.091490924647856,-0.13363043235345395,0.9903649074198856,0.02914756902830907,0.024894299132367056,0.13307157187637986,0.33853370716472186,0.056982853548855114,-0.05231057006815783,3.05299872941982,3.1785237402644415,8.817664464106151
1790485835909591588,30.701000000014538,6.078653586961095,0.28150168053971325,0.8957223358722805,0.9901735847317192,0.024499064958541893,0.0394640943553803,0.13190395434710972,-0.14949469439332466,0.32433180126293637,0.5073682981095126,44.054688719063876,-0.07580403199445081,-0.3994848849687731,-0.9492714421837639,51.082636345562406,0.881783759693729,0.26253009553962486,-0.06788629438403218,-0.3502996847852562,0.1834040465802959,-0.10092294162484626,1.1679584559892953,1.6401551566814174,-0.3089563564896931,2.3558568140609415,1.472627088166195,1.7302966556241,-0.2472480015016018,-0.3661570687059335,13.218627437991655,12.6638166121808,-47.32008051009604,8.822071592969529,10.475944100240863,3.878505838788632,-1.5840959217362636,0.23732192759532592,0.990166235982169,0.02468658047030104,0.039395159311187734,0.13194475847275533,-0.32330631263728554,0.1924147838744677,-0.09053876648425693,-2.0825252039554294,3.4673760446747344,10.257839177490473
1790485836027284336,30.80100000001466,6.158831603600676,0.30765670472084305,0.8867301940626217,0.992889693848423,0.0003609466222278847,0.023520497744052085,0.1166906669489516,-0.057329704549811795,0.5668756134354227,0.5763675121114649,44.27636893744542,0.07552067225679004,-0.10228731031390717,-0.5187306806116294,51.13567278893367,0.7221212939647298,0.33926448187441355,-0.10372928024326786,-0.253001806711015,-0.4060175224116134,-0.03854235890926166,-0.09433660141404493,2.4550687929461747,2.660000976735526,2.048443074810722,0.08299738691203412,-1.1342129402504044,-1.0003625152017754,6.374001812369099,-5.136124291896907,-4.6095953873932105,12.157297884256192,-1.2049864509643209,-24.58413257170217,-13.714556995637144,62.54987970412736,-4.49934927196824,0.9928825959660453,0.00046331209404809777,0.023736816890422598,0.11670689565548074,-0.25256810003113705,-0.42158269346398086,-0.046359447560464215,1.1194362825783872,4.763598983518715,14.87366483360171
1790485836145338211,30.901000000014783,6.231705692616089,0.35862335997172323,0.893705572371721,0.9909698509606026,-0.007225806446690942,0.025780401297522924,0.1313846000003649,-0.18974431409931633,0.5595472597471969,0.7878241067919771,44.36411663199094,0.0369397373427701,-0.21030244730024106,-0.568844188585087,51.45209032138473,0.698318582409318,0.5579793603979024,0.11673695962213196,0.27639905290626876,0.07852412215642261,1.0266952785528989,-1.895258316892236,-2.736569035484231,0.673474079604553,0.29843566114733056,-1.1324793844425622,-0.9724965193801013,0.41475866693556535,1.9247559325939063,7.247263602338544,-9.583428150159909,7.274782417146467,-0.3160166606060139,-26.47833745207122,-17.83661400877286,45.78666334651628,2.7736330619928418,0.9910371697201436,-0.007370832855244367,0.02571962347843956,0.13087971586245115,0.26045074852049743,0.08729585232691411,1.0023377513221752,-2.321893387606996,-0.7702322364643511,9.550009350745603
1790485836264205346,31.001000000014905,6.299228237783455,0.4178313920676043,0.8965432252062123,0.9780128829431715,0.015099359294128265,0.02638568132025737,0.20631676123708367,-0.21342111523239543,0.16498848192478868,0.5775758949738868,44.32293975366475,-0.09459608069865677,-0.3438806747603747,-0.56740560527118,51.617303671427486,0.6108645917894323,0.5557528760967861,-0.1163110977903697,0.2856681256142825,-0.5494181418908463,1.069232772233592,1.6663969658650521,-3.988576988004883,-8.233362860719044,-1.4245361213901317,-1.343253366279146,-1.7049763907784088,-1.5188505875698046,0.15328284990199154,30.3943552966831,24.771960535482442,-48.28298304225853,-0.6293467817197901,-5.4802854398122225,14.327434057749668,-14.569844803951593,-0.8974282587141184,0.9781179049299789,0.014888879569004745,0.02663294858317855,0.20580177688818688,0.2883257571906266,-0.5546625303660571,1.1152205617981286,0.7816507788639657,0.9944464333352909,11.568446348947155
1790485836381421180,31.101000000015027,6.3725540579086495,0.47291520023568445,0.8977515367734918,0.9752867723019981,0.013942995458146656,0.027167486022134847,0.21882237626358342,-0.22799701920909465,0.2348551197717938,0.5869883232469905,44.6716844031357,-0.19433540241302927,-0.3494498126325791,-0.7839083990412915,51.66146475509242,0.7835612331209096,0.5272773322918265,-0.00735366681227355,-0.32975290883094976,0.20740906375683707,0.036089608913340586,0.2104143394439311,0.9757218304243668,0.3354356354220568,2.7403160257766026,-0.3875120692459189,0.5871240965072049,-2.536215565703038,0.5262033013475658,20.394626226019263,4.873364283262866,-37.82760812476791,-0.12026398994671195,0.1150776885882141,-0.598314645116304,-4.078476141019054,-0.14784522940579659,0.9752912207692997,0.01412599965539631,0.027102674100776075,0.21879884798748708,-0.32276528978384694,0.20669795713345798,0.03604944948463425,0.04859217170244615,-0.04008634485188884,8.945452597356214
1790485836500252416,31.20100000001515,6.453258775669941,0.5183646493848575,0.8932406078342734,0.9741593933908912,-0.0033202440975391707,0.024967057256514144,0.2244528865917555,-0.18880528289296455,0.3193961266967583,0.6161123036703785,45.09054450135859,-0.15195010075441434,-0.25516612416477613,-0.9348663218920857,51.676026424373916,0.8349707828576322,0.3942325934467849,-0.03988559722224069,-0.40865323546121174,-0.1353186595621544,0.08476827281932309,0.6177695470274263,0.7856837936049197,0.2392499586061307,5.39037250901711,1.4958405403506363,1.525033673739491,0.11906470191151344,-0.08674926683122697,13.051606141567717,6.983339325126131,-42.45520440258791,2.0545548229145405,2.880696412037642,0.09257457416987114,1.0175356290407582,0.11840879730788262,0.9741678723524597,-0.0031374418641670334,0.02507868860000206,0.22440626620692417,-0.41277518092223936,-0.13332194594890384,0.08744582053439648,-0.13176599882756215,-2.136980085115109,10.479748799413514
1790485836617485709,31.30100000001527,6.541478146207254,0.5469044561763915,0.8998248992033183,0.9751001796783716,-0.010358885554676971,0.004652252952261034,0.22147390280514126,-0.12557183786540876,0.36744167513328896,0.6068142428489366,45.72232569683356,0.09077859086239297,-0.009593336967994874,-0.5241540004340127,51.60017111077096,0.8020912284971721,0.19037319636391903,-0.07141767311258133,-0.047560115886706715,-1.0164272541517205,0.03137006953286533,0.6939404336699213,1.631583536477269,1.6169453422849664,3.5597150037058825,1.3099834659701879,3.2175260561283348,9.777715195819994,-3.236730495762802,5.790045265333945,-6.110126118874271,12.816928747031561,-2.481288180220556,-16.485244992494096,-10.450651723134131,11.50992402051898,-3.041448633039009,0.9751014091801115,-0.010448325296282658,0.005152915709797438,0.22145320447704556,-0.06167609561680652,-0.9921776484486433,0.012573420512800679,-4.809557802476021,-1.7052420467572962,-0.5919994306768335
1790485836735184328,31.401000000015394,6.6221448373914455,0.5889624977844923,0.9031483769502137,0.9737594710811731,-0.018460512272385366,-0.004583568791953702,0.22678336108163707,-0.01580709731027356,0.42257881513249257,0.8320606576527797,45.83725326532509,0.1252869378516762,-0.10157530214211363,-0.4526888345482422,51.72333172479743,0.7899381755734725,0.5484048085706503,0.0669806655555077,-0.14635402112505977,0.31718738367533933,0.07107321812133739,1.3628737257802717,0.08916962079144879,2.3091953858539265,0.3425126812046813,-0.052121602649056055,-1.602175302317003,-0.3935978469315081,-0.6476775231776156,0.518194058295812,3.922357878189006,2.561022109462761,0.021388881346283,-18.634250228387494,-2.4547437369401655,32.561696229963026,-1.2228105752260725,0.9737681386847608,-0.018353125877637422,-0.004722061523490188,0.22675201650239857,-0.14953401399398386,0.3218228707317141,0.07507734433128603,-1.4090947858918046,1.2414195026720822,8.125425156940286
1790485836852629079,31.501000000015516,6.696003251722722,0.6495002771851042,0.9049131945371457,0.9735439246629779,-0.018030752251454504,0.010974705209061481,0.2275229099906816,0.03183035176094847,0.363364118176086,0.9384454616792488,45.858457744636546,0.07419052479373663,-0.21662287604103445,-0.4630922215295129,51.78059836578042,0.7027359368000803,0.6684653631897152,-0.008794197309740685,0.36974880695762896,0.2938911258993573,0.08158202726280118,-0.8132697773467442,-1.4776623344011723,-0.28496858252638746,0.09981419967801353,-1.0572957588162304,-0.9032343348368989,-0.08972235027234862,1.6907837881795742,-1.3100140230130866,-0.34602193754648214,2.9751249677891844,0.057579639915670056,-17.325078037486836,-6.591196411002048,39.33272917986071,1.8647490494374346,0.97355145685473,-0.018177749271834923,0.010788848280683036,0.22748787009469373,0.364676432599033,0.2945623160728549,0.07999603818323546,-0.09984953618018862,1.5414094236044706,9.457667233446006
1790485836970234928,31.601000000015638,6.759022259243858,0.7236816078567992,0.9043295364920958,0.9704937685590824,0.004541430224269581,0.019515134067105176,0.24029228065389371,-0.11916144962204689,0.10411681203845789,0.5804370024186034,45.89706984930721,-0.05940440490380077,-0.3221076650963637,-0.5278977277639725,52.064963829388034,0.6310589917221316,0.7020108562166185,-0.1700892881094955,0.5557012002977506,0.033039532094413696,0.26705364911945206,-1.2671988142156971,-1.3319503714824297,-2.3411845302287597,4.9993915646504,-1.3410535543918165,-1.8663739282226632,-3.646839332078661,1.7671550765862156,27.652472075903535,12.045592277823037,-59.00334805396875,-6.117037062308721,0.04608282407145525,3.8043748596312548,-12.31978026559436,-1.41465444640468,0.9705273920026969,0.004273141514466095,0.019432941856841753,0.24016802952272398,0.5442474487691311,0.010902286448196628,0.2726334975879453,2.826147690559005,-6.548163676472361,14.46361258929049
1790485837089711687,31.70100000001576,6.8298822132823265,0.7825910299313225,0.9030120611349418,0.9691645871966484,0.017812373254334796,0.04087279055940564,0.2423471420811128,-0.20787478844978316,0.1660600152452289,0.6309085792959365,46.243606068376714,-0.1267219756771921,-0.3951033972767237,-0.866915785081631,52.16609585446451,0.711505000101564,0.5496770056004892,0.006466605584099571,-0.054786764082734654,0.41037866479251395,-0.05225760128165462,-0.1869635072813843,0.7477249530078703,0.2691371792846574,2.013044636525884,0.0010912743341884358,0.09512195641847092,-2.4866433239711596,0.8433846191407404,21.020055877201624,5.037009318322827,-35.94735448906502,1.1613377128649878,-3.3316670099021755,-0.2611258794427931,-0.8474107321590649,-0.10593575019842194,0.9691661325792733,0.017889716567121836,0.040680100728360494,0.24236768536092224,-0.04818186327896364,0.40753811047834254,-0.04888936553640667,-0.4002284574632654,0.2683582044790233,8.842204556924576
1790485837206300058,31.801000000015883,6.90082567268757,0.8329361518878324,0.8987988296101123,0.9692710378935118,0.0023192291173733527,0.05253263171934341,0.2403093815933454,-0.19116459998189683,0.23067205236533853,0.6639415983685807,46.55449101801098,-0.10796326096997579,-0.3247781668544473,-0.9623120945728316,52.19315536550309,0.7031479546856928,0.44268748727346996,-0.05611513474350102,-0.4287821605401781,0.059214097650443304,0.006316727693992976,0.6011353919925907,0.40357481889975555,-0.16587964443448633,4.293586220923225,0.7317196396033185,0.9150633808112255,0.402129914328726,-0.01924332295982446,19.075583870937564,7.7309080945897275,-40.48880618195985,1.6074793504758875,1.962321943554949,1.4139002704433503,-2.2313500437033933,0.04085266994997067,0.9692728322869003,0.0025339810606861343,0.052555460746530384,0.24029498346040248,-0.4286498681581816,0.06849759435219123,0.005726554143101054,-2.2110711845149154,-1.5866946017290942,10.112334349732318
1790485837323184795,31.901000000016005,6.97510457369903,0.8702645083189696,0.8941751998471089,0.9701203003638328,-0.02483980051417289,0.039842121086143004,0.238038216511049,-0.0995209008232712,0.2474190026241983,0.6497192443504238,47.19701835944383,0.06640688495041186,-0.1927655339517469,-0.8184500012694783,52.171376898051975,0.8922209729720935,0.2522010922206466,0.0275425021652358,-0.2399631870308412,0.10974681624928108,-0.07655133947940773,0.7345142510099621,0.35680981894916763,0.2980674139442347,5.851417874295512,2.158226024716902,2.441434696717077,3.603056409349408,-0.6694217992392952,8.093362983047074,5.718702231528893,-47.85626043855229,1.5260446791852518,5.078762297050847,-2.495881741666257,4.534692823330557,0.4361209011359898,0.9701163467295939,-0.024708816748588627,0.039818397867636905,0.2380719289924089,-0.25672755408945486,0.10859606039052457,-0.0788663318432894,-0.41679948420765034,-5.644981243581455,12.223056168973057
1790485837440482108,32.00100000001612,7.055927330432869,0.9103937757368806,0.8877217464236171,0.9709508617132052,-0.04629770108803727,0.04205603511669233,0.23095938370763447,-0.02808228736846408,0.3126114895012337,0.8026146115312977,47.466844625985914,0.15967148312226404,-0.14066077249731868,-0.6506667208406225,52.36748486794364,0.7792605091354661,0.5005483475122093,0.020114192878556016,-0.041176708006216034,0.3218781885469873,-0.033776322546408194,0.19775104633675966,-0.07031841270134505,1.1687112899250767,0.3475696232972601,-0.159454319575799,-0.8248260689836636,-0.23629425864054462,2.3640713117691687,2.1668027378845505,-0.027157928729666825,5.791735272611453,-0.17429527886500254,-24.022769890539973,-5.152597482448827,39.518339172801234,-1.5758668493316974,0.9709546699687932,-0.04623982954909984,0.041905307562121595,0.23098236345484432,-0.05111784017749649,0.31670953715901323,-0.036300482274579514,-0.0044872903532183275,0.017330437359710266,8.968927636788315
1790485837557863730,32.10100000001589,7.129883613748148,0.9650576016465217,0.8838373331881266,0.9699863735203486,-0.03417918015702024,0.05355454018551071,0.23471286725306412,-0.1089297182485846,0.2570842776411127,0.8717323736158151,47.499433799706594,0.08231845613219513,-0.19389118035790343,-0.6284850851976168,52.71593909208299,0.701288626195856,0.6302659013623083,-0.06161046287184893,0.4100144862565521,0.01690840846527638,0.3022224672054382,-1.6024218201666556,-1.4228355236071843,-0.3057974360892986,0.3846130645993712,-1.260519080437498,0.18592149303801042,1.379174676825651,4.775524308270402,-1.4158949975265966,-2.2727421131235146,3.1242203741718675,0.15617056306583868,-15.432494890019383,-7.9465503932724495,41.224629972588495,-4.2391427407593465,0.970015255559902,-0.03438414165952988,0.053493055288595596,0.2345775518230297,0.409824905473603,0.019993470790925533,0.29894826346521614,-0.8156619108878338,2.4188957600756975,9.026412998878943
1790485837675060754,32.201000000015654,7.192440574209874,1.02248735803819,0.859306384054601,0.9663577999203589,-0.003733185181367139,0.030810749831165128,0.2553220780824212,-0.14744139139464638,-0.04775299590406821,0.17643116020128816,47.39377550947172,-0.08107348783319653,-0.2395913674745837,-0.5713957199876493,52.952259873534224,0.4541074649437202,0.512153314706079,-0.4966971177242161,-0.24700545884687983,-1.5740189933052893,0.013361376546825433,0.8932775081762349,1.157466225160443,-2.90520770662383,2.3456491131413753,-0.7714560320459115,-2.426768788737228,-2.8678392833941575,0.6070646868812818,39.37633550647836,5.047527219841551,-41.82787267465973,-4.954831297140756,-3.404908886890501,2.3081854870384153,-11.982060627133778,-0.0071965270572790785,0.9663354116910565,-0.003814982899303952,0.03160278076885732,0.2553087978606094,-0.25150524437871924,-1.638718328888964,0.03030894275481056,12.332856666787812,-3.407230735348341,17.415298469885954
1790485837793392056,32.30100000001542,7.2718988131142055,1.0681328151210834,0.8383142443540872,0.9659413259313147,0.00418031514715318,0.022223370864540543,0.2577712195159542,-0.1627426879821215,0.18315676728257543,0.3955313707706657,47.792176098975666,-0.14420886453270246,-0.2929706164583978,-0.8351202680428436,53.00622026101089,0.8854223659799871,0.4260001267670826,-0.08828131647985087,-0.11682310237380664,0.08677699541963776,0.07437570008839524,0.27338505953864584,1.159199465831878,0.7533164318630526,3.962258045129191,0.4391596203814455,0.5470113009143764,-1.4370860995876165,0.18763769257112128,12.739057959048711,7.552007638172904,-34.92847106300931,2.93159976390391,4.14789227659772,0.06319432537854552,6.401862549407516,-0.007864776194313083,0.9659516287237522,0.004247095130909647,0.022196672321081114,0.2577338178950349,-0.101190876794972,0.09203425133977233,0.07749770353947266,-1.1228197859988756,2.026892542714995,10.444314338953108
1790485837911375511,32.40100000001519,7.35714075024482,1.1100315704390233,0.8303959576664105,0.9661640134260534,-0.018324722776286384,0.008007144833425888,0.2571520743203308,-0.08246202096555444,0.28576341795599675,0.49289654114566583,48.40417957890641,0.0533486220044452,-0.08782806450806804,-0.5199014924016367,52.935532746012726,0.7412176982166506,0.39068011567874483,-0.24558396953072675,-0.7350272246300465,-0.7456996016913053,0.01295847491882519,0.9042697630794663,2.2418015050878846,3.403931480910972,5.80054506244059,2.0111793578979436,3.3510141932482984,9.18174218649997,-2.5005653780208004,-0.44920079246605815,-10.663490609429621,14.157061850845718,-5.313575906464436,-26.537422864547068,-18.482725682567562,38.93918891910185,-3.3435292998201662,0.966169296272911,-0.01806557282971915,0.008461765932682877,0.2571360039651036,-0.7764730056617488,-0.7214504623070173,-0.0055836753552664375,-5.071994154866497,-4.754773353732413,5.503472986451945
1790485838028640114,32.501000000014955,7.437578176489688,1.1580674395406976,0.8211768564882002,0.9628392911034362,-0.011223848652163458,0.002724298453463449,0.2698279135426919,-0.09333794395691798,0.29302645011488826,0.6455852328310084,48.50630519130413,0.04059535896068394,-0.18156601540976386,-0.4675705366383461,53.158518889840046,0.7535442200046081,0.5935175059555859,0.015995402425184175,0.3061444778506964,0.04439266540092789,0.3544322082270137,-0.3837477081234017,-1.3377702050156468,-0.32798460903554727,-0.031655545036576825,-0.6720422963684899,-1.0725726824464825,-0.5002152300808018,4.1887322209570765,3.8902857558781156,0.3171208188770325,-6.35394171668265,0.1530774657927864,-16.877451359731715,-6.413719658977592,37.233628586967306,3.7797946561230242,0.9628854247277933,-0.011365725905783086,0.0026596346678686967,0.26965794159424566,0.30341820552141324,0.043225519328880226,0.3544051237704509,-0.19598098689402094,1.1677888890126498,10.749113499647986
1790485838146674639,32.60100000001472,7.510171952495676,1.2172443936011843,0.8126661858966939,0.9615958168883705,0.0011357493742008373,0.0029226618060593985,0.2744515495749912,-0.10135188878070284,0.20364175135259666,0.5186202040447587,48.82795319453001,-0.010840828514182492,-0.22909304292579666,-0.5267715868378625,53.9176141997182,0.7767286090459129,0.6119025314328149,-0.19988624154515203,-0.022456034493826646,0.33434942517516514,-0.14354159288028956,-0.2091061805692645,-0.22829233102518307,1.5468910324474563,10.905595297360408,-0.03522680725380159,0.8181222839692398,-1.0330132750098906,12.445496670312949,4.962229839921604,1.7268855215721894,-21.802139498895883,4.547202351319796,4.9781787868494884,-3.123257543181489,7.0309295235590605,3.7772516648435257,0.9615765791508434,0.0011926372901200168,0.0027649072871621543,0.2745203368287117,-0.0177813386267433,0.32902180942603254,-0.13992899436700285,0.14032560552053203,-0.21229431730985387,7.22240834412072
1790485838264558816,32.70100000001449,7.58018266121721,1.2709302318946596,0.7820426160975334,0.9627483924834007,-0.008427211604432444,0.0005278742083887726,0.27026697212945366,-0.0939861110410017,0.08295642761810922,0.6437900592997245,50.3336916746399,0.01161061661663492,-0.09261613873933991,-0.6180237324568549,55.439354869873235,0.6208406607877878,0.418305152749295,-0.34437263218006886,-0.24920674814159763,-0.3712156464641243,-0.05283106968230682,0.2869228405543804,-2.2704219225397138,0.33851712406135853,18.210738558244493,0.3922611880464264,1.816235112346394,-0.5890760955044062,17.083992097864968,5.309102506552168,4.653999698413514,-34.978618020313675,0.8946307208777533,7.068314324289637,-6.492126212971954,8.47065735110158,1.458003951067516,0.9627421809250738,-0.008357399413725859,0.0007404666125965157,0.2702907668638879,-0.24635835542210618,-0.35153575224027966,-0.05743109683938221,-5.425016650295244,-0.9789328133348519,9.350470357362484
1790485838382648710,32.801000000014255,7.636569890860749,1.302532619483345,0.7587055153603315,0.9634075571663235,-0.0067674121866458225,-0.019211084474032185,0.26726581367702995,-0.07855248914227107,-0.1052417698716451,0.6227232362997503,51.75684513496191,0.027600089000027375,0.09818934525821145,-0.5969141623189822,56.883862713592386,0.4403456753159849,0.2319055140098477,-0.03728817240901918,0.03016087995008936,-0.6119430013539832,-0.001213091517542197,0.07288076733416385,-0.14206349086075065,-0.32694338219902014,6.923277662504358,-0.053984974651458045,0.11745585070691737,0.26676966458156703,7.094569475514345,11.011302333411352,5.711960263258052,-25.267515806501535,-9.381041907424054,-9.243248974634865,-8.389178335538599,25.704525976653233,-11.288115159204926,0.9634131258399433,-0.006863727851920464,-0.018920334702420407,0.2672640251399968,0.03655245628579778,-0.5996439833750365,-0.0028812102339994053,-4.462293853369619,1.5137845244275618,14.289867501775204
1790485838500474227,32.90100000001402,7.671422590481732,1.321735833060219,0.767044635626709,0.9630819014151479,0.004444693779217588,-0.043024182712153886,0.2657111506236476,-0.07626254670612297,0.009421622227603885,0.6271998567770688,51.84773944910668,0.013410367396316266,-0.021152336017002532,-0.6088223786049266,57.0265445548829,0.2940325784799875,0.20130333141481932,0.13518939189612222,-0.005706552292663231,-0.18859889152822507,-0.07981116071974183,0.05351089326192078,1.8370919333527083,0.4115679755868183,-2.686267537303854,-0.054010847210916896,-1.5659405675619245,-0.22553555133769757,-2.1249505856516335,11.129626865891368,0.7943954528849306,-16.993062212982686,-5.925584950830495,-10.759078996843215,-3.710777591527165,18.837244955776082,-5.19211903319347,0.9630753374793307,0.004420668375339038,-0.042932783617855734,0.2657501234637726,-0.0038412701719579088,-0.20673953586613963,-0.08234621822183433,2.323438230530181,0.2804384227240745,10.564264044498124
1790485838617599152,33.00100000001379,7.699264219864537,1.3395442862856657,0.7808540930163043,0.9634194718428216,0.004286852714707718,-0.03718786057361172,0.26537069769260135,-0.07666568429853166,0.18818130060704552,0.6576000245955517,51.37554787269523,0.004870960578412911,-0.1819650757246828,-0.630970372645952,56.60337110097615,0.26207890488318825,0.1446284288516739,0.12536965204534414,0.06958989191356837,0.35209263379287425,0.010586868667206165,-0.04388951108634426,1.2547242464213024,0.012250659873530165,-4.861961893852781,-0.09989601552945043,-1.1008557583244163,-0.01107490242639173,-4.253772155294001,9.355906762432655,3.186079528403323,-21.45366064907957,-1.2875249124486094,-4.936162098398152,-1.5041670184764662,14.906613832994752,-0.13427310394784797,0.9634144634141386,0.00430024490253346,-0.03736667728990553,0.2653635449841161,0.07630472693851854,0.3429361000426582,0.012840149094328374,1.1388585487784562,0.8358873760112939,9.264380564255998
1790485838738113760,33.101000000013556,7.721238618187927,1.3499657710517974,0.7916721583226224,0.9634287191169656,0.002649826308096928,-0.020826297664476728,0.26714106185079334,-0.07701512269832685,0.2597196368894391,0.6361317916304154,51.023312367905675,-0.000483973350887987,-0.24965624661787209,-0.6132012328683407,56.27999432577346,0.165155837524243,0.06584062565380555,0.07580376204250783,0.023635531192363543,0.21484860361374905,0.042212034247459854,0.04716965871098698,0.06348053467876547,-0.30237015209514734,-0.9405623084280039,0.005425647579304426,-0.11413000888454185,0.27090917027342715,-0.992969836734294,6.49158942661739,2.767783057306698,-20.511073548277576,2.6211610141383184,-5.368538501757143,-4.9100111854650645,19.08874622760778,1.8252798745744223,0.9634321456244881,0.00266757771947359,-0.020932894278663263,0.2671201953121906,0.02395583511001183,0.2237081753212344,0.040607215434601544,-2.1140157196309417,-0.044348434364281125,8.92076536855146
1790485838857141704,33.20100000001332,7.735281972742111,1.355335996689631,0.7979979151404222,0.9631878254875865,0.0008012935356277355,-0.011388367036947036,0.26858681251579547,-0.07188543228073903,0.24304276957408372,0.6072449755521512,51.01655538024849,0.0013544544138989637,-0.2325916035618172,-0.586858989081385,56.287949294622656,0.123212574772399,0.034629567402486704,0.052610500594931324,0.04793692532757232,0.1374539418406963,0.030542854533415684,0.016291889691546158,-0.1575691547738206,-0.26244158958195657,0.09319874535920414,-0.01565179151646528,0.14528037910113778,0.20518340121414907,0.25020249271332956,7.515541517961079,2.9629306387233454,-22.02426310632467,0.8247940694743285,-4.785872739933802,-3.621857018196085,16.581043588121908,0.18074568319350612,0.9631911610456154,0.000796840476654664,-0.01146098936314993,0.2685717744880703,0.048678650062694936,0.13897746698183427,0.0293976313009874,-0.4507186734574382,-0.09506958507960757,9.412524868568934
1790485838974577366,33.30100000001309,7.744590047039971,1.3558168857716881,0.8017431563118526,0.9627229649505324,0.0033710913389334383,-0.009324887094490591,0.270307556277502,-0.07062199813712379,0.20985119745224382,0.5829194764995872,51.140420846395145,-0.0002714777235017821,-0.20863973468662145,-0.5710947509763032,56.40251946279057,0.07590618357784991,-8.413003720874465e-05,0.0305531446416018,0.020666542427539788,0.005849654380757257,0.03635606176609682,0.06159636458157493,-0.30677669364349025,-0.20085027141798098,1.2033702230252705,0.03327902217063555,0.1932791132167919,0.1429948377347237,0.9661507061537402,6.203719544952055,3.0378109806431337,-20.3961592183871,-1.0454129326243145,-5.127562116082171,-4.359803069822724,19.61645813912232,-1.9186211551932641,0.9627278859557783,0.0033621033716581283,-0.009330434772204159,0.2702899495930199,0.02190972932172966,0.009157324839865815,0.03459114410072561,-0.5543465239366739,0.3552845676051309,10.161909316739111
1790485839091386504,33.40100000001286,7.749603503947486,1.3559871019840133,0.8049414472745882,0.9623385850888009,0.003194631017046467,-0.011060134460242956,0.27160985881899075,-0.06245337392412478,0.19942219368669162,0.5668684544847181,51.19491494499325,0.005152795665830541,-0.20195804193197486,-0.5562420954903828,56.451214928785326,0.03225539184387344,0.0006319296430214173,0.027961541704296843,-0.025572469833144377,-0.037374259381803915,0.03858997752464104,0.08502960414228035,0.016405097580127617,-0.11663135858000602,0.02827302577498316,0.05814312557373875,-0.009058514231440318,0.12604987823620586,0.14639976508274882,5.69073806852191,3.147406214953687,-19.309454928688414,-0.6139840084433693,-5.916430722896096,-2.7612408602377725,18.40930298645106,-0.6131687903744738,0.9623439912070065,0.003202073499363025,-0.011038616601575856,0.2715914915025837,-0.028437957253685864,-0.04089353106891964,0.03882747330681605,0.5326866444969703,-0.3795125539653343,9.740222604748697
1790485839208488609,33.501000000012624,7.7523835812179565,1.3559355667129023,0.8072112470471268,0.9619276191872186,0.003125678431389366,-0.009978930269376381,0.2731042045260953,-0.05883422535964937,0.20092443837129606,0.5569487328476526,51.16387725402728,0.006246225684508636,-0.20402317012535628,-0.5476316563475899,56.42892172324822,0.024026819337491876,-0.007099664828264848,0.027027476063468354,0.03175223370500391,0.05103174484230846,0.051183139063017614,0.005747086420470418,0.07057018907664295,-0.11846854351461575,-0.8579404279762233,-0.02149535354868983,-0.16816683065484167,0.06609853387973415,-1.0203042268259963,5.771747177136771,4.773615814301959,-22.548117193727442,-1.0641613043758409,-4.0854992375300725,-2.1493268091167463,15.30238119648694,0.3098552494994621,0.9619344026056202,0.003117630622198833,-0.010007730527251742,0.2730793488947224,0.026721697226715028,0.05386509150752523,0.05301872996135627,-0.6399595902554691,-1.1713953981180112,9.511455908625551
1790485839325753753,33.60100000001239,7.753681781489863,1.3554354392415788,0.8092258001272262,0.9612155322904121,0.0020675044569133873,-0.006371659608367036,0.2757169343054844,-0.05526592569835108,0.20967543135758257,0.5498992387136631,51.06108368878025,0.0073902626090357445,-0.21608614414964633,-0.5413871801600891,56.32702794014867,-0.00788199911854145,-0.007625176123559303,0.01638487079584224,-0.01676603363163524,0.0331175869538905,0.027024759724191272,0.04370292795695909,0.18620942958057174,-0.039487515094396804,-1.2260928276014211,0.01918406923017303,-0.08406433741849807,0.06619550721251947,-0.7750588383251946,4.915895206827545,5.295820450749161,-20.374573275500655,-0.8525950847649633,-4.533962056637634,-1.8231049467826315,18.861491925663017,1.6992844803121945,0.9612191347901365,0.0020802139783964854,-0.0063852368995704935,0.27570396510177547,-0.017177030385862782,0.03645852908031888,0.03096765721178492,-0.7843497777523062,0.032942861655499006,9.686444523130392
1790485839443275433,33.70100000001216,7.7519100926114675,1.3542232621507382,0.810828739801383,0.9609028020136986,0.0013980550439496805,-0.004699948239111993,0.2768424841148251,-0.05309789896956737,0.21119266153601754,0.5431717775300774,50.995760458203904,0.0071812662390568285,-0.21278198484814168,-0.5337428845853008,56.28542839363793,-0.026254407661370525,-0.020912891690333647,0.008876977061057093,0.015908108228525036,0.02383025524790655,0.04158534476333538,-0.00012935396407585302,-0.1569956395648954,-0.06891517121894383,0.04624394880851855,-0.024644932586796047,0.041019007685892686,0.037570564262449466,-0.283289767037617,6.608543584653929,2.284926976387875,-20.736119064115485,0.7829184318228526,-4.143304477357691,-4.137923699178587,17.546293646497222,-0.6133833643144435,0.9609085131221713,0.0013938083086325946,-0.00471357046793175,0.27682245024777385,0.018659640510941964,0.023580028908627464,0.039207366942565616,-0.03320962066276521,0.3901488016650055,9.696679517937124
1790485839560104501,33.801000000011925,7.747749779688226,1.351951756782557,0.8118713668563373,0.9605256598585808,0.0016909080962491567,-0.005691523572570998,0.27812803552046206,-0.05222487907064194,0.2068952095843105,0.5377547301842854,50.97301700960352,0.005815870658398659,-0.21275544990059694,-0.528745350243866,56.2519304225245,-0.039338605961469125,-0.03124563398343143,0.00364540489642585,0.03567953981761082,0.001511743530109866,0.040742506817523255,-0.028944878864725562,-0.07330721236810366,-0.042445270381494794,-0.24778430515355557,-0.049672480217133524,0.023135809880051785,0.005366575152491037,-0.2615948637383638,4.861120827149085,2.6540076019864025,-19.354417700888607,-0.41730699512448566,-3.6668465195031885,-3.328901083383455,17.890050581863438,0.6931186775395005,0.9605313511861964,0.0016740987114655227,-0.00569717689894949,0.27810836549321377,0.03590432215006818,-0.0005091995346051034,0.04029842182083787,0.287391358120353,0.0016314215096579023,9.506202955684337
1790485839677163807,33.90100000001169,7.743109505990585,1.3485882575310997,0.8123975814209426,0.9600792547732769,0.002224527067491769,-0.005367800138620011,0.27966777210645505,-0.05200978803388849,0.20280441169951607,0.534137690234094,50.929967979968296,0.003948404447943547,-0.20514872855478392,-0.5258513662004173,56.23401376184374,-0.04896005399705612,-0.015647438415882804,0.007479107220047605,-0.07164651871944752,0.056308005149180475,0.0390773597461452,0.09357039530405398,0.049297967455558235,0.01059009805226871,-0.9927364808780488,0.07352650494830289,-0.04944500893727649,0.05850431061745952,-1.074880730906731,3.9587600036506725,1.9325121902797744,-17.13827409481637,-0.5313003548750015,-4.467345202669867,-4.706473918252241,19.820393828230802,-1.7377876580756872,0.9600844871176758,0.002266898879794867,-0.005384768130370534,0.279649142744335,-0.07128650500432683,0.058019626968828265,0.03615719593499281,-0.18196145295032862,0.3027153598025239,9.56355200664991
1790485839794323012,34.00100000001146,7.737539442228154,1.3465019591807221,0.8132447852643356,0.9594664996155777,-0.0001532067237190709,-0.0038317370740936457,0.28179661182158633,-0.047691983837521754,0.20962169565542396,0.5331406153880365,50.81983958519031,0.006385557810970285,-0.21316928576427327,-0.5211379355537715,56.11977215182336,-0.04928855891799326,-0.018115482446384758,0.006737459989998427,-0.02390405904441946,0.10311637547345906,0.04453308878718664,0.026555046888931587,-0.02219969278894965,-0.019848463477789843,-1.071314191464652,0.008784718939744151,-0.0461882852579486,0.037538856761787226,-1.305211251201665,4.222697349195848,2.197398519769001,-20.702762871929185,-0.43678374308145573,-1.6174776809722262,-4.390343097116776,16.898715075153426,-1.2289197716998879,0.9594725769444225,-0.0001271249093923359,-0.0038778407916267394,0.2817753010497587,-0.022032799491373503,0.10424286302064395,0.04154945551920192,-0.07173873601741375,0.09252372100215596,9.688435723570105
1790485839911655084,34.101000000011226,7.733459183081623,1.3437256886935591,0.814250526344722,0.9587477196230599,-0.0013384792848928951,0.0016621155199810721,0.2842503403037286,-0.04738596045064035,0.21552033853647973,0.528717887619788,50.66695854030019,0.004773724639704931,-0.2185869105728557,-0.517243864314329,55.98246982386798,-0.030305910772728494,-0.033581922565625984,0.011298251933231434,0.030300112997470777,0.1314571892322431,0.05291618932066499,-0.009757430130578698,0.009447187381642136,-0.06914222078384383,-1.451143409388584,-0.029125252870463254,-0.14907284554568334,0.028978340829770383,-1.8376508559398494,3.5323486786686304,5.6076713574434685,-20.377073320787648,-0.5473772756371289,-2.1330224999345533,-1.224640511757177,17.064126425031986,1.2086932463254851,0.9587553267993263,-0.0013343649645258875,0.0015947565531478775,0.2842250860772067,0.03253198296986315,0.1348076262262951,0.057613910666855804,-0.6482203923104679,0.38325965701675907,9.328669198131152
1790485840029771438,34.20100000001099,7.730010126709656,1.3398373321269677,0.8146212540846609,0.9583693808762072,-0.001875583414594968,0.006328890926661306,0.2854550001759482,-0.046000501508223365,0.21804710247229073,0.5256245513304416,50.548056733023145,0.004264191141906908,-0.21840674135368868,-0.5160791775147952,55.885918043070994,-0.045658243239326365,-0.032396669987202954,0.007293377892134633,-0.034965919041625174,0.05370928125005274,0.03312388496319413,0.06618255963298982,-0.09816881113582115,-0.030856111483987637,-0.46515049084009774,0.048554316407173115,0.11262992193675198,0.058079583608208404,-0.39561875555134957,1.8175154282036796,2.1683564958211607,-18.39734893813876,0.4461979644695026,-3.0318949492365586,-4.0908209466415775,20.44881797230501,-0.1942643131155911,0.9583743106928618,-0.0018512673075713711,0.006308113792147475,0.28543906725205803,-0.037806023254547676,0.05203554352234988,0.031242796120751433,0.3349491686312886,-0.3290545091212247,9.915838833428637
1790485840147470237,34.30100000001076,7.726421180481603,1.3356552951157836,0.8149323874291796,0.9578334690992802,-0.0010727375510410121,0.008525810001452236,0.2871954130399767,-0.04607612047169196,0.20631656984538324,0.5212957993487394,50.518729824773835,0.002327907396516778,-0.2101291688569974,-0.5155559704508259,55.8599898993724,-0.038035542881562294,-0.045676784647876265,0.001805616087069676,0.012908547913258128,-0.0056967627280527615,0.04380693373518259,0.024072375706592264,-0.13683579113282804,-0.031324549721422706,0.05803646085999756,0.005999219131378951,0.08153838281801214,0.002540013641690427,-0.005444732952925552,2.5715402298408176,3.4040210334889607,-20.44742714294885,0.9397243785940491,-2.584436092098491,-3.8111745412163627,19.17581181003092,-0.41569270310361534,0.9578397282123913,-0.0010799244572299712,0.008526661139651783,0.2871744850626316,0.010734035986166167,-0.0025489365887225463,0.04287656379747331,-0.6534152610079129,-0.3362899752341231,9.90375925957048
1790485840265814939,34.40100000001053,7.721639711581211,1.3307538880993839,0.8150757020609523,0.9571748825656838,0.0005916385410250849,0.005338585895992927,0.2894605217466413,-0.044330236716688454,0.19039699534999452,0.518125206924772,50.56725394137114,0.002373762212080825,-0.2068673681929283,-0.5159517064236954,55.873891578972206,-0.0629702035437118,-0.056089868216920656,-0.0026080525127728134,0.0034335289845120074,-0.15393430194711422,0.01686278477645812,0.02732824669251634,-0.0984355597144031,-0.007285331238191651,0.7199092546471723,0.00990148460708288,0.08405131062512362,-0.015289890163406072,0.7582356721080008,3.080309800812732,5.044455147807264,-20.306688596858123,0.108493743371528,-2.3796710174930213,-2.33842991232758,18.46569586867827,1.0020362243097691,0.957176910370322,0.0005676713320328128,0.005411764956394988,0.28945250526336885,0.004201248006733505,-0.14915670047654336,0.019553175470214942,-1.0775634493578319,0.21220968957455377,9.575082471840657
1790485840382904035,34.50100000001029,7.716645272459385,1.3252107064009755,0.815256896249031,0.9568240481669444,0.0032472349978254077,0.000956561888580473,0.2906480368136734,-0.043515996860790836,0.18477889695725946,0.514485531017349,50.58520422995276,0.0012868068577537662,-0.1998364805773763,-0.5160367154024689,55.913904663348255,-0.058554823866143295,-0.04947464815642612,0.003467395447068951,-0.02059270028932363,-0.11469733735280783,0.0368150199872391,0.05656607637406456,0.016585567900624727,-0.014194246239105491,-0.012743066420026112,0.03853960362440118,-0.0847753863744493,0.014539002766157137,-0.2320642492553446,2.8966525429442482,4.194024442091492,-19.30375089873473,0.17546561890337242,-2.6111244256192863,-2.3817299098446827,19.080088547434972,-0.608583806883253,0.956829308195107,0.003240400901307087,0.0010144868595451675,0.29063059989836404,-0.018488296263615468,-0.11492886008502605,0.03845557677844619,-0.047237964157044135,0.6061855460649882,9.84305522659606
1790485840499507646,34.60100000001006,7.711605746098692,1.3211279558227376,0.815375164306029,0.9561019275383279,0.0028124169892292635,-0.00103287567996766,0.2930189885246392,-0.03852486859456211,0.19053890340963353,0.5148813598189509,50.526047974804115,0.004517362018153473,-0.2023875711638741,-0.5150980447112209,55.8780708348381,-0.03370739300754672,-0.039968400513747185,0.001768853178792912,0.019732929712165292,0.041299238791305905,0.02897121393371508,0.008347522124758169,0.19942103945768438,0.004345038511032812,-1.5560499223737514,-0.010309946217352685,-0.07803522869233796,-0.013984820831555406,-0.9274523752232382,3.006252047468906,4.618691972864124,-20.93200190592436,-0.7070600493416888,-2.047724449101197,-1.4677748191282358,16.93001977970521,-0.16845980796714677,0.9561061781656608,0.002809049334551088,-0.0010554691424784727,0.2930050704342489,0.01854495154163613,0.03863477166774684,0.03167595676319912,0.47286977775889444,-0.2739701382475462,9.859929051846281
1790485840616489632,34.70100000000983,7.7078059409125865,1.3172943071174033,0.8155963233918949,0.9554934255335003,0.0022273014602332162,0.0012354078329911773,0.2950014011118401,-0.035820287878438585,0.20341692130325023,0.5148204760397226,50.39412745660903,0.005327357815729737,-0.21145028988273373,-0.5153919122719781,55.773595188941684,-0.0527239187994975,-0.05587515697424031,-0.006054174269409898,0.027545476136704848,-0.033973384657578376,0.07293368968873011,0.0015311532390997764,-0.030331535442645396,0.0012407228687642477,-0.3014263741307601,-0.0177143988989664,-0.1114621052951561,-0.05548994802488812,-0.6026052662270379,3.101393818763262,4.558592832354832,-22.09445337561817,1.2821364220049554,-1.9193801219209636,-3.3887392136292043,17.374575897939522,1.504706225223199,0.955504192130569,0.0022090855480862313,0.001247656750341816,0.29496661186409384,0.02454357040208066,-0.025583808098476907,0.0736040580725284,-1.834906053897276,-0.7385305059713666,9.44002107620573
1790485840734073942,34.801000000009594,7.7022771694203165,1.3117987653348884,0.8153832791792893,0.9547261604327764,0.003343824921951285,0.0003758347496742521,0.29746703375066913,-0.034655909160692416,0.19432151503308748,0.5133521751794904,50.37801799490195,0.004756810897088777,-0.2071376604543225,-0.5169003793314666,55.75735581761527,-0.05604500618007037,-0.04519749899918603,-0.0018833671757951882,-0.003911566248571388,-0.007259025801323508,0.07931875202048769,0.02430766457552693,-0.011502220591066571,0.0032644673946559304,-0.5576353712561523,0.007603770968126404,-0.10638517883012838,-0.01847870891587152,-0.8366866402977444,1.2057452321522386,4.347151170689389,-19.3116869296982,-0.5069464125393432,-2.420464929573875,-2.2398832091127656,18.395957999816172,0.2118849005874861,0.9547379491268794,0.0033445975907976794,0.00038001433530480445,0.297429181071834,-0.009245629282369468,-0.006402458881238041,0.08131918080112861,-0.19180465870421212,-0.8622224633655642,9.6136982412828
1790485840851012739,34.90100000000936,7.696517998425536,1.306937465072004,0.8154728866780288,0.9540077652674741,0.0034419466025965204,0.0001026769557995428,0.29976211613609316,-0.03227305276286398,0.19354194485438703,0.512258087850992,50.317556900353054,0.00510952803043748,-0.21058784784285667,-0.5169367929996089,55.693376443234925,-0.059559723667588424,-0.04108242664806217,0.0005174115746460316,-0.029909726676555094,0.025018631277612457,0.0072346000735366706,0.053178194232586636,0.012073476066054117,0.009698387789243992,-0.7740594648290947,0.03425688218958749,0.09577741477879195,0.024171058709777486,-0.3587236584145914,1.97497644649667,1.9316746405289982,-19.09551382073101,-0.5072563040768467,-1.5667701894729695,-4.134895121466288,18.939991317280843,-0.419347217633372,0.9540087992199996,0.003459963105185803,9.52383235566205e-05,0.29975862055291713,-0.031131560008040158,0.022240607848223792,0.004563777081565385,0.5490424822215598,-0.2347190962950002,9.903400494803575
1790485840968505090,35.00100000000913,7.691811105320143,1.3022376287943027,0.8156515341376126,0.9534456661207027,0.0034132409111368007,0.003001679480686054,0.30153059788755804,-0.03152785657067229,0.19747034394093405,0.5105325990995112,50.2044088508756,0.0037360163327549182,-0.21078738119519128,-0.5169645547590556,55.61039970167776,-0.04419647063325227,-0.05513965736301126,0.006505551761026542,0.028245677610021155,0.05024245726293244,0.0650110810328676,0.007769359647973172,-0.06823384428134187,-0.05886053761066177,-0.7793609390530214,-0.0170434292336831,-0.087527396768717,0.005689675959565627,-1.1560793822131588,3.7866627925247367,4.306749611436871,-20.701661046527523,-0.21350470732285454,-2.1286170962369106,-3.476640237561929,18.36931407603224,0.7548853012483335,0.9534555902466507,0.0034072527963410317,0.002973580232508282,0.30149956198375233,0.030090631852620585,0.05741327775472891,0.06562793473907796,-1.4102706624513024,0.28243275725042183,9.628458046947728
1790485841085874303,35.101000000008895,7.687284765871435,1.2965936329826284,0.8159647091248636,0.9526295439309255,0.0033066630513368337,0.004975996673484076,0.3040744275116343,-0.028173864587387434,0.19505726108943508,0.507304836025805,50.12115530881495,0.004832750737722937,-0.21718436807160524,-0.5169385287253626,55.51098373630478,-0.03840562301973409,-0.05768201293235904,0.0034130451549868428,0.005504521107511887,0.05344349637666421,0.03796943234793604,0.049626459993085605,-0.01210276021324557,-0.035151328083038204,-0.9339179378783738,0.026799954391281373,-0.044069945851517925,0.0029436696540764916,-0.9949284935245915,3.1167965590763287,4.129577818144129,-21.09059619540076,-0.2172850081306678,-1.2524052334487639,-2.582774760463022,17.731152675232,-0.07056479929635906,0.9526354582503603,0.003312072097228722,0.004949766628014256,0.3040562672810378,0.007677972351222379,0.05409355547867415,0.039032739659793196,-0.10944099341940355,0.30484907278852036,9.912005522996365
1790485841203032978,35.20100000000866,7.6837653909060535,1.291274596693923,0.816261063435918,0.9520147035225696,0.0025015320562457293,0.008007714602427161,0.30593728625496525,-0.02356768316532024,0.19698871815791105,0.5046518343484533,50.01428675665359,0.007577669831735547,-0.21683374234956518,-0.5161265606175883,55.42930257169565,-0.02838081720209624,-0.04131194279974986,0.0002948747226873997,-0.011593846782819881,0.10036478291294668,0.040107377723113714,0.05615999074234056,0.015933660269269356,-0.010227202663823149,-1.1510368033763796,0.03894283308279274,0.006827419289367243,0.005230587950266102,-0.9415027599501301,0.19844127040252688,3.22377613906839,-18.946776584737925,0.30586594564303904,-0.22041736785779587,-3.0574440892762222,18.998666743635646,-0.27848305796743983,0.9520212246326567,0.0025222428892874007,0.007961763876054323,0.30591802244347616,-0.011501065598529668,0.09930423311541647,0.03989945213651093,0.19310874293769173,0.11234974717152654,9.71445388741192
1790485841319718168,35.30100000000843,7.6808810314701335,1.2857305337646199,0.8160973226152708,0.9513576344593926,0.00344124793373907,0.010445855279399155,0.3078923403983433,-0.02256482316852885,0.19403072408882435,0.502297761483754,49.94709362637585,0.006999938812641895,-0.21423429395542987,-0.5188164414002318,55.384278444773386,-0.018328904634039363,-0.06496727322964044,-0.0030021879693377046,0.08445343030183006,0.03850072182872187,0.03680858278336937,-0.042646588626513236,-0.13761738588523612,-0.0511504532514471,-0.22499680463772048,-0.05618261866953495,0.07507475245063663,-0.0566236497991409,-0.14339763049911675,2.0165968126166773,2.5189430140230202,-21.07280550630342,1.4186995026682865,-0.4548527265101196,-4.0317178116113,17.347807406766513,-0.8444066935547629,0.9513636462132434,0.0034068100117389827,0.010414603340147164,0.30787520580042493,0.0836141568856448,0.03854558443280424,0.033969601461872535,-0.09082885557593431,-0.29580770361658487,9.734147586824479
1790485841437536025,35.401000000008196,7.677604736449589,1.2806615202075498,0.8160243264745534,0.9507221532999773,0.004424188069301352,0.010318521281036884,0.30984083317592886,-0.020868856307473746,0.18984772586921844,0.5006550613830667,49.91779321398844,0.007470006855233929,-0.20925713464438503,-0.5202708228634096,55.37661648707293,-0.03217317291438456,-0.06350164710246814,-0.0061237650281412695,0.10108809448222841,-0.06731297411730806,0.058631246728381645,-0.08505093080403137,-0.008224086361585073,-0.02717462493079452,-0.16068193159397165,-0.0978280353524769,-0.059940717535569,-0.08978754597527008,-0.0013921136307373377,1.803227182416782,4.963108713905684,-21.15922528985078,0.32803672473577516,-0.415501762962138,-2.207246130206271,16.947915969523375,1.620513313742859,0.9507311106469286,0.0043654040659826575,0.010334988313536717,0.30981363190143263,0.1000966797652732,-0.06301149763054842,0.06101259386925003,-1.0449409747716951,-0.281591279483081,9.346116947245653
1790485841554553771,35.50100000000796,7.674357065613979,1.2750184278117076,0.8155630278035735,0.9500519286039866,0.007084200702292667,0.0084711359205203,0.31189643619712987,-0.021351248109486486,0.18339116154190077,0.4994672196499284,49.924350141423766,0.005704551102914782,-0.20413927110086488,-0.52447074135659,55.401793782935876,-0.03824304941154281,-0.04704387014920093,-0.0007093854864754183,-0.00048320596654610856,-0.05303236176121134,0.035862893187238766,0.03101440747323653,-0.08764254966740803,-0.012193832810711406,0.19002801754208037,0.01954203235517774,0.056325701259944315,-0.0030514527188552484,0.17551966899186466,-0.3141819633849575,4.513296551616249,-18.651708409114303,-0.546019527207472,0.3598593746390816,-1.8300487615328982,19.22788082485348,0.48987521532401396,0.9500572945377771,0.007076008032005115,0.008496530050036605,0.3118795860312087,0.0012345839114307772,-0.05420573788629357,0.03902896082734174,0.11444738427117895,0.6190093226328548,9.701829158519475
1790485841672953983,35.60100000000773,7.671038091709662,1.271188337152175,0.8155162528611797,0.9495668017300798,0.007249606932464662,0.007689988116525896,0.31338665627974654,-0.018737775397186532,0.1798747730731449,0.49880192116212796,49.90530975989917,0.0071129912765005195,-0.2033515084790736,-0.5248151180045864,55.38088858556266,-0.03708350705498565,-0.022718390773131963,0.007076671575953613,-0.03282153468350457,0.004517584412921773,0.03032600818510962,0.04364803489542426,0.0339273923385401,-0.013906426262097711,-0.5900818348032362,0.031114586747030246,-0.07004351059931506,0.04231844918532153,-0.743145784894977,-0.9158365889851527,3.0536598118502916,-17.87154989852117,-0.032563078398400225,-0.8347819998191072,-4.606842374608722,21.812606570363716,-0.25096001170061333,0.9495714517722551,0.007265781322509373,0.007693096081819022,0.31337211534146,-0.03526947051776018,0.009729398539547445,0.0288215950552598,-1.0630843036399982,-0.023204284142126108,9.917189187868319
1790485841792013037,35.7010000000075,7.6679454818872275,1.2676478592828506,0.8157551870218804,0.948972561564775,0.008486375979153183,0.007915454281726476,0.31514505295727374,-0.020160617344278025,0.18346302031833225,0.49657045752773815,49.84580448036538,0.004500084412189857,-0.21002506684812192,-0.5255736392457719,55.32498885879301,-0.032834240254292366,-0.035484429694517164,-0.003421001068345031,-0.003729773887032313,-0.003528293273744179,0.051968784267982744,0.025248151409737067,-0.05498202870189388,0.006849500119058409,-0.1493351128371961,0.012390999615819236,-0.09027162843260673,-0.02225927540640095,-0.5999606037077181,0.4159491228274774,4.794866611317526,-19.645815400980055,-0.6482888029678461,-0.9637258158187758,-1.713767749023916,19.40781243873729,1.8802224588362808,0.9489807203037608,0.008487384062446693,0.00791793662899668,0.31512039458446717,-0.0065142270497409146,-0.0044436360987805765,0.05549381994305523,-0.04127438865130009,-0.24678653562540837,9.853429099565481
1790485841909366330,35.801000000007264,7.663909770569348,1.2632863841541604,0.8157314770900617,0.9479392714480052,0.008909200028001558,0.005589841142010641,0.3182774221924853,-0.01681260827319202,0.176571157868871,0.4955195147919165,49.849307131241446,0.006527656792072909,-0.21223804217426984,-0.5259452549857812,55.30943512797761,-0.05099194923790821,-0.04180790013082143,-0.001007605978169602,-0.036848454583605236,-0.07551026915663353,0.07337409038068173,0.061487759968716645,-0.049715808803442674,0.008996242071181732,0.12399027668611837,0.04955351554416126,-0.018699295104856233,0.006397867115684807,-0.035616780765050815,-0.5388006689866169,4.466395909548969,-18.386654834837906,-0.5786022440750233,-0.6451231146010703,-1.32108099058429,18.594438688195282,1.1387328631913634,0.9479505714413948,0.008914443381074567,0.005631821575852271,0.31824287798610085,-0.04067133038711079,-0.07902865681817399,0.07671018446759321,0.49890064296282194,-0.37240515011749065,9.51078846317966
1790485842029769809,35.90100000000703,7.659390117273596,1.2590849558500306,0.81555621645402,0.9472102152552561,0.008783344203370723,0.0035751792793063423,0.3204728991253667,-0.013107726937572266,0.1747688585481769,0.4961422230349063,49.82858706197335,0.009024017501765128,-0.2048669173799016,-0.5255787278278419,55.32165328921446,-0.044690850943242856,-0.04100563183051291,0.0036381902870025033,-0.012319880141007263,-0.01711976280913843,0.02981541952082182,0.031506133041688596,0.04312308564183749,-0.009191738911777771,-0.6139634875748897,0.018898171605705217,0.11109822949616688,0.03279704792952608,0.06577524547166626,0.1670879981144893,3.3811742577988366,-18.123316376803878,-1.0182095155967104,-0.48388675094475686,-3.4038623055163306,19.646219522598827,0.048165306427146,0.9472149079063109,0.008786382452321335,0.0035853923192164156,0.3204588314984591,-0.012997273741219888,-0.01564753846451459,0.030003131183025753,-0.3080363510026679,0.1845166439530795,9.676084560512322
1790485842148048142,36.0010000000068,7.6552033458142,1.254630302689527,0.8155681084346721,0.9466121200225209,0.009920164189147734,0.0036127406456406158,0.32220185082329256,-0.014153034288143872,0.1832642957774612,0.4958530899611321,49.74318469293084,0.006786348897122346,-0.20514945088072634,-0.5265008032924078,55.28373380027505,-0.047808392101472134,-0.04213223280585707,0.0003280004705602009,0.0007846910522780158,0.00463658280354286,0.05152896166223107,0.009233598808584237,-0.05447742253427042,-0.010494931304046462,-0.372438839817632,-0.0021728774375379214,-0.030606211789949406,6.102143981246344e-05,-0.5991423670549362,-0.8726021532603151,4.028305769892286,-19.723939566451435,-0.9824370484826025,0.5198503761128391,-3.050138794728304,19.00963620869403,1.1349921496758446,0.9466204333366456,0.009920446664190742,0.0036106752951185236,0.3221774401652549,-0.003703685013442777,0.007347399762955982,0.05270800066139026,-0.618967133470482,-0.6389418161809303,9.748517461836656
1790485842266135587,36.101000000006565,7.6499345081663375,1.2502599171945044,0.8157790927647453,0.9456949760984852,0.010104298480954182,0.003305708997620018,0.32488149781469033,-0.013735419443169307,0.18462566020337126,0.4948796959283174,49.6785164563464,0.006301734266349786,-0.20994044365740697,-0.5259854841680399,55.21942870552851,-0.0657646902353518,-0.03248626940398122,0.0007646152506583948,-0.04086404854071378,-0.009575564468936253,0.09802677905876606,0.03415733853827782,-0.036284579017038035,0.014880397644349336,-0.41522040307970054,0.026148561750370707,-0.14184712980892938,0.011399925612237368,-1.0135687810203386,-1.712127065818509,2.081501147230747,-17.27070451104909,0.5487327691935062,0.7873211872003807,-4.503973329902878,21.060930959742162,-0.20027362197533483,0.9457106760194296,0.010121903443421766,0.0033173700070874166,0.3248351264715563,-0.04106174889812488,-0.009261865934166565,0.09565484475353948,-0.16325940761192362,0.41387465487064673,9.708356058302106
1790485842383698947,36.20100000000633,7.643634588789585,1.2467795678292575,0.8158652462105105,0.9446573036511907,0.009309190563884271,0.0035455717931721768,0.32790752743748885,-0.013529720785903598,0.18481045321566658,0.4954378855147222,49.60940978242883,0.005493117841883675,-0.21321664924279268,-0.5248774413643278,55.14859097205313,-0.06556279108000534,-0.03156933641522151,0.0019780786749993735,-0.033275950912522105,0.022464266436387426,0.08791560376961868,0.023880023209438075,-0.08989562500198468,-0.0005266615296249019,-0.40859405541942273,0.011926110317426524,-0.09369090170400475,0.020990076837799878,-1.0469553826755353,0.9677206359774014,2.713480066919453,-19.36604453023299,0.3181878320600875,-0.3007544841904694,-3.709946776511002,19.35924242218272,-0.46712062962323087,0.9446716015805477,0.009328434983528736,0.003540826201301881,0.3278658384428205,-0.03243945320466493,0.021274690758986126,0.08662317688913321,0.17192245493329333,0.38420247306436256,9.93121725770529
1790485842502765722,36.3010000000061,7.637800196316051,1.2426694025735823,0.8159471932528407,0.9437596325248525,0.009773671534962886,0.005181205699574228,0.3304472521731443,-0.016709822885702653,0.18327162008365405,0.49418015621914885,49.53260060363153,0.0012111402505298238,-0.2167557056135435,-0.525249593403117,55.0675167264109,-0.048176686858482996,-0.06058537983035534,-0.0022139216075304155,0.06384830008630325,0.010624164423490089,0.053446570332711205,-0.056218732309508766,0.02572281739896705,-0.021768451261962217,-0.8875148287225424,-0.0688556476389895,-0.0950436751257835,-0.04747184706233813,-0.8713548593589703,3.1703486226437767,5.06479946813025,-22.779780552009196,-0.12959098861571855,0.02992844064264022,-1.848290294585663,15.438465299440871,0.3712898474369963,0.9437688018689313,0.009745159706382458,0.005165904303211094,0.33042214501136263,0.06478630643538777,0.012955639195173793,0.0558550898219319,-0.5185581000057076,0.028635430446419034,9.645743844469688
1790485842624600945,36.401000000005865,7.632629466720846,1.2378393916129866,0.8160849481015411,0.9429957735337711,0.009443023142951975,0.007102470502553247,0.3325948816866046,-0.016303874755592484,0.18533411296891114,0.49329530000695937,49.435970539476514,0.0004976464996038184,-0.216795500323602,-0.524720006834127,54.99230166394626,-0.05689660884893676,-0.06272444260655755,-0.005679069129176566,0.04356843013466761,-0.028123152158857256,0.05296278429702272,-0.036220584209652115,0.06694766153879425,0.00834058687559748,-0.7991746947981803,-0.04663454794733066,-0.09259055268028715,-0.05552521083242901,-0.649131607916469,0.9575844257689218,4.713948402085838,-21.051393704595057,0.5271780632842524,0.05899108894032098,-2.6524139368777875,17.118381318016706,0.9384980558884712,0.9430046862985523,0.009417615822195274,0.0071087352504521206,0.33257019712285335,0.04089976790601711,-0.022601121936600063,0.05425542695889663,-1.2082186093285956,-0.419634551490113,9.36750844501277
1790485842742872328,36.50100000000563,7.626843187387085,1.2315049801407747,0.81611203791226,0.9423527878994621,0.011076617715672588,0.006384464955874068,0.3343766892074241,-0.017396670043213165,0.1852394213347091,0.4914548694109948,49.37656266785544,-0.0016519330562532902,-0.21144774160657032,-0.5255288233462865,54.972066606461844,-0.06001672984347258,-0.07797323185116799,-0.005651575775333633,0.059670039286229416,-0.06838095547463059,0.042833420454088916,-0.04261709062548039,-0.06744917446785367,-0.016751431379397972,-0.10194232447510786,-0.05321492664540038,0.0384581427037784,-0.051736939137850775,0.045702603647565544,1.0817409320606266,4.873298732785446,-21.376325408172182,0.4831067442077688,0.13522940512164772,-1.6312730100267532,17.347137722041627,0.48532204469568746,0.9423600601449943,0.011036933354823066,0.006406945529463837,0.33435707588538544,0.05873700199886824,-0.06897997619588736,0.04555098564388278,-0.04742850737209404,-0.003296968827497677,9.8000414724874
1790485842862950971,36.6010000000054,7.620429307485915,1.2246404130676138,0.8157011895781435,0.9414277506240414,0.012041721060985361,0.004007054265520215,0.33697586089356857,-0.01511504235618151,0.18010604110834683,0.491899677016457,49.353149843787556,-0.0003469909875022572,-0.20834750184069842,-0.5274758713808936,54.95700086128913,-0.06948121751383343,-0.061347416612635854,-0.005491270401151481,-0.02882324977130667,-0.041462504746687466,0.023469848022306325,0.049800200541994744,0.044642157983800945,0.03874202160942458,-0.5868133201075144,0.04261386989983125,0.04023386237033254,-0.008923247495442594,-0.23895692050704428,-2.1876396203168063,4.370746244404824,-18.89921874470068,-0.8643608742022242,1.3576119222734322,-2.5313425224568564,19.49830014716713,-0.18894845634575153,0.9414314480332501,0.01204825560582293,0.004031568918637726,0.3369650050716399,-0.031610359061779066,-0.03968647899965687,0.02538360275156701,-0.3206670072215939,-0.06957862779407863,9.824749189010026
1790485842981385843,36.701000000005166,7.613511619241746,1.2191389547405354,0.8154259521505322,0.9405511989706428,0.011428638823120708,0.0032301361947344592,0.3394442436538021,-0.012755795889059566,0.18099821203435526,0.4939020975870176,49.28523029252325,0.001195976344350963,-0.2141483075768095,-0.5284953138310915,54.87811704579825,-0.06424572376576068,-0.05275144738391105,-0.0011614699124531296,0.017464289046639596,0.027841595091300443,0.026933072982741075,-0.02344193374544158,0.05156189970694371,0.005070777462972211,-1.0748584568824593,-0.03222762974718898,-0.04339758129557679,-0.015331819503119987,-0.9458725290029175,0.17584967709672214,2.2122114213064727,-19.505705494318835,0.001905098573675934,1.0680745938778604,-4.558388022971337,18.39332144489725,-0.846079715265387,0.9405559146592581,0.011425107627387616,0.0032142327991730108,0.33943144672039866,0.017172692288713442,0.02946498136260782,0.02369394587461476,-0.2930204969143763,0.10563333782406652,9.682105501412874
1790485843100194340,36.80100000000493,7.607331085873803,1.214500286937333,0.8153692282202185,0.9399207401162842,0.010325955991798412,0.006264483398364371,0.34117903391015264,-0.013145866363598248,0.1868075001866943,0.49505899697249117,49.15638469496767,-3.5469053809495524e-05,-0.2184528351691497,-0.5288343002477978,54.76326100058371,-0.054870621117621435,-0.05543590666302915,0.0015521953670795932,0.04481995026956242,0.056692216288390954,0.05438600919409147,-0.04882678527631135,0.14209761850582447,-0.013326058246450171,-1.6906182235038554,-0.05904442093483552,-0.13363926762066025,-0.021564958657556053,-1.4049688200164145,0.910066188556361,5.222013263811208,-21.155715914068306,-0.7425719765049082,0.38044003476864985,-2.0372923197141914,17.29399152197637,1.3128138591849956,0.9399304258163113,0.010314393128494423,0.0062304752771260115,0.3411533219785223,0.043046398571995985,0.06117833676456692,0.05748521504486672,-0.9306386029048855,-0.21740746593185403,9.562504697643158
1790485843219363603,36.9010000000047,7.601615795003938,1.2097493901564866,0.8161113791892677,0.9393731167545617,0.010007993614097101,0.009700953930606951,0.342613308374728,-0.015456890602355411,0.1968532673975773,0.4917347083459753,48.99969186678336,-0.0032693464628210586,-0.22464998451493826,-0.5260614998220277,54.633057283025074,-0.05157046523058764,-0.06184074128539194,0.002942536217477589,0.07199731100460029,0.03327127141598255,0.020616286778996483,-0.0762521760042264,0.05277520979340465,-0.04843853457167767,-1.2070007444316009,-0.08432012093212879,-0.04409602406470444,-0.01793147387291319,-0.9318387289860426,0.36417218244606225,3.9360303029629584,-21.87215011956868,0.4231386542764236,2.492422526574808,-3.0528910228175707,17.54080705858679,1.0353732595850318,0.9393771693289612,0.00997977702784829,0.009673096398881574,0.34260380762630194,0.07427819821426243,0.035532408834820374,0.020915784357361564,-0.5289775116819481,0.4499619278641577,9.808010418214684
1790485843340705902,37.00100000000447,7.596484942329562,1.2036597905898918,0.816136933869411,0.9387383523733289,0.011257452392816465,0.011712943693328827,0.3442475599028546,-0.018097432609646653,0.1885723022723677,0.4886664462638752,48.94428433317445,-0.00678693387240999,-0.21645814205899205,-0.526972782057012,54.59632163927497,-0.06248785029146817,-0.06398190839937741,-0.0001881309130785581,0.011645543956041393,-0.04282946322672545,0.02886652114634451,0.0013000900682030429,-0.06296163989768552,-0.012442404993223405,-0.2115924458257108,-0.00757581136892788,0.06571986258213632,-0.004564506998600254,-0.07800615505065486,-0.500403789691279,4.825163360482357,-20.303826796875928,-0.8305579373959825,2.1194871401087085,-2.5326545935978775,19.37121949313481,1.283454004306028,0.9387431353791542,0.01124444530442812,0.011731204525792112,0.3442343200041014,0.014878116781302263,-0.03907239968530237,0.031738553346901364,-0.7633991430276972,0.930880965774465,9.919608199075936
1790485843458471641,37.101000000004234,7.590932101270401,1.1982356627641155,0.8161494605864358,0.9377969855019127,0.011533513598224618,0.011258806468422988,0.3468097912754349,-0.01707398664740912,0.18244662441233642,0.48766013148095366,48.907953211760386,-0.0066384555015446,-0.21340936188391327,-0.5269890546090341,54.56250483558807,-0.05068238783333468,-0.05006748305572877,-0.002843485991637249,0.00018928648862611124,-0.003188909216870693,0.04905433305674732,0.013136507067495947,-0.011829222274816345,0.007989552728606335,-0.5180003147401776,0.003445180941332713,-0.07222798151331415,-0.019043045445674332,-0.7263910832546872,-0.708192333025055,3.456422894719891,-19.305458565041477,-0.286839152322294,2.3053293583587977,-3.0783051027698525,19.57443035562991,0.648447218663629,0.9378054746200523,0.011532595719500497,0.01126055180095209,0.34678680912307824,0.004392869422526692,-0.0038884637978020423,0.04968016777242901,0.03033337455050098,1.1558390445171756,9.897264706686782
1790485843577266898,37.201000000004,7.5858278758970545,1.1937639469028951,0.8165495405995171,0.9369300416657556,0.0111911148073675,0.011038171670883808,0.3491633066914932,-0.015363802134987404,0.18207369269187082,0.4859556582784097,48.847583260846406,-0.005870684719429919,-0.2169753053784759,-0.525043327676712,54.49666852116234,-0.05319623970956842,-0.04334194520627963,0.006589453403687285,-0.004850428562654535,-0.02455057243493428,0.05156614229385147,0.006648550252700541,0.01518978119528797,-0.02489861967914702,-0.5614848002909342,-0.0023119852624151798,-0.11966953895484304,0.024434749586218885,-0.8837680858546438,-1.5869920795739239,4.645272324776372,-18.56119118317697,-0.16864240839487715,1.8487806284086024,-2.0128988283342775,19.39040172112595,0.966955127426681,0.9369388811457997,0.011188816381397864,0.011050808087923468,0.349139260218389,-0.0028495633443365066,-0.023385821367120082,0.054491228074063314,-0.3326838878671013,0.8639833662795766,9.551915522061504
1790485843696058945,37.30100000000377,7.580265492965465,1.1906610783533178,0.8165059619285009,0.9363740446576069,0.00972892946941158,0.010497949425558602,0.35071183253604776,-0.012751586996458944,0.18017906205300746,0.48768203951486333,48.80812167458029,-0.004148465810370454,-0.21638743339935912,-0.5234905810957919,54.45137790615861,-0.05909349787698943,-0.027984487645274198,-0.005960759959346597,-0.029809733254652214,-0.005692310849886663,0.040360661379762366,0.014011359761863514,-0.03611340610684643,0.04284830159848905,-0.22247005649112273,0.0072836981642672004,0.12464429928058116,-0.00038904364727289397,0.15297686120329118,-2.4008449143181374,3.464234269144022,-18.488988846316875,0.5476669428135088,1.8720346966570425,-3.028189140866768,20.05001363723398,0.8055602954802026,0.9363809469527017,0.009741675964082295,0.010506038134381019,0.35069280730589886,-0.030838311891055282,-0.00610572444716616,0.0402997296979632,-0.10238056729176234,0.28802427140621256,9.697127797078496
1790485843814234109,37.401000000003535,7.574703717426919,1.186836103857164,0.8161396378223744,0.9356074879191837,0.010815012205592821,0.009251284666696858,0.35275498266156874,-0.015498285156715997,0.17393178122223277,0.4884134925459315,48.799631687791994,-0.0077709090922977505,-0.2061884457616642,-0.5244010959575461,54.470732754948855,-0.06773039757190093,-0.03143497842745241,0.00466406285288694,-0.06261909481142315,-0.0692179990138619,0.04563844807547718,0.055782328937523155,0.021926088975438723,0.015720536987660093,-0.2236920882920299,0.04700808758647757,-0.05209552863985971,0.05047897454127099,-0.42918221928031053,-1.3364323540951961,2.437880741890554,-18.66239760983844,0.5006595993866461,1.5093877697817533,-4.603551870932712,20.320926568164527,-1.7162500978641173,0.9356148774608134,0.010831886033829218,0.009294956482320397,0.352733716991911,-0.06154163963241872,-0.06736594119003506,0.04276282666153564,-0.34390416727799117,0.6714198345183799,9.981809602731248
1790485843934436551,37.5010000000033,7.568506783046465,1.1830658691713187,0.816249669821272,0.9347608354355665,0.011198121631377268,0.006246284086868352,0.3550461470609655,-0.01545723677636551,0.17185714010492814,0.4885770690403978,48.784935400996396,-0.008589926160342999,-0.21114499242673368,-0.5232898123167732,54.43448850338781,-0.05913045827027856,-0.04263504452895054,-0.00035407731498927084,0.006754536992357539,-0.04744068994321808,0.03081141181132881,-0.020481973946839663,0.003059650132716249,-0.00017627800532240745,-0.31899616911607703,-0.02904369063995399,0.0788120886248368,0.0074063839394195065,0.10416550040768413,-0.4249388938041903,4.7116736909778245,-20.93411102176543,-1.1679161896576598,1.8573540109250954,-1.7932104771238195,17.677937339175262,0.6604281932089386,0.9347661944479096,0.011186446643010039,0.006267430362615257,0.35503203298508956,0.0062329604227923975,-0.04850807170340367,0.03350974693622891,0.1322227429852401,0.08493623109026927,9.95980248736959
1790485844052187400,37.60100000000307,7.561818160284408,1.179504771961227,0.8162490160337085,0.9340304861858032,0.010570306715441156,0.0037343574288757906,0.35701733020407883,-0.014129507233953755,0.1735999654731533,0.490532877395686,48.74650007826247,-0.00806924258938058,-0.20779543098191805,-0.5209899131666123,54.417526217579756,-0.06811781494922318,-0.03474476403102168,-0.0014236316180972408,-0.01567152050086529,-0.030962578658788254,0.052319496388249974,-0.009781298356267515,-0.010993854866671572,0.01656802743067275,-0.3548591577135335,-0.018303286232450006,-0.061605658451507006,0.0018951588244109823,-0.5894597523278898,-0.8672391113525909,5.086022529468951,-20.3961854713154,-1.2704179066855306,1.664101794745434,-2.218600409258699,17.50246735823771,0.7349781867298935,0.9340396845700062,0.010572000770754722,0.003751891441998846,0.35699303040630287,-0.017984394790946802,-0.026309071345633848,0.055073560147282534,-0.9184719322178632,-0.2604473686007916,9.56170378673374
1790485844181327155,37.701000000002836,7.555266309572183,1.175537591798128,0.8162715269950961,0.9334249337430354,0.0107575953034417,0.0026423280151348406,0.35860170846324485,-0.015805533858261188,0.18348479072800228,0.492390892065325,48.65884133712124,-0.010549359325352399,-0.20829835932006002,-0.5199722053554471,54.37181935720978,-0.0688947654214548,-0.021350196693511476,0.0064435132112224,-0.04927479099933967,0.055064725403480196,-0.11470138428139988,0.020691973898091347,-0.06041516765968687,-0.0018623679408324783,-0.4473730741085079,0.01167677127981101,0.09403432062297651,0.0664161472512328,-0.8122369637482394,-1.043361720444579,9.697925940324856,-21.983122973287642,2.618901094701959,0.2979893849351586,3.961763164415895,15.776299816128104,-2.964626223326076,0.933404173225129,0.010790617129287725,0.0026248466717507094,0.3586548789126289,-0.04806073974814451,0.050426672229473585,-0.10350537124055306,0.8173708062315569,0.7813789435173165,9.852746911190467
1790485844299017364,37.8010000000026,7.549128267442447,1.1716123647538663,0.81631744634864,0.9438556763495183,0.010375995948460273,0.004905592241123826,0.3301586529164967,-0.017507393019087426,0.17665457107498617,0.4912458638606403,48.67630662377202,-0.014324766007135737,-0.20795383926052313,-0.51980666569427,54.20721642983042,-0.05462960088664486,-0.06201224200096273,0.002095796612868553,0.04803353886401339,0.004862655659371333,-0.8451412321759874,-0.023813644885232937,-0.044195552214123995,-0.040124411722681726,0.3761793936584727,-0.05224297940967467,-0.052814779486163844,-0.013317848337260369,-2.027297248816055,3.225325229600089,7.7747109591050085,-23.202070418342466,-0.40141196376553856,-1.8284038992927096,1.1099530496626129,14.543410771240298,-0.5571914959075241,0.9437163375880815,0.010356202338529146,0.004890983044328268,0.33055756159453165,0.04495766456343556,0.00562416048345122,-0.838760911668527,-0.15975904867963697,-0.5180006863871115,9.715310926204168
1790485844417288447,37.90100000000237,7.543372075311198,1.1666921714760168,0.8163937635664059,0.9581773125278186,0.007528137109878533,0.0056715442257901085,0.28601992674412907,-0.007631925680787289,0.18810536701910036,0.49390585349619515,48.663266912721255,-0.007201132798292189,-0.21624360118439032,-0.5180124363806095,53.966367484209066,-0.06499977956187453,-0.040108583157013745,-0.000442462657553441,-0.07882881203052385,0.008088411525674442,-0.9606361217264122,0.12627471283984118,0.12304679701644426,0.04597561094910837,0.008139534233118494,0.09858000747517459,-0.17440311163889202,0.022905782004848895,-2.7600881071276797,1.6473941557375673,3.745338697666708,-20.241135027059652,1.3608284376869075,-1.2199598876665478,-2.9781960425924985,18.472499698272628,-0.826669861307376,0.9580395469359502,0.007569783092157417,0.005675325906057381,0.28647986939147624,-0.07916556088327617,0.008950384285794678,-0.964460543298959,-0.20340094895429406,0.031183106796499285,9.780132725622352
1790485844534764559,38.001000000002136,7.537793221107509,1.162009626368333,0.8159131189181611,0.9713632793848286,0.006512164508186061,0.007212358105716039,0.23740040662712675,-0.003083959783908219,0.1923493516445182,0.49634756977723926,48.689031074660846,-0.005460923334378677,-0.22071069676134153,-0.5195791686873871,53.74279769422435,-0.053622293956031186,-0.03538953183257191,-0.007259781884042743,-0.031539670613765336,0.0419962064985508,-1.0314095372459668,0.06972713626599744,0.0736819761406858,0.05446233029749218,0.17328842312750004,0.0443677274358262,-0.0069608618631759045,-0.01202410641456135,-2.1328548005245325,-0.6296706839903331,4.530484323901515,-18.25921582151762,-0.9590872319075305,0.47927264244500783,-2.271924477404547,19.874123470906806,0.6187756563734113,0.9712407701159317,0.006536186283570391,0.007192345769640411,0.2379010611489758,-0.029685829687089046,0.04391659044891816,-1.030219817732994,-0.2912486756282617,0.6896368937964819,9.674557907645704
1790485844654029301,38.1010000000019,7.533135785384206,1.158451074813817,0.8147265145531798,0.9830293181222446,0.0062389703817734045,0.00991259992624396,0.1830742344607533,-0.0013699011831194699,0.1968172074869096,0.5016519658507905,48.73349901209429,-0.006735157822958508,-0.22407597135565632,-0.5244909516638782,53.51955117348715,-0.03758552899146173,-0.04091776929384027,-0.0178348552874476,0.05404222010249495,0.05272774437207567,-1.2733448939380456,-0.01726986806903456,0.050012420499384924,0.061698632614781077,0.6427533914060893,-0.05043522738954206,0.047080420900693615,-0.08829009469377638,-1.9785215235343319,2.0687057173545598,4.604872668534526,-22.18724559438727,1.412109956671223,-0.6426183444077588,-2.437842022899904,16.871729252016184,-0.4523614954655001,0.9829129897908581,0.006223544195464536,0.009877762403622372,0.18370016823056926,0.052572550158330955,0.055453631102550166,-1.2752631744183482,-0.5814696454991047,-0.344187259129057,9.709272252994113
1790485844771937378,38.20100000000167,7.5288059277647825,1.1543279465742025,0.8132314897522711,0.9926876043449671,0.007457299017644153,0.010419116756825882,0.12002979162365889,-0.00045103188834757867,0.1976803099618829,0.5073443353848348,48.847480808318714,-0.008699940607326408,-0.22378126747481433,-0.5317976219487408,53.33262230716179,-0.038999731733109715,-0.033243574007615614,-0.013844654007230929,0.013050663152699598,-0.006836523227610967,-1.2837812874230712,0.04002107542935345,0.02068457117886546,0.06445782644777809,1.1931636319748002,0.012627066212353133,0.03394958486869466,-0.05542051754490246,-1.726399766868106,0.6197548747008841,3.5417447397760062,-18.996332506687356,1.5098172433082542,-0.3065277374250057,-3.5017965232673474,18.74227889854353,-1.1888640585215136,0.9926103668638434,0.0074570975057266595,0.010416937871508035,0.12066705721362884,0.014362392438842596,-0.0028572642280734577,-1.2876074586105948,-0.7533259115622278,0.47764725012039555,9.358208125163936
1790485844890490978,38.30100000000144,7.525428041540275,1.1528167202981388,0.8114020895479325,0.9983110528018038,0.0055614246252567515,0.01073765917450648,0.056822663483363525,0.006624094830905711,0.1975695090928179,0.5176752173371495,48.9896693892388,-0.004260971127192081,-0.22424224235095952,-0.5376611696817283,53.15299561356956,-0.02777654476215856,-0.008339383525460802,-0.021738878796020936,-0.01911786793608595,0.002453507600199033,-1.282268490445029,0.06042901632065737,0.030238400365562766,0.1199673534871859,1.4046909607887197,0.03055399535642389,0.04983653568863143,-0.07165951525418165,-1.469600914951814,0.629639704226084,3.2568989841732012,-20.35051272707244,1.49841512255669,-1.2755869579490482,-3.559164493880673,20.20748528741402,-0.6090210680978234,0.998274376634222,0.0055779202587095825,0.01073340982985573,0.057462593698568536,-0.02180462978298031,0.002385056020031053,-1.286577361854961,-0.09412939163584368,-0.3019830372804888,10.112858340238443
1790485845010174195,38.401000000001204,7.522000178277659,1.1514305957090145,0.8098524655255477,0.9999212638389974,0.006693613761440414,0.008740506509515605,-0.006022059729965137,0.006463740469244164,0.1860819709071834,0.5230627140424142,49.20121775899056,-0.007476248237014393,-0.2218616161620296,-0.5447036468220485,53.02419495526106,-0.03257498806030218,-0.0009789706888371466,-0.010237396613927887,-0.0033071373490647644,-0.054025811889313886,-1.2699786038663938,0.0408746245670242,-0.1922863270820247,0.034453991477056835,2.4484489080579244,0.006206617410086677,0.041187980188547815,-0.02909451778972092,-1.2931512153747398,-0.027686959363347106,4.22605012056189,-20.07965764859917,-0.3368880806997996,0.2189142523403518,-2.916279140775188,19.615403982546713,-0.6801819425521931,0.9999246386514173,0.006700978648961477,0.008763255190680143,-0.005386952890191544,-0.003135717339924359,-0.05190065482782053,-1.2715418818029782,-0.39758654739208515,0.23445614899620196,9.990063020371656
1790485845128557817,38.50100000000097,7.519593509953822,1.151374589198504,0.8092127941904156,0.9974629807502713,0.006380822323875525,0.007442699887039731,-0.07050881758792256,0.00999781651059526,0.1868032704166963,0.526270298154949,49.3564003934386,-0.007610373917365724,-0.21371497738391695,-0.5460699611143314,52.90025399293013,-0.024877725261004808,-0.0057374261131950795,-0.0060934708316484065,0.031090662228167396,-0.04981005734164659,-1.2812343032353508,0.007865879906937536,0.17193940578614472,0.03713706668993371,0.93635197947172,-0.022247503253723742,0.0550624606173772,-0.02660822758754815,-1.1809936663950102,-3.006508809207914,-7.038858309004061,-15.355393319876416,-4.5654250208027545,4.618317339771128,-14.667810026838247,25.359259193818996,4.77098732697192,0.9975078586319683,0.006371839065443183,0.007464548617956012,-0.06986953662591529,0.02759263493016277,-0.045564091506535905,-1.3028233406751129,-0.9569803067439115,-0.8980997829515741,10.018282305429247
1790485845246576083,38.60100000000074,7.5164686283672975,1.1505750169477473,0.8095986333698916,0.9956108608824987,0.007587422175613077,0.003745916232144638,-0.093206291789348,0.008280276568291693,0.1967158289271461,0.5241931708127826,49.38009698638419,-0.009693223427030226,-0.20963359045885643,-0.5450669864427923,52.885139086871426,-0.01765145984736784,-0.002348731679152218,-0.003641442607506063,0.018194196699324566,0.004894583661470286,-0.05353529906902044,-0.016464554603577368,-0.14758317187395054,-0.00793105695066456,0.5044375034824952,-0.016216192931751503,0.08309615860859622,-0.015271431449905474,0.1698977178200828,-6.071902910121677,3.5929193696518085,-18.12827063824877,-0.9062846587427429,4.256416245854706,-3.8574563728163334,22.742092574589872,0.6748250511355823,0.9956134335858677,0.007578237169016389,0.0037441244896557913,-0.0931796260808953,0.02191724648510608,0.00233984191074132,-0.057197141680871345,0.332833465153054,0.9565631699631159,9.559567452293285
1790485845364040985,38.701000000000505,7.514810668116904,1.150825679408815,0.8106951635422157,0.9957036443023218,0.008965250516542456,0.003622233574457881,-0.09209102252762717,0.004280824028379296,0.1867766425575758,0.5170186129413871,49.38766537823702,-0.01378824451911651,-0.21295717178548568,-0.5414453675649302,52.85125465524473,-0.021907867591125146,0.007921961876645178,0.012609030398630374,0.019796653882306392,-0.02903518129815884,0.025876350698001864,-0.03580962621995082,0.045273404132112983,-0.05727055834180193,-0.366236497836169,-0.037984538581602105,-0.05168736244229245,0.046397748912197445,-0.29724896249130933,-3.48409014360807,4.4512120469907215,-19.90460261162546,0.010145003535775549,3.3525919250925,-2.742151926164961,19.968539046694197,0.8430110826937137,0.9957024887303569,0.008956684788875376,0.0036377163325426506,-0.09210373908615872,0.01916301769621462,-0.026433517960624965,0.027578559701195687,-0.7002453504284114,0.14649051688520184,9.859278416543116
1790485845482455917,38.80100000000027,7.511865648781563,1.152005316525377,0.8118854677854688,0.9958965714856761,0.009032033015141801,0.0013607309032679098,-0.09003660196885273,0.0024419417734578195,0.18211620306283813,0.5110650438446944,49.39208975197225,-0.015873404736552604,-0.21003231176176973,-0.5357948959242178,52.85882560770625,-0.03681411827955001,0.01907465947456842,0.008226645954939474,-0.010020070434444202,-0.06444291996488301,0.06701949115317925,-0.007276388105213375,-0.10856938257731828,-0.04463764883993999,0.38428745524168356,-0.009057620620490472,0.05609358998587302,0.051057060070622155,0.29387790134553554,-3.230149437584657,1.590831306351183,-18.936623537755654,0.6957213389074786,3.400079761341178,-5.291478109037771,20.322639732380917,-0.4633367964178544,0.9958934641978855,0.009039877995182693,0.0013926717178752892,-0.09006968990317098,-0.010688604075711386,-0.06339629773208358,0.06213384559341856,-0.35053666682781726,0.06358975306829662,9.858036556561046
1790485845600018998,38.90100000000004,7.508676096346818,1.154275006881845,0.8126981981866235,0.9961314656698462,0.008024682804104616,5.93002396528532e-05,-0.08750830847306727,0.002024033818498587,0.17908498205920026,0.5082288104500888,49.38102262670566,-0.016436977233561186,-0.2021101772241817,-0.5299694032394476,52.873719037277624,-0.02521183700003133,0.01906241544161218,0.009184233931777067,-0.0006096663557572431,0.023383464738425536,0.06157237293252848,-0.02371616175105563,-0.05753556449093192,-0.04492419248585277,-0.299712356327443,-0.026383085065956737,-0.040088641416668055,0.0407256257783314,-0.5749540694259425,-2.1985801767375492,2.932919190353261,-21.19901901864874,0.7132028025381112,3.7632215718443005,-3.378145673000018,16.950837575042257,-1.363012295578777,0.9961287693296862,0.008023961504322327,4.78741110669744e-05,-0.08753906935517429,-0.0016883710897901208,0.021612167097121,0.059275786739589414,0.21862447824313247,-0.2673830110338338,9.809683248669744
1790485845720925352,39.000999999999806,7.504747607832647,1.153956940710479,0.8134724114821621,0.9962750995832479,0.009951083100544295,-0.00019837113676382555,-0.08565548753236658,-0.0014732512907020693,0.18435423437356957,0.5034248718175622,49.312312952561626,-0.02044321910498115,-0.20377072977272076,-0.5285005672590396,52.838434139162665,-0.04222434509502513,-0.012460424002908144,0.001132000960171903,0.027792858302336163,0.012331968732348597,0.06289923776207716,-0.0034699825309121154,0.010074824137614964,-0.019634302035371375,-0.5541285595725192,-0.007400793048090202,-0.12099452247268871,-0.025268105050284834,-0.761187281029515,-2.5202454825719163,4.08395994202888,-19.493472219626163,-0.3933335383022719,3.0632645527621256,-2.1164540024279868,17.498937435286862,0.5052360797013306,0.9962725422043466,0.009936716516439233,-0.00020301089014542598,-0.08568688406715724,0.02645617642772767,0.011342592106992731,0.06509017316263277,0.049558017491429705,-0.09615505161798364,9.424656827727722
1790485845839353204,39.10099999999957,7.499841780847098,1.153562986664406,0.8134923726317872,0.9965310599177976,0.00974081946052788,-0.0003521287180159929,-0.08264889025700069,0.0013862395697719011,0.18538753763115567,0.503189109743516,49.264896482623605,-0.017798916461036145,-0.20902489977122535,-0.529241582890475,52.7902480805754,-0.06452604407436202,-0.012523015751448001,0.0008100637125922634,0.056837484742609905,-0.04440349423295826,0.055214350949288095,-0.04075184904284143,-0.017532993203544386,-0.04202086613498314,-0.2887721572775561,-0.043162974155600366,-0.0007300700972194952,-0.02578349315994484,-0.06331790935831105,-2.938247324667563,3.8398985951850912,-22.2521333508746,0.3234749989936212,3.621342109434584,-3.2508013789824832,17.746360867855035,0.04338180994906443,0.9965290618273219,0.009714343962074238,-0.00032738629304371775,-0.08267619532343347,0.05134297004288393,-0.04272346349560744,0.05454245512844971,-0.4548430922114404,-1.0457538254608252,10.046229470044029
1790485845958658966,39.20099999999934,7.494018309210453,1.1525528230588116,0.8137009772816495,0.9967373146724959,0.010821863621858696,-0.0007106397817483919,-0.07998192169678357,0.0018334886267426483,0.1862455327803853,0.5006108804408878,49.2074997861553,-0.017652159606095286,-0.21041387012101212,-0.5299937696261224,52.75223175610164,-0.050943670878136664,-0.015806618720609174,0.003915738274343898,0.02369410572850937,0.047396403165963025,0.07629404176933506,0.011747839171450737,-0.10090562196866701,-0.0475483911826045,-0.4441436921069353,0.006426997474685314,-0.11243673299237075,-0.012610923370663066,-1.0349820986730478,-1.122372373529718,3.6402491550028397,-19.59345171627612,0.1276437389110192,2.9395420827569585,-1.64756217676148,16.60915375890776,-1.0798659853467036,0.9967343738917082,0.010808186891619937,-0.0007329002908701774,-0.08002020904735523,0.026840820877515145,0.04146999755081435,0.07775002789618782,1.100877418045097,0.7444537674918584,9.537850258029867
1790485846076693791,39.30099999999911,7.498049347614625,1.156713223761712,0.8097466115695422,0.9967001511457639,0.00488711478829317,0.013005427819498852,-0.07997364354765554,0.013163216790343402,0.2934975401074583,0.5266843653745612,48.662180998494435,-0.005865362852324999,-0.30594392675311544,-0.5373131960134324,52.21781586483174,0.06682185699383952,0.04818204582636177,-0.11025118112618403,-0.0011451089232413572,0.15268666752138796,-0.01005684709503281,-0.11940564853355418,2.439857598138774,0.2874054737951601,-10.304979110549496,-0.10103455427787568,-2.0937969182810576,-0.1619047168934426,-8.995130475482389,-10.746428698698264,-0.7492575265146089,-13.05400782363127,-0.9508014794237383,6.269126514905466,-5.658588306271167,22.887927774746192,0.034960238198958216,0.9967015404493921,0.0048816453813506355,0.012929266005459048,-0.07996901202802181,-0.009097024372896946,0.14908305975973132,-0.01581582496663472,1.2627174996310386,-0.977439504375099,9.184557608178777
1790485846194413181,39.400999999998874,7.5099620815087755,1.1606132658203385,0.7963256452006514,0.9967469707790146,0.011030932877470916,0.02003691222053784,-0.07728076676234831,-0.014594967097439552,0.5013426886576242,0.5026409308269215,47.70433433159935,-0.031153600415202494,-0.5038280861086799,-0.5267677282597796,51.35842574177748,0.2056029961349559,0.03051678632262584,-0.13653500770296348,0.1330432638888522,0.2549873807462815,0.10425506201205677,-0.299142961488921,1.2513113023986056,-0.47538246485858315,-6.645959092509683,-0.26337920667313847,-1.2652831448417583,0.4828419598683793,-6.137711377353827,-8.53101603242434,-3.5156844920270633,-20.37468578370202,5.940364695256917,9.33805065366705,-8.422974609842573,22.931548047172033,4.389903471574863,0.9967462190385231,0.010953730228682013,0.019915548894954477,-0.07733279730293974,0.12727767841134285,0.2532087222704597,0.0933613490789813,1.7445585684493112,-1.3363927874765793,10.061866209397227
1790485846312132360,39.50099999999864,7.542884914474386,1.1594065894935837,0.7865374136274653,0.9965096717104255,0.01841544266906836,0.039813386346222904,-0.07102281271906455,-0.0354411473087838,0.5192683030847302,0.49815360849015766,47.622131727314006,-0.044045370262880856,-0.530548950062347,-0.531884850577635,51.368738503287425,0.43484692955539317,-0.03902850055644207,-0.04793224931356974,0.03088568194900877,0.3882371951506633,0.05253004182625516,-0.07531795760573523,-0.5230628936323862,0.39736005061749224,4.517073145653075,-0.026645203708392073,0.5934936880624941,-0.5201516885705054,5.681276901847673,-7.604401859914572,-1.213099316608289,-23.400805236877762,7.741463427173462,10.396180499497678,-4.353748286551632,23.44397965741567,6.615224548038565,0.9965157999623996,0.018385220825133712,0.039621524994899425,-0.07105194464324706,0.03488543107821678,0.37355826234250394,0.047857511461871484,4.257382327538481,0.7176555070353988,11.22096899987013
1790485846429734201,39.60099999999841,7.5960464809099975,1.1543994441787553,0.7841665183977761,0.9960961491830485,0.01730528801003531,0.05500936986958848,-0.06683530366611772,-0.031195045952893994,0.42438816732136664,0.5667281185813087,48.45998689293759,-0.03859481355085372,-0.42679282809180075,-0.5960093201319533,52.25248768577309,0.5940788211151418,-0.07289203276619441,-0.009820044152475765,-0.017348403242359436,0.1027466001726784,0.04990745486332741,0.0221320478978923,-1.1528364169119727,0.7338183503291581,11.09026017862596,0.02251572178239835,1.181698481152313,-0.6762889306950037,11.086755665224974,-4.902958541251346,2.279841606646733,-20.493824118629647,4.45486991068702,4.67245751172173,-3.6902844718728405,22.854217313365247,1.7808051546006478,0.9960971556343466,0.01730912208105662,0.05495804911998376,-0.0668615260585053,-0.015112209275926174,0.10336077937975474,0.04740593304491971,0.789321970612775,0.5398966111748882,10.014031110733162
1790485846551927971,39.700999999998174,7.659158326792411,1.1470164909813207,0.7828789851502006,0.9966413201724074,0.014988996177552933,0.048389025072401816,-0.06434214148699524,-0.026351850822618567,0.3153461306629535,0.6282565547590949,49.67164193847585,-0.03404922149677451,-0.33259015902259814,-0.6458866460401449,53.37463838995478,0.6715523082617141,-0.08217714818460109,-0.015218976251569918,-0.01210798097116484,-0.306694801675395,0.0566526770690461,0.014605319266391555,-0.7784613261635519,0.37632144115522265,11.374302322474687,0.007494554037052849,0.5725062964113279,-0.3242634571485562,10.497610210450453,-2.6568504054086177,4.9575315887578375,-18.182881092426527,0.3967926826042092,2.0584087252556595,-2.2225387858981502,21.26368100264728,2.2054747943719413,0.99663197438437,0.015003525668295188,0.04854189189522061,-0.06436836632590491,-0.008161395568502585,-0.29985116605300444,0.06005328472199893,-1.1255382804115848,0.9182723107642294,8.922294365992387
1790485846669791219,39.80099999999794,7.729821068724411,1.1390115875970668,0.7816248654603228,0.9975605957669937,0.011161861616221156,0.029131279419926423,-0.06244709102606036,-0.01985262386299171,0.27529532597102696,0.6518536770605431,50.68990048142293,-0.028250564312622958,-0.30057182126022247,-0.6657059652264681,54.35899049113384,0.7415317708744231,-0.06741286654847181,-0.00978595800005361,-0.1079810034400961,-0.430458005004204,0.05881626857309701,0.11417534274470327,-0.08797030989460326,0.16907818388813387,9.180974171754595,0.11002628224653466,0.008190125679219494,-0.09171072828944445,8.798252896885849,-2.382615176248344,4.0235893981820485,-19.92911026858441,0.16218892425453824,-0.8879980202589653,-2.545083687022892,22.462464691805955,0.8033834316229935,0.997551861793351,0.01122830386163826,0.02934293936008397,-0.06247559631342771,-0.11636981069720989,-0.4314008729367345,0.05992394840819093,0.1397561410677362,-1.2284472966012796,9.986211336105026
1790485846787030693,39.90099999999771,7.8079742728386865,1.130008310324542,0.7812883745498146,0.9980257238662336,0.009439859160107169,0.01240727177894786,-0.06084080183002653,-0.018655923372079396,0.27821303279351495,0.6579874022448984,51.51009213544809,-0.02762726447158754,-0.2972123051175515,-0.6716921960332686,55.212279421376785,0.8112984418278858,-0.07588481508401806,-0.0008354132486302248,-0.08702747377033557,-0.2874963474612596,0.05608678494891174,0.08767765124299573,0.07577068361331231,0.07071067908780276,7.934901704512224,0.08312616424845612,-0.07717770582825277,0.0058667258518993945,7.864953341421099,-1.4392733927990458,2.488294614978697,-15.758748165303839,-0.7997083614876792,-0.45540244552297326,-1.4316731545461656,21.66108567422502,-1.280422360865579,0.9980218117488935,0.009491684690638547,0.012548353323759504,-0.06086797207112388,-0.08332673855550374,-0.288504339330997,0.05456292737056606,0.16955304853126016,1.1119413977841188,9.514597576762307
1790485846904631464,40.000999999997475,7.893986681504838,1.1223665584468516,0.7812113656318365,0.9982279277695436,0.005804377011179272,0.006303837874683881,-0.0588861193872187,-0.013740281926006652,0.29425959400240104,0.6632577642885243,52.2046824818776,-0.023392502406705578,-0.3107310841433175,-0.6700426274184897,55.91011899928199,0.8820782921026755,-0.0781041027542651,0.004173750197981705,-0.030251065321289572,-0.07572150840280356,0.003940783611947975,-0.0024749924254803633,0.2872811681062096,0.019743645679799835,6.255536546400189,-0.010124682848340862,-0.01744926770505895,0.033113826962161114,7.250346304782865,-2.15791050329819,4.313844961268373,-19.369915075587443,-0.30324697002321477,0.7001875521036163,-2.5710659689010154,23.04505327422837,1.1106056562023174,0.998227484446892,0.005821692787324871,0.0063407522846073245,-0.0588879618291068,-0.02946038219504595,-0.07382299339484415,0.006231881725712526,-0.25423744284346744,0.38016291985385603,9.955609512864076
1790485847022625300,40.10099999999724,7.983564422038655,1.1165008646126797,0.7817836994078378,0.9984257503007932,0.0021873145888835436,0.0034317803073305423,-0.05594157376326542,-0.011677833696530722,0.29972732687613696,0.6656382577833845,52.920361853930686,-0.022248832788864727,-0.31309819171569403,-0.6638379714465567,56.63200173215011,0.9150778434865594,-0.06251565027862355,-0.00028267755393250116,-0.0063491639690770605,-0.01448463636153993,0.04944537345310731,-0.06458938797278857,0.00033143570792393967,0.0189045592780941,7.236595059118207,-0.07593055988597541,-0.0018341202775111467,0.015272270067535005,7.277212424404134,-2.136315662511077,4.558265615277972,-18.591972095167954,-1.028216076235739,-1.028232574182958,-1.733035550046236,21.710737904186622,0.6619924091663414,0.9984243351405959,0.0021908044763933893,0.00343888770831833,-0.05596625256470173,-0.011758703988522466,-0.014332871691759614,0.05286838833519402,0.2213199651534926,-0.8441752943418418,9.647867823520794
1790485847140100462,40.20099999999701,8.0768815342204,1.1112804356695873,0.7820412676648815,0.9985695670820105,-0.0005707314074586275,0.004001403583058089,-0.05331493911344167,-0.012441892489118138,0.30559892768906755,0.668772110615968,53.62301676607388,-0.024116436631423408,-0.3122578443843281,-0.6584515077570972,57.35451877344028,0.9358638976532861,-0.041675545517294965,0.004495849022917085,-0.03381535264467608,-0.02569952038513204,0.06894714238281682,-0.05530614180666516,-0.02765752533863356,0.016474549270178458,7.556984191649086,-0.06983505952843208,0.08377933517802143,0.055842892171847985,7.777618460648572,-1.3170167969289848,3.2056403462586647,-19.504662209684554,1.5536831589972344,-1.029748929422705,-4.397482813625258,23.41452437735062,0.7697066998514952,0.9985676865397934,-0.0005533007744589951,0.004013313852363975,-0.05334943831698836,-0.0368555467221194,-0.019330051562336588,0.06744888557281037,-1.1565698268649813,-0.46177028125765596,9.77932951935265
1790485847258548833,40.300999999996776,8.171879370917733,1.1055811424095516,0.7822280797971305,0.9987731608923944,-0.00011798283824987458,0.003829553500538926,-0.049370980150807695,-0.02067784382834964,0.29802906344854607,0.6688802548566581,54.39031989809438,-0.03395853140392097,-0.31087190522848057,-0.6561325649717882,58.11037987414613,0.9523453326872845,-0.055645467470692433,0.004426259602726772,0.013850876697915121,-0.05253649405181893,0.019818393223757315,-0.08708358735995562,0.16963552927396824,0.0012258049660774277,7.072254052493697,-0.1041354045194136,0.04187236226445228,0.029232681142635192,7.929325510097009,-0.29816747888447015,6.203082788999277,-22.372103847507777,-0.2439188315141827,-0.14445135070612827,-1.0108231825569827,20.65873106119601,2.9386923665640445,0.9987725698353306,-0.00012364083884617254,0.003856130265611425,-0.04938085374765256,0.012529046318516562,-0.04887310196700327,0.02649188350655988,-0.7268897492538379,-0.3106214559091985,9.897575578343343
1790485847380407828,40.40099999999654,8.266971161002948,1.0995388498606653,0.7822808228872239,0.9989301291015211,0.00036099714838992876,0.00025978597117228686,-0.04624283042295536,-0.02771890657936416,0.2877444240907122,0.6689370226292135,55.21391237542099,-0.04260787841347371,-0.29841861548580656,-0.6548645290677804,58.955970852917154,0.9506528845363271,-0.07140827201377503,-0.00233776448073253,0.05497981984871641,-0.09464918363170116,0.10054358342558457,-0.10730096959366386,-0.12062852897872611,-0.012252527275180643,8.379062231740019,-0.12443577201767272,0.10647103506286497,-0.016525206413155608,8.649779902004301,-0.8791934542787094,5.265109853057081,-22.37429814563604,0.1736223417715923,-1.1726941130330644,-1.5706011470054493,19.86711565890942,0.846711821306199,0.9989277992627696,0.0003357120113146017,0.00030834929023895697,-0.04629302407706981,0.045881098305951364,-0.0932153692625864,0.10405541395506428,-0.24062264661683877,-1.6900564838853271,9.941792666539616
1790485847498711941,40.50099999999631,8.362612605212107,1.0958025303257994,0.7821536395366633,0.9991275737324371,-0.0025547218391319356,-0.004411103972990969,-0.04145005386725939,-0.028057011084078806,0.2794876636066871,0.6723456819844266,56.05033139079511,-0.044502193270044246,-0.289853375869391,-0.6506339978046638,59.799405289916635,0.9651937033900785,-0.028718089135733968,0.0035389734224413154,-0.0245167835055604,-0.06846810260723853,0.08895737453769405,-0.05577332185471649,-0.007022050437159057,0.007685992722041875,7.892646270246903,-0.07292468213085451,0.04404000701978444,0.05349212768101143,8.123652782644132,-0.0061257607763950395,3.7927259653984327,-19.812631519721887,-0.20638869069596133,-1.1749089980611422,-2.2324809927887905,20.5119738937951,0.165473775761674,0.9991259107663393,-0.0025408589343289423,-0.004377521522784018,-0.04149452706716174,-0.026902136545088468,-0.07066406364412793,0.09041979781216647,0.46886167989264377,-0.31952872111653663,9.735481807814432
1790485847618832424,40.60099999999608,8.459806777423227,1.092528764467468,0.7828933664722983,0.9992835517275458,-0.0026872048626343683,-0.0060090682593461385,-0.037270005037076386,-0.03558880777214623,0.2855789986526052,0.6713333435410184,56.792363449411404,-0.05374999730600923,-0.28624002415191707,-0.6445695478256611,60.5894679333165,0.9693028595196288,-0.0013529651092773019,0.006543788882372224,-0.13969744492526925,-0.046553368771735194,0.08059733192752726,0.0785625949978122,0.04718075212460068,0.05526060680617996,7.700814343508744,0.0628629510776477,-0.004550718513966187,0.11810948037387364,7.642707225712333,0.34593410750885323,2.49312563028452,-15.516020948017083,0.6582731718735575,-1.4372387476649922,-3.7306895485239133,23.608750370457233,0.06514674572537649,0.9992823738452838,-0.002616296494207502,-0.005988519783368032,-0.03730991752328533,-0.1323079744694673,-0.046159126077030654,0.08008982922234797,-0.054645719165902926,1.9675247253741155,9.288991350105613
1790485847736472425,40.700999999995844,8.557325211222555,1.0932710339038247,0.7839248903736185,0.9994126906667454,-0.0062164352282441685,-0.006594016088315608,-0.033047671917053996,-0.039284622474275596,0.29035881409272546,0.6724232422620379,57.53466655112635,-0.059038310411590314,-0.2854530169078285,-0.6330597650394907,61.344777455353686,0.9741731187178718,0.013668695232319821,0.015382266402833532,-0.03579092640595344,-0.019482310596837082,0.10039668712219284,-0.09014253357714763,0.07418918295432686,-0.02010865426869387,7.243697495632935,-0.10144161385267285,-0.04589563040082135,0.12180707107899331,7.3611932667067785,0.050981173453386014,1.5037298257787535,-19.395305999819342,-0.058932468977356045,1.8186197293668678,-4.2791593973458735,19.87604835517655,0.1192340417717328,0.9994112057410363,-0.006197897334910724,-0.006585184102564225,-0.033097783282425935,-0.030517831422335724,-0.021992030069167775,0.09717128936349395,0.5673436385905297,0.9942611935880011,9.533718264021378
1790485847857187261,40.80099999999561,8.654920991423268,1.0924447744321544,0.7849734211005946,0.999605635487663,-0.004205042149224836,-0.006218808687842407,-0.02705951847932901,-0.05439703289221313,0.2911475177218273,0.667983459575541,58.264279548563884,-0.07524527970100757,-0.284313336162383,-0.6263617437245163,62.10696979934108,0.9852741784996598,-0.016405894418368344,0.009593426470535677,0.017277213569716954,0.06100956785654005,0.13715926002538115,-0.08879803589462824,-0.054632371396258775,-0.04078510510232389,7.297668481926333,-0.09987857839051603,0.040560083729031124,0.06876756940365146,7.503409228749472,1.5728103604362023,2.5308102739387865,-23.868975790112074,0.29597662634640365,2.837269643619122,-3.182883464261029,16.342149361425886,-1.3007444550729783,0.9996035508737375,-0.004214076298404739,-0.006249356047682712,-0.027127996434612587,0.02208238751332506,0.05707870047616624,0.1347193419991029,0.952227720588981,0.6269941452502666,9.947324041113394
1790485847974827012,40.90099999999538,8.75319421842462,1.090722379720932,0.7857168988059128,0.9997559276783985,-0.004182820241123536,-0.004216058647467983,-0.02127942518530519,-0.05950660070299458,0.2983642184275796,0.6662566650591085,58.96225345311005,-0.08153938555618251,-0.2796652017425791,-0.6203147480464297,62.871772121423135,0.9853015998429958,-0.015487047116205048,0.012848751352777328,-0.006898320112352146,0.045122133047221624,0.1055048613163116,-0.033742119887786734,0.029969627149581183,-0.043259770182305195,7.094794306076382,-0.04516963477272381,0.05089163462360398,0.08488078301644365,7.566569717105625,0.2348643011082118,0.4397004854749437,-22.593398568918374,1.4431385830457932,2.5693079154372236,-5.248641727599237,17.868050151507674,-1.8737434900683154,0.999754722793979,-0.00417962959518993,-0.004238908250560887,-0.021332055794628744,-0.0066695933095913505,0.041001549655722044,0.09818452001462563,0.9543605020495917,-0.05971026730217431,9.963098959758598
1790485848093138345,41.000999999995145,8.851068392603057,1.0908719538130007,0.7855504752741035,0.9998371486763762,-0.006495641581583649,-0.0035697914558048354,-0.016454159234049266,-0.059458924598525774,0.2897202007039803,0.6689797398420108,59.75240454062827,-0.08265108227846392,-0.275584972645353,-0.6163386038074382,63.65133767756093,0.9690772411646942,0.014443300123501578,-0.010604259043584476,-0.04934148349786761,-0.03596458156373413,0.0710423714341658,-0.013264052785175178,-0.0014511935265664865,0.0714615295953459,7.895493365886062,-0.023338033486560515,0.2006649283663903,0.016763862905857612,8.70090763492723,-0.22629440930020336,1.837671345766382,-23.26051143841984,1.2256818525183948,2.4285350676767044,-4.8880048553198785,17.93055258476167,-0.43463822565148114,0.9998367875537515,-0.0064705521636806975,-0.003552448758757657,-0.01648970335414561,-0.05170008047593844,-0.03446338336924482,0.06598103244303766,-0.2501753566298572,-0.541985768486613,9.79563470611552
1790485848210827774,41.10099999999491,8.946922687232679,1.091600029538574,0.7846018177754455,0.999889576002582,-0.006983951024118067,-0.0072406107169554375,-0.010937723068118372,-0.06435278279999464,0.2786394071659313,0.6726224500501383,60.58919201946328,-0.08891790688412504,-0.2637525573167782,-0.6162759973895549,64.51145117153891,0.956615250107378,0.001379910874892284,-0.008767489135073277,0.019697625415065263,-0.07829424341990401,0.11050282289469411,-0.070436376591118,0.017383456223533603,0.03229732534732777,7.829731699516536,-0.08416404896720223,0.05939553483982837,-0.01315480311955912,8.398147920438987,1.2719046342910794,3.5104975943992085,-24.810259150160032,-1.3738774044762856,3.4678843651596347,-2.277734283068348,15.554441970250002,-0.4696676034079701,0.9998891840025392,-0.006992970498585082,-0.00720174605067205,-0.010993313065833836,0.02304873390378835,-0.0826824799204052,0.11090012624445335,0.9990506247627831,0.35847944862798986,10.090712495789601
1790485848327932281,41.20099999999468,9.043820753377625,1.0927945069068048,0.7844061855069352,0.9999278380471138,-0.008015276107650397,-0.007551309478505853,-0.0048012261455869665,-0.06649123021420952,0.2836117395968878,0.6753610527581897,61.323605819581296,-0.09224917750781787,-0.26878668029402675,-0.614303991422643,65.26483662111127,0.9722871271766141,0.024012283987109882,0.007975168492041138,-0.026657490973165554,0.02261084073828974,0.14901488539758145,-0.021690694515587753,0.06814931874063813,-0.008359634365308224,7.009906036220775,-0.03255422330142802,-0.1308937858837457,0.06046949964093989,6.977323608781946,-0.3754698467392517,6.105655606212242,-24.694349491988387,-1.596429458540075,2.6208604677718417,-0.46180679811173586,15.750247982524064,1.70480295162099,0.9999274988546772,-0.008001439951655172,-0.007563275252975373,-0.004875536932002774,-0.02999248032249659,0.02343384480925344,0.1553756559823095,-0.10571195944168171,-0.6810396500348803,9.712923388994923
1790485848445382273,41.300999999994445,9.140600592622555,1.0937923048391296,0.7845496803471529,0.9999544445200388,-0.007180850875409399,-0.0062133235183267545,0.0009689562325150726,-0.07155365554118195,0.29096728557391277,0.6753858597394989,62.023537002499744,-0.09821271798323788,-0.2706410614600886,-0.6131449558992659,66.01394971118755,0.9459565928331866,0.045100017155136084,-0.06540473595114378,-0.1856925059238242,0.006496376451798692,0.2119083003075932,0.18133564485203782,-0.4279706220777631,0.33079800846054547,9.743329430808357,0.1831554746082552,0.25689412250095117,-0.18690950788115307,9.351959820450054,-0.7701309072195703,-1.0538464951401854,-13.177490423663558,5.128335284595821,4.893954805269579,-5.812364855961173,13.821719441585968,5.324020089774973,0.9999551837898457,-0.007087347306351308,-0.006217242373873535,0.0008636071084440723,-0.1750623665439039,0.010198749863537915,0.2061073712709311,-1.6590010726369682,1.9485105348418776,5.446412885445846
1790485848563517618,41.40099999999421,9.230915845226288,1.0954140855392605,0.7633486004653478,0.9998428460765304,-0.01610499255529568,-0.0038618661771256052,0.0063244251918325315,-0.05037598640891651,0.12561512577593908,0.728528424848424,63.473805479679314,-0.07570568180848283,-0.12521668513048587,-0.6640097982719461,67.43478127757066,0.7655936196468321,-0.02371773627447782,-0.27167673475951487,-0.19759681604489227,-0.35639435688742577,-0.006213495535520296,0.3268689181061631,-2.3486732286451693,0.1673343732284306,17.65448510819052,0.3347560255132946,2.108676891080915,-0.28157530322341184,17.261957766519835,-3.0344017343308174,10.188759012661745,-33.48696431887054,1.1727574459047396,11.847842326624619,-1.6687249064507403,10.839026073940682,1.3690211167400825,0.9998450849901601,-0.01600734833269505,-0.0036830220468330862,0.006325043002045584,-0.19185738267570698,-0.3314661645064656,-5.152814615305354e-06,-6.263165704783017,-0.020720957365174354,9.126331627558457
1790485848681461285,41.50099999999398,9.298562351388703,1.0889386163993753,0.7493599836706192,0.9996470939840303,-0.014418830357175578,-0.020562944376998214,0.008657374830883543,-0.043658195015422875,-0.053133015957863204,0.6817921431850553,64.77411854914371,-0.0690693382545402,0.06411293467435752,-0.6211004308758756,68.81194739950257,0.5693644605130296,-0.0658223980502944,0.03344943194667083,0.15041457906773215,-0.3606834037100326,0.13206893533849245,-0.0972621146072457,-0.4931435726178268,-0.6554243841387543,6.885333575321101,-0.11975429605042293,0.3429750160108501,0.4430095247473031,6.907043822438598,-1.9890412003020195,6.0405707508339646,-25.659608037545112,-7.973440904176664,2.340522889752062,-3.5921309459111037,21.21086204875564,-10.074511710718811,0.9996502683619788,-0.0144942142210078,-0.020384269120192127,0.008587216683814245,0.14803066096440998,-0.3680231907000362,0.13112111617257757,-0.47872122317581767,-0.34111490067777206,13.20706955674918
1790485848801284942,41.600999999993746,9.343244476709597,1.0838718937334821,0.7622070130048103,0.9990305521568966,-0.00858302747013831,-0.041555978390983614,0.011721269406594776,-0.04701714877428077,0.03368341976359432,0.6565608437325371,64.96958896923431,-0.07468868754804493,-0.022436343088717007,-0.6059839680138054,69.02675589074072,0.37263429963902167,-0.013968193586337562,0.15455236327850994,-0.072626809845283,-0.2651794836596112,0.014816415970727921,0.18319621198457278,1.2328131635255748,-0.02970832712710667,-0.4475009364666562,0.16747565788837107,-1.3105377876604611,0.014442186377672339,-0.8201281502393415,2.58848655046476,1.5086310928314624,-19.339685576159315,-3.4071453848092745,0.8688293020212283,-2.854096895868462,15.780747386400405,-4.58335461842281,0.9990364510982728,-0.008547995452692424,-0.04142315474024572,0.011714239287096721,-0.06513859207595678,-0.28227248943513217,0.013478953927880708,2.0211163960070087,1.3257430292195374,9.807170160018542
1790485848919204819,41.70099999999351,9.376913552859923,1.0819394038419048,0.7788403252965521,0.9990190056934093,-0.009467391790967752,-0.041253161630503236,0.013021958820259012,-0.03677547698668236,0.1572920379653915,0.6511827629022066,64.71959543885086,-0.06576272706748842,-0.1442958413939456,-0.6006623565461935,68.78000817303253,0.298725106721509,-0.027441662806907196,0.15728787714779247,0.012128980399338728,0.20500647356699594,0.053372762853291886,0.07035416066934677,1.0042484246397494,-0.15682191391876338,-3.369705463434312,0.05926627651304507,-1.0459906657477078,0.11116762527728762,-3.3953761359263286,0.8374142502272302,3.04373705591335,-21.920643547231823,-2.264220106112434,2.020931839775435,-1.4304447459134044,14.224972377541231,-1.2743428101038523,0.9990150615824709,-0.00947101458811381,-0.04135589570180261,0.012996018803690692,0.0115004870327646,0.19302256122402306,0.054607787842024656,1.6659768606673928,-0.47409424302899167,9.515089691010406
1790485849037117286,41.80099999999328,9.402302122221728,1.0790159998115025,0.792424266306854,0.9994346244981044,-0.010619307261336093,-0.02778902330824868,0.015666264749335367,-0.025481442719782425,0.22601268459818893,0.6261953206169399,64.41031039648746,-0.05523784425427376,-0.21230222923753678,-0.5760863468122267,68.48110006815233,0.20834293599455112,-0.039629106950535516,0.11003746888435303,0.028323093345964515,0.28208118144273386,0.07215949695690307,0.059017487264342056,0.23561137628745674,-0.3633043508048904,-2.0314172553592322,0.052284200154608045,-0.31452618656117304,0.2989795649137267,-2.054013021545184,-1.0486946493166287,3.032761200969461,-21.683340213112924,-0.9428401565763653,3.3452717866941564,-2.6951952682952034,15.74516848991577,0.644594732799417,0.9994311092756053,-0.010630248487573745,-0.027930588860775384,0.0156313094498182,0.02734486363663289,0.27906712535800376,0.07241498220882699,0.34502759096566055,-0.5645383786374004,9.305011155972592
1790485849154769437,41.90099999999305,9.41822153594819,1.0736469738232421,0.8003085509522252,0.9996634399937764,-0.007521555051128237,-0.01783390401858711,0.017273818827246892,-0.023060446911992438,0.2326225257188041,0.5937310790998138,64.30208513470538,-0.053614617623473235,-0.21037079917493118,-0.5508714030030155,68.43345674038306,0.12744464975116346,-0.06717265202825604,0.05399496281149218,0.08794015343423318,0.16474343943755723,0.019120887820215746,0.0136364740699898,-0.11931289276499858,-0.28474643356162627,-0.2724956829387099,0.003538194276687173,0.19595681304061083,0.17707288798502377,0.36192192613332413,-0.9464340663457351,3.330249440601958,-20.877986894169815,-0.1614897271475121,3.405687417897781,-3.022706742972968,16.17811910133365,-0.3649388948045619,0.9996618010030065,-0.00756391692187992,-0.017917079377144287,0.01726409693022073,0.09059885025831532,0.1656992739607102,0.019065042952827956,-0.22074869041279943,0.21716998179258454,9.222145449620134
1790485849275411625,42.000999999992814,9.427976583105515,1.067973349282896,0.8042584087106095,0.9997111782794929,-0.0059783017945133085,-0.012754545386252881,0.019471556246786842,-0.016171257219367192,0.21732203601048758,0.5721724591501173,64.31913371097986,-0.0475302783211364,-0.20292174436197194,-0.5379927706320161,68.44980866069103,0.0715947928313667,-0.06419350192362189,0.030962892280790633,0.055805562055241995,0.051732215414175484,0.07628332598596226,0.047835967635178875,-0.23056599203223552,-0.21022344845116467,0.5708532730258601,0.03915071121041023,-2.2996815617784853e-05,0.07445575218266923,0.1216556335010649,-1.564347642549744,2.7546328329015037,-20.8013774191983,0.46940682334119593,3.645536928136246,-3.574566129990679,17.414719367419256,-0.6022284281511368,0.999711422784554,-0.006005206374980104,-0.012781175337686452,0.019433224319807044,0.058788440258788814,0.05100905157176965,0.07473496905473125,0.01549418865541669,0.2918014510577126,9.599591308747929
1790485849393373131,42.10099999999258,9.43306995769378,1.0623822363499134,0.8063264123518484,0.9996545045821446,-0.005271381852046069,-0.01152981692420272,0.023024928310256803,-0.0073038142650986545,0.2006743882583819,0.5579224347047785,64.36729231923559,-0.039544960586768166,-0.20308056279897152,-0.5325961735932545,68.4670976163217,0.037995531019172926,-0.05245671045169545,0.01058400823110631,-0.002184376940875867,0.033757766473365494,0.06600223854356148,0.1067861426124429,-0.14959472989358807,-0.09042699219025624,0.37845417610861576,0.09782204579695178,0.030111337977076224,0.0243930496604865,0.20574293434923321,-2.6930517946089387,2.4080614539247884,-18.806980209320127,-0.5891981559597339,2.8961062152308377,-3.5719247600458433,19.29022543978218,-0.7003748908654125,0.9996550748901146,-0.005269520905357685,-0.011546838781870987,0.02299204014466842,-0.0008708184695937567,0.03043516140470149,0.06424441029526394,0.5753621996734664,0.14820067869365788,9.826292149294957
1790485849512050281,42.20099999999235,9.435701618715038,1.056889126692988,0.8076078203219272,0.9996265154437792,-0.004660546812465473,-0.0096194751216721,0.025151036231542044,0.001234564461605588,0.20253640225249203,0.5503229368356675,64.32819829659073,-0.03159021094960531,-0.19836676667280861,-0.5296463835542693,68.47867394313896,0.023414894290072617,-0.05120757717091425,0.016552083674195275,-0.004931833073729091,0.07742839757501092,0.023168715490964536,0.1039145780118472,0.14058370596410488,-0.056787252730627985,-1.1042934589760547,0.10102870290526586,0.004339697237881208,0.04528888196599082,-0.41089793581040834,-4.770536856647495,3.8823232419774922,-18.507593195324464,-1.2205759916118262,3.722520894813064,-2.541640448400852,19.658445287783657,-1.0954209738062217,0.9996264450654005,-0.0046569966754343335,-0.009658166822495602,0.025139660329924797,-0.0053640842709990885,0.07657536572661075,0.024707151282824965,0.22419651154160256,0.001815509360178305,9.876777986240485
1790485849631375463,42.300999999992115,9.437353595787922,1.0516646680619046,0.8087746712794244,0.9995984756714181,-0.0037786047840852456,-0.005108552924478719,0.02761362468565189,0.007950793366711987,0.21327301225326828,0.5447430581933177,64.21606719339124,-0.025107756368503882,-0.20980996539028154,-0.5296906155578942,68.38885667945142,0.013721272288081185,-0.038283675662948304,0.010909685708229814,-0.015681379022057906,0.1196735295573039,0.07709071518061461,0.09326301518393514,0.06655820478826839,-0.043678504195955446,-1.1623546145572912,0.09236069141180424,-0.10743048237201501,0.022571430762542425,-1.1006951736626602,-6.496628867612555,4.715426792535091,-17.404860940475633,-1.790499852984416,4.0586096443637505,-1.6321411025406238,21.16661609264205,0.5639299952595223,0.9995992614332423,-0.0037689180121581426,-0.0051682947880072145,0.027575360888259466,-0.017245274573199756,0.1185240912571883,0.08213962846686301,0.27141112324923117,0.028877187754646642,9.886380870420112
1790485849749210911,42.40099999999188,9.438362085387142,1.0478641148401426,0.809499543426807,0.999533419018695,-0.002745935546738826,0.0011531118805754672,0.030398592660865444,0.011275285968033235,0.2141786473203497,0.5394924570279543,64.11978106220282,-0.021795206886245703,-0.21891601278780715,-0.530005489283732,68.28402313872314,0.014752403781663238,-0.0198467004207339,0.008352772941857916,-0.009413775654705483,0.1709466533335025,-0.08812208212578837,0.05122369401345751,-0.1797964679477607,-0.06017276719476223,-0.22481354509849089,0.04774336312893747,-0.02970153764926034,0.035075716378121,-1.3407471888143907,-3.726398649616634,10.248479499265175,-23.146996057194883,1.2110257567716576,0.7512807546614908,2.436086873712758,16.682988515970706,-1.2439323309620673,0.9995321864777289,-0.0027385817661902028,0.0010679425004693445,0.03044286227960827,-0.018498400042478845,0.1779700134613917,-0.07676187505578934,-1.300959908535185,-1.5068196105166851,9.75100944203319
1790485849866998530,42.50099999999165,9.438569405317255,1.0447723736095882,0.8090759515450724,0.9999658653411511,0.00018580733728799573,0.00668505049115658,-0.0048521879689594795,0.008433497251821038,0.20362275502069854,0.5370564706180481,64.18102910667898,-0.02620185499574384,-0.21415988306390032,-0.5344593450069497,68.15690471652779,-0.012445048744773073,-0.04110383321467203,-0.016350756033064424,0.0778427886466428,0.02839456207439077,-1.1082956605427956,-0.016951672758946285,-0.043737885764901764,0.027422587112749103,1.357140031164472,-0.041259984369200524,-0.11023388177433162,-0.11731398386457369,-1.8314064124358753,0.8929529286062138,7.293789514748208,-24.68282913264112,1.4526312516601956,-0.20051556781431346,0.08537389879276522,15.598999772486872,-0.7575589130752752,0.9999685019190103,0.00015052286300952663,0.006670938552494174,-0.004297800780171327,0.07818531189508625,0.031371728570224015,-1.1075243722598807,-0.6199936993598666,-0.3843748887214468,9.926319666718948
1790485849984718150,42.600999999991416,9.436451340695681,1.0412293364673666,0.8072695494476789,0.9974716474025588,0.0015782216200409425,0.005484247389426106,-0.0708360422039163,0.012169633813340337,0.20595215507533607,0.5429474421030853,64.34317694329636,-0.025400223460369784,-0.22693701810803127,-0.545101437893836,67.9671848131091,-0.025504775293431696,-0.020333849414454357,-0.025917396572679104,-0.016389318394590256,-0.06441784329228611,-1.486646099345304,0.09355466852364612,0.06544561139135859,0.12567831902773843,2.0069956490067753,0.05887613140758046,-0.18559862125697538,-0.12170453352164683,-2.0653343470517043,-0.791951265465149,4.829418487093647,-20.119513634480068,0.9779381896720274,0.7632975627095524,-1.7489656577152002,18.930970809792562,0.07736433901504891,0.9975238357689945,0.0015927532420588653,0.005514619748894382,-0.0700945731055341,-0.015415909296905672,-0.06419004465106191,-1.4843408868658363,-0.17624095465801834,0.3195497623246909,9.640977430609322
1790485850104716834,42.70099999999118,9.435243984961714,1.0389753597858697,0.8044829109169263,0.9888402577723954,0.0007612987978002783,0.005508592757727553,-0.14887585579466017,0.020560215632821694,0.2133281562736132,0.5559053104299867,64.52504793771512,-0.020275560267691246,-0.22950833572614487,-0.5572439149878704,67.79338230120484,-0.012834826902468729,-0.027219627689044748,-0.029048256312452163,-0.0005472420331456137,-0.023662907273903903,-1.596381533573153,0.0827502612067919,0.19463149147550549,0.1441323426557357,1.5561937239756582,0.05302187441323172,-0.15249499918027243,-0.14127453624495123,-2.079993419895955,-1.4547604720185887,3.839551428386125,-20.254550405234696,0.4237680958216191,2.3668577501857433,-3.2757513796432596,18.81293201936796,0.14617678177872695,0.9889587086418095,0.0007677274476884714,0.005519642021812553,-0.14808651777944407,0.0012841951114586359,-0.020051526366856847,-1.5965382436712476,-0.7665152618956702,0.25394512160426097,9.509710529725375
1790485850223243095,42.80099999999095,9.433970350456411,1.035481606929525,0.8021507381438789,0.9739166921547976,0.0023559750159224367,0.004818407891614903,-0.22684247633406565,0.023445494521898643,0.21857995286595272,0.5644031528818472,64.72115192874652,-0.02037000755164167,-0.23575014892454343,-0.5697824256579632,67.61588674741785,-0.0037928625431087326,-0.03857865175116135,-0.018860383947219873,0.03220529496984745,0.04699294250135989,-1.5955610851713053,0.04221544969565652,-0.09497349562438472,0.053190176766676554,2.2702360521165947,0.014730414169300713,0.1333775718644121,-0.08569716445315144,-1.309705872234143,-2.194841289019713,3.360693463957461,-19.844103979413845,-0.09387494973383448,2.5359102823667046,-2.683552555479598,20.080374525288246,-0.04914992109118044,0.9740975034808511,0.0023388056642206587,0.004797295966402089,-0.2260654101180647,0.034400842334497146,0.04310666049662805,-1.5950609515175265,0.6794297609725498,0.41323324865191774,10.04197061942241
1790485850341925925,42.90099999999072,9.433555947796679,1.0318928015182,0.800496539662846,0.9527589471928536,0.0031842826639518745,0.005519316195327914,-0.3036606428838246,0.028738605332765038,0.2205078200043654,0.5704307865113394,64.92332309423196,-0.01740995870822866,-0.2356035766150322,-0.5778087312787836,67.44868411907989,0.0028203214385875072,-0.04292385775878252,-0.014787567935365637,0.02149952399751652,0.05023331383407839,-1.523359977336959,0.05435835579622468,-0.12630607789870765,0.03770691033277875,2.399430337287646,0.033716403321211834,-0.16317217992239483,-0.08624450779000818,-2.3942658729179866,-1.9239526333005403,1.6068615135369166,-19.010078684489834,0.7796022580376956,2.48982708171969,-4.637345164231777,19.01371493994121,-1.6714722004123446,0.9529901355323656,0.003170616820981629,0.005496223350125191,-0.30293487797852464,0.022645736299343213,0.049366468161143526,-1.5286638969435662,0.18013313852439294,0.0663303684784193,9.501583496826214
1790485850463706770,43.00099999999048,9.433327259612922,1.0273850555493547,0.7990740648396384,0.9260612611820672,0.004187302149158545,0.006683777586794322,-0.3772907819649987,0.0349247600720682,0.21832644977537188,0.5749708603496312,65.14280628676352,-0.013924354598567217,-0.24419330598406144,-0.5854053878633784,67.25129879675634,0.0014219888048004154,-0.04035909023113133,-0.012837010698846353,0.007829163023721027,0.01977332960667417,-1.5901430415874516,0.06863871926938199,0.010758320462953292,0.05500082320542275,2.1832900358779948,0.036907754070493126,0.08249173088275262,-0.05089387959060875,-1.29676842366445,-4.502361690917133,4.8615973802600205,-17.70717691848484,-0.5097963369659444,2.066741399058607,-1.609983037774552,21.86491917067393,1.9435114844381212,0.9263610240261202,0.0041852596170830906,0.006672767548594473,-0.37655439307018734,0.006636840432747624,0.01932577007897727,-1.5851714270903876,-0.10580827709172616,0.037585184193722185,9.618424831511126
1790485850581319681,43.10099999999025,9.433169455117051,1.0232307609374027,0.7980786268520504,0.8940763187793873,0.005221136573541403,0.006453998052223237,-0.44783771819702856,0.03842858030751628,0.21502003712581358,0.5774762428544489,65.38098110843517,-0.013345133869065454,-0.23984455476115388,-0.5903329370238437,67.1194063470202,-0.0028777904724428976,-0.03980314141301646,-0.005705321739728301,0.04714534577279964,-0.018507977969069344,-1.5276200790701717,0.01315222454572324,-0.031112515485033486,0.002214273293694453,2.4233037584784918,-0.017086881481862486,0.02370652667320325,-0.037206550752901586,-1.287847521021866,-3.424262706454485,4.498576056615747,-19.80584712398808,-0.1129669722797122,2.030557499387101,-2.693916383293716,20.703797819271394,0.6802738393917199,0.8944181839509228,0.005209133195235377,0.00646883871396908,-0.4471544825616531,0.04373729871462708,-0.015808662616687646,-1.5279307145672525,-0.6743064224165674,-0.4608814305903922,9.781271549545776
1790485850698948692,43.20099999999002,9.432277985258766,1.0187530045289677,0.7976924811665173,0.85684306721288,0.007624667874187043,0.004332486657641013,-0.5155027179059226,0.036666839740945936,0.21873804095562985,0.5762889496155204,65.5954501370435,-0.01756806617388342,-0.23249851614654216,-0.5940160161524202,67.00991717135383,-0.021203978326810157,-0.04782709894015528,-0.002423287943242981,0.10701264681073148,-0.03797086499880441,-1.49564553762906,-0.04976525086999085,-0.06691360558432292,-0.045419340712823046,2.561635279254725,-0.0677143114462585,-0.10644961337091063,-0.06101449408213005,-1.6485608028726524,-1.4758988112812945,3.1807904691040374,-21.815845031699755,1.4416512133694637,2.0567343124660997,-3.8718507528547175,19.274931931052087,-1.5062502420268085,0.8572286565894232,0.007591846184930074,0.004370633726749579,-0.5148614296626067,0.10649330327846875,-0.03681401695194468,-1.4987987791245858,-0.3685659994405234,-0.31722335708020505,10.03390512580889
1790485850817422313,43.300999999989784,9.431469813233027,1.0144699484106134,0.7970451272043031,0.815892153009231,0.008449378708114156,0.0029287903632291335,-0.5781349538338059,0.038821003447735127,0.2094934528861837,0.576280155641063,65.86600374216418,-0.017817200609902398,-0.23469012553654023,-0.5983338006460666,66.86664245448367,-0.005658115212772918,-0.03598649207385576,-0.010068691210476065,0.029811165047498214,-0.03931783824386462,-1.5076343460766606,0.029438381939326255,-0.06015643381296272,0.022554466409973363,2.7255858998636806,5.361884978801693e-05,0.05379314316389316,-0.04578763498916078,-1.0501080204894637,-2.742666080600083,5.414668741020403,-20.25954741052452,0.34874846432902395,2.3586531991306092,-2.2832942794050357,20.452346311878323,0.7447059477294731,0.8163277973308002,0.00845078823772403,0.002947077237816424,-0.5775195461791396,0.031107030388977094,-0.03371265124575003,-1.5041247549269485,-1.302192767490816,0.2687782200484465,9.65688564047714
1790485850937594886,43.40099999998955,9.430679004814657,1.0123396310421817,0.7968127792802798,0.7707920618207177,0.006605746610124487,-0.0008720280003589128,-0.6370519610777877,0.041988275182023214,0.19761272737790306,0.574073746747048,66.17145943203671,-0.01752864560350511,-0.23121676171556968,-0.599763062184982,66.7673237017093,0.0013446120179657454,-0.017945698883989007,-0.004314977386524795,0.003032642174893534,-0.08391820463119666,-1.4723834617350267,0.047264461654381744,-0.04045326495390696,0.0018104724562680028,2.7173078202317376,0.01561044262960936,-0.011583065544848961,-0.019553467691531715,-1.2262577507977155,-3.5196561156616717,5.826529932032593,-20.309072399149063,-1.0190706324135372,2.7859048765571095,-0.38791960344923554,19.05009047151386,0.17976233830474153,0.7712608912143711,0.006630664192313114,-0.0008435831435801419,-0.6364840613425141,0.0014332219971683602,-0.08685989175670722,-1.4685444699719812,0.39848438316217977,-0.16109761379844198,9.8556667283685
1790485851056141617,43.50099999998932,9.431155007089952,1.0102890341318105,0.7968532234787371,0.7224339403061902,0.004454044793030127,-0.0020545333162142426,-0.6914225497273756,0.04826236296835407,0.2013262878767337,0.5739386989934352,66.39342887275669,-0.014663632057038311,-0.23980971740182846,-0.5997571406344713,66.59440050972472,0.008325429012347072,-0.028132065176150883,-0.0027666008468850306,-0.014311687869311966,0.011935006914726959,-1.4562082268315975,0.05280386899603584,0.022168283266834895,0.015118204131706923,1.9970627438801416,0.014724890140062192,-0.030305264665357483,-0.006081469508491314,-1.8168485378421786,-2.8605451842417686,6.193011734020623,-19.35309382772617,-0.3411785668024365,2.0962287553535215,0.3118315597738834,19.46183640142592,-0.22863589648418414,0.7229371322060604,0.004453591256168203,-0.0020670346176600513,-0.6908963712239982,-0.01200833336850325,0.007819918605283084,-1.4514498505702798,0.6521470061869241,0.633756760699014,9.74411044339201
1790485851175092513,43.600999999989085,9.432005961683753,1.0071057568395565,0.7966264426602433,0.6699934314347772,0.005026150507509488,0.00034827190369340975,-0.7423499298524978,0.05396756735808481,0.21443142539296645,0.577461415434071,66.54225154762513,-0.012524317474028039,-0.24729048380846777,-0.5997394847604288,66.38000029256553,0.008884623446219625,-0.026370711826445438,-0.002453091918864979,-0.002032197292214352,0.013587475743768097,-1.466357764698439,0.014855924580097303,0.2217487563457993,0.04337399429208745,1.2504755179654217,-0.017176607080799614,-0.1026530474899136,-0.004705730509517811,-2.1378831641130804,-3.9182864290814874,3.5022925333899835,-20.448268155411753,0.6352461019868326,2.4862987298779187,-2.6017789475156077,20.230388848862948,-0.1356109491858304,0.6705375238431844,0.00502204195104322,0.00033928068296446934,-0.7418585398184145,-0.006771332787673327,0.009674664894292313,-1.4693414289368005,0.5709276169281843,-0.9425414999306804,10.067563554124272
1790485851293110180,43.70099999998885,9.431453821458362,1.003041449623191,0.7960265384518938,0.6134192700996802,0.008799215068686608,0.003016602582392834,-0.7897026484654911,0.05401769949223362,0.22750960950426524,0.58144332020891,66.67268068833972,-0.015266150925562688,-0.2576256921445596,-0.6016798487939492,66.1379565901222,0.004408476350129971,-0.03992708614628885,-0.00901998843053739,-0.03535596744154888,0.06181184577956037,-1.4879211291179149,0.049732320833492785,0.09216144372422239,0.07844034304555499,1.7138233890736951,0.021175149647642465,-0.07749321341928439,0.0011396826283353344,-2.2049064140495744,-5.2509826569697,4.5231785319901165,-18.88637757148925,0.03439625548298886,3.366241000447467,-1.395034075231457,22.429678838284023,1.8495200028507455,0.6140065452064273,0.008787894389144605,0.0029771368410842786,-0.7892463949946827,-0.03567950487971114,0.056682859322452914,-1.4862398584813765,0.7538316582177214,0.19048356890847187,10.127559073775311
1790485851410852889,43.80099999998862,9.429901598811789,0.998865417147771,0.7953795949279793,0.5507894285350449,0.012210835237455569,0.005011986357570252,-0.8345398617858792,0.05288442459365826,0.23456922671907543,0.5853706072692019,66.84787504868179,-0.018727148462323463,-0.2508791574259738,-0.6020320439631254,65.97375061014644,-0.04269144263971281,-0.034751504036118236,-0.016051680395887707,0.09466762133883898,0.06987942059259886,-1.5646018771881418,-0.07081823595514035,-0.0230659962344616,0.04290613284342762,2.2533776914371564,-0.08691409838877695,0.11642988115158702,-0.078833644759117,-1.2075536533096347,-3.7584157299965755,4.367109918519053,-22.28218363339471,0.8642600697629892,4.584688210900559,-3.5665853036877846,19.7907013840503,0.5326165548910158,0.5514428733945543,0.01215952282320394,0.005022689795022938,-0.8341089113384973,0.09507762278428636,0.07632212990630899,-1.5644119812220358,-1.3809030607531096,-0.26170772894096894,9.891260296797016
1790485851528771057,43.900999999988386,9.425718489181214,0.9964326636905625,0.7943748290117895,0.4838909383458593,0.013006678273223753,0.00365344158050013,-0.8750240216540796,0.052586941289015615,0.22421680461487323,0.5883875508324806,67.1433146912384,-0.02074974688472627,-0.24414249002140181,-0.606299000602136,65.86267772777589,-0.03863902038593839,-0.012181287444742592,-0.007005244779293246,0.04691069823559229,-0.07966662312676004,-1.6005120519509723,0.013865038992912408,-0.1237806803289643,0.017505611150660485,3.43696715641816,-0.00467169703480322,0.17445437650349974,-0.0274514869075789,-0.3628898342744334,-4.347114953850021,3.135000515326573,-20.522693277726873,0.13275324201186733,3.773776289219192,-3.758520724052224,20.685006610819745,0.7128434519119969,0.48459118560333847,0.013033103053922019,0.003682830703357716,-0.8746359001426524,0.04430234233090828,-0.07926784779960476,-1.6013920809494442,-0.28439793482281384,-0.6208391267423856,9.95103964597187
1790485851646655095,44.00099999998815,9.421694853741593,0.9954744418490967,0.7939086662805794,0.4136628999977689,0.009357051481515334,0.0002917678631741413,-0.9103819888511211,0.05493426891597954,0.20826049876026115,0.5875704298106464,67.50525408656775,-0.020257880536942573,-0.23552131098199783,-0.6088344545393866,65.80462942426682,-0.04887017611266526,-0.013051718737459743,-0.007170858794679874,0.05193761889812829,-0.04859603482605086,-1.6021363276766922,0.025029250901067033,-0.2695979932687912,-0.0286721669121093,3.8319689899990945,0.0008467366973076954,0.20698589286439686,-0.029923755727746443,-0.34696744470078483,-4.455603025187808,4.859822492885766,-20.60060055383023,-1.7720915213381245,5.098229819980747,-2.7150743136915696,20.241292311079256,0.1063954536531306,0.41439228086245966,0.009368660342434002,0.0003179648552594484,-0.9100500890958408,0.0524225139682272,-0.05173814513626021,-1.6004254557878825,0.36777897545721283,0.033983496874076674,9.808825205812719
1790485851764698982,44.10099999998792,9.416757992154476,0.9958350688533447,0.792887604893581,0.34078828438724346,0.006095105987179231,-0.003671953742248238,-0.9401131376930751,0.05843813220762697,0.19914245995069266,0.5863977604602153,67.83733142286765,-0.01896835314285594,-0.22506475975693327,-0.6152701909274866,65.75752325352094,-0.048615213745034476,0.022976554445069176,-0.007501994270428429,0.10322492694732241,-0.129390486903552,-1.5067650236461543,-0.007334510142998679,-0.11904202789546146,-0.05897268982816603,3.363186380606116,-0.029376513902845024,0.051023584966672045,-0.07539509802315814,-0.5228181564986458,-4.222209714863436,4.6862868164387885,-21.286053658356856,-0.2507091866638369,3.2003679755039673,-3.0901024993013397,21.283614416273085,-0.6808945792824154,0.3414970033775573,0.006135569772386955,-0.0036059757041705647,-0.939855918961485,0.1011172357316771,-0.12588215527798963,-1.5056661466848775,-0.8956220303041112,-0.46499101944613574,10.3244335217331
1790485851882273693,44.20099999998769,9.411999314228327,0.9957467754305774,0.7927922481552042,0.26970786179280687,0.004442809955934621,-0.004437837786447285,-0.9629217186888182,0.06750596633046027,0.20521549266021957,0.584771515785625,68.06875176556923,-0.011950111747506847,-0.23289806429405607,-0.6182602336975421,65.59686074495897,-0.050491223450445294,-0.014975628511080015,-0.004011698415257728,-0.01922778860106596,0.02707666657965204,-1.475351087190156,0.10027465348430055,0.17052514142096775,0.03303844301707712,1.631707577169548,0.08193927076009927,-0.16817436507194522,-0.037725194307127105,-2.280283548380507,-5.516742479435856,3.0377022876890396,-17.395133899660408,0.007377670079166454,3.8874126187604308,-2.705711075160149,21.300032561322706,-0.72313589953106,0.2704180093170072,0.004429091651069769,-0.004454022751704691,-0.9627225171696667,-0.018803384044226226,0.02220679754034258,-1.477765164592596,0.7334576791355106,0.23856227819614423,9.69317083881707
1790485852002634384,44.300999999987454,9.405585461391183,0.9934973337129686,0.7923604873538558,0.19846311950758808,0.009778685423752874,-0.0016729521555712823,-0.9800581455902431,0.07630793076583622,0.22383229440397695,0.5889797173914324,68.19137163786702,-0.005153107225902064,-0.256094425062994,-0.6211195442708036,65.30418914051724,-0.08339357454307744,-0.025725749637545633,-0.004006812681796772,0.0023273969046610924,0.2029098309364861,-1.4639699768835652,0.04557521860717299,0.12321831185556328,0.02842843441307196,1.0667572176140754,0.022539161902661746,-0.20795785101780057,-0.01121903996084403,-3.251649009948817,-5.069717076937829,5.303417541935985,-19.054194836705918,0.21094071091799893,3.908401837359443,-0.30861997160321986,20.03529393048659,0.3075316487579778,0.19918029475289958,0.009677795519478427,-0.0016991041141972436,-0.9799136000185124,0.003617764540793298,0.197697882893836,-1.4609588833298948,0.8112164585153565,0.23734866554533854,9.65831306313732
1790485852121008777,44.40099999998722,9.398271171672741,0.9920361502480398,0.7916215202244402,0.1257537335931625,0.015868891408208814,-0.0013013167364003674,-0.9919337091497635,0.07583906891015205,0.2390557976559609,0.5933429084333729,68.33652688212864,-0.007865604410476356,-0.26855521975905017,-0.6227385895698174,65.05944486131327,-0.06918214305551638,-0.017822638994333635,-0.00657474462465189,0.024187080160363687,0.08417673887613836,-1.4037368636458305,-0.01669452895005871,-0.15108792365788531,0.035099499708025235,2.795114607233979,-0.03725751712468665,-0.06840287118349858,0.005249504761341186,-2.000728941737326,-5.5076387366266095,3.11046554210397,-19.31515662936481,1.9348983314538113,3.648670141647028,-3.4247902227021383,22.930524105944233,-0.3750962730354508,0.12645004653852124,0.015824704454610556,-0.0013057510677168867,-0.991845884940539,0.023758916346861784,0.08223134749391306,-1.4080310472648117,0.20353684898745855,0.010372695817288488,10.180904859448486
1790485852238721827,44.50099999998699,9.39146145136493,0.9907718126773948,0.7912127858294642,0.05277425333933386,0.01756646640782239,-0.002607731190113091,-0.9984485450840513,0.07024139603238756,0.23246007557608805,0.5960297157595561,68.6181512626542,-0.01602952662193488,-0.26063146351831945,-0.6221923470870148,64.94955177819611,-0.058992492028499634,-0.010727479903024088,0.0006502343252239128,0.05006221846777542,-0.060390339625504386,-1.5212356065526462,-0.05310846405736527,-0.006160611487994244,0.02155117784271191,3.074308535213699,-0.07404396572819126,0.2119814442757386,0.03074768941757087,-0.16670409141923487,-6.524089042324397,4.342039123758343,-20.015406913144886,0.6624039904497911,4.989785316768654,-2.942575853954976,21.85043674238227,0.7822546526737287,0.053534194147349216,0.017593305148767925,-0.002594506000000952,-0.9984076493144233,0.048592768086385414,-0.0576812113994318,-1.5198849724909946,-0.7116954998620464,-0.3187617995223134,9.932376196794422
1790485852356618075,44.600999999986755,9.386176527016735,0.9921040969120631,0.7905585319104074,-0.025321049788647267,0.01270867962477517,-0.006036525992455445,-0.9995803590776164,0.06345588744030599,0.21214581832989554,0.59645881105778,69.02901722997156,-0.024405893753588488,-0.23536903073548363,-0.6249677472323414,64.981063173237,-0.06035895738146558,0.012680086284933778,0.0005460920055016286,0.01921310198068875,-0.09230811765503137,-1.5656274439829314,0.04078701715837784,-0.275684503556456,-0.026910802243210193,4.276347713019012,0.02967864669587958,0.12699499578431406,0.022570659093979085,-0.39573841698524925,-5.420327296497207,1.1045381015533628,-19.055950244353383,0.1266848661772615,5.6225194306168005,-5.359039164743224,21.563028065614976,-1.737225863299978,-0.02453815616434877,0.012750328175732585,-0.0060380388143405185,-0.9995993447930728,0.021712384866092727,-0.09484839930523473,-1.5718191674196205,0.36478205328600455,0.3461431754452565,10.111647117430495
1790485852475144156,44.70099999998652,9.38107686719296,0.9939764735896398,0.7902798790636951,-0.1042469620256027,0.00685638443996394,-0.005996311941601159,-0.9945097310453737,0.06849587532036577,0.19701509183590304,0.5945970998084132,69.42453545978977,-0.021129613414266273,-0.22410890889778318,-0.6252499157963407,64.95427088427641,-0.047262981706664306,0.044002607613844495,-0.004585978747788675,0.08396850014443097,-0.09231013171430237,-1.6039857340791115,0.00732111700267991,-0.10932777648825778,-0.051888815698741445,3.5574016496721015,-0.010247295272227753,0.18766715041144452,-0.03774797618517923,-0.12408671879509953,-4.050114252499601,1.3369124037387552,-21.01026441667985,0.1119766272513516,5.837524621299754,-4.845392414282095,18.874954362614233,-1.5449841712726162,-0.10344877405250211,0.00690185160997595,-0.005964866556493801,-0.9945929498836948,0.08542948134292466,-0.09640734087869957,-1.6121407934738585,0.5071837910680808,-0.09580314380607181,9.965556748786618
1790485852593766936,44.80099999998629,9.37711534043126,0.9984612532658258,0.7919370890093813,-0.1415052261388041,0.0018909954715995926,-0.0063556501946127365,-0.9899152998222306,0.07343305509456345,0.1984474139156455,0.5844200692747935,69.59309587956925,-0.015541422720495975,-0.21876072410445865,-0.6194026216356435,64.97228183319349,-0.029146967618226334,0.060648762252600144,0.02199313914175249,0.07979685712273471,-0.09386993487401524,-0.11468268155792315,-0.0332054111876239,0.08706310039531899,-0.13816366897557628,0.35799414334956603,-0.016050898160518343,-0.05050665128904185,0.043707167458430216,0.4678926373669811,-10.636081651476951,-0.11223212720445647,-17.860703855568026,-0.632879318884332,9.038477129823056,-5.845331753440241,21.451005681771484,-1.6090278578375432,-0.14144808881721252,0.0019427385018567654,-0.006322904082668455,-0.9899235752425707,0.07482615537069166,-0.09996590046764381,-0.12286858226622004,0.9855133030420127,-1.0372035847059826,10.107047182212906
1790485852713744071,44.900999999986055,9.373301871114371,1.0039046689347402,0.7943690516222233,-0.1414506224320363,0.0007401054570282924,-0.007975773975576618,-0.989912905606848,0.07480166280146189,0.20480264869961531,0.5715401010521504,69.58429885227983,-0.012687709332623032,-0.2293180212820394,-0.6132753923561282,64.96506891803715,-0.037111939209750054,0.03819525750713943,0.020551563205199186,0.015386826862812984,-0.00533424286212378,0.041976917507324574,0.013780947296203652,0.1017704628456084,-0.09388072775389221,-0.33078959254617796,0.027403573172527933,-0.13264734394852268,0.05360204347648749,-0.231991310356066,-10.612148453068633,5.452360154959465,-17.851945528368898,-0.006124453404569102,8.291607941588818,-2.207500065696944,21.30521932447067,1.1916687585105525,-0.1414713721760838,0.0007440013120874573,-0.007968519896625849,-0.9899099959124166,0.01338607770818754,0.0016086283551119032,0.04664286378213223,-1.6275698276175183,-0.09936291293944474,9.266351056060115
1790485852833199113,45.00099999998582,9.372518659008525,1.0081630669536115,0.7958606716809797,-0.13944305344988991,-0.0032416597089698876,-0.010535790017237262,-0.9901687349212841,0.0718824131196992,0.2014821006893173,0.5600680433888,69.62385433971072,-0.014508307829571078,-0.22790517890218742,-0.6100454446459653,65.02768651041848,-0.003611083335314908,0.031186426531136464,0.016188276973414933,0.0413480714939053,-0.054314992804090675,0.05245522268948132,-0.0188233915579727,-0.11892401586322866,-0.11846254358830369,0.5563247057994697,-0.006521512184140609,0.10483904210518213,0.06141863117713672,0.7797569886691592,-10.070612042226708,2.489497422696856,-16.911835230170375,-0.6805817411939548,8.622200109853681,-3.9263746986413146,20.933143930420957,-0.3854512848380815,-0.13946880397395406,-0.0032116100228425284,-0.010519191168873895,-0.9901653825984272,0.03996298446711531,-0.05429827712655926,0.051227592075342186,-0.11351841823123618,-0.06972332943634356,9.474643123529262
1790485852951760153,45.10099999998559,9.372512784909933,1.0118075553760781,0.7972100516589495,-0.13693657627565234,-0.004879898547874879,-0.012758055908595639,-0.990485634765845,0.07046676185271658,0.19871633054067178,0.5499020704569451,69.62552301371373,-0.01510485994209747,-0.22690072464773192,-0.6070232858374291,65.05399120882483,0.0010012771505639253,0.035361108644072055,0.011672055046432319,0.018276082946957276,0.0048030097561266695,0.057469139859310535,0.031406536174821906,0.05125397767632021,-0.06912629328497522,-0.44163345914950064,0.03790340512592851,-0.11280038335758427,0.01378344823323678,-0.4022766234171261,-7.791569768548516,2.639541014127174,-17.748378425522922,0.5662091057592138,7.193797554932573,-4.32878278837967,21.627873787473288,-1.658374971067316,-0.13696511262298847,-0.004880659272362967,-0.012748816171881366,-0.9904818043636417,0.021055936353186686,0.006774871498388135,0.055202786232805716,-0.47279471432024067,0.812735744067921,9.771387918397977
1790485853069641802,45.200999999985356,9.372771087992783,1.0138200100611325,0.7983998234598289,-0.13473840164199416,-0.0036832909581022578,-0.011948834991504497,-0.9908023121859493,0.07624464528893081,0.20344809457826069,0.5450424189017513,69.57455197729865,-0.008351055572804912,-0.23847930705195805,-0.6037873859223243,64.99144691615706,0.0018544852638374756,0.005534192708705653,0.015217012386176973,-0.030120742924427873,0.039493835115766755,0.049741979187946386,0.04533085083157277,0.06387849512000746,-0.045799968226466474,-0.7110738563035341,0.056855402739138354,-0.14980974790174525,0.053189800172311195,-0.9476511653703407,-11.052938767345156,2.6049917335090935,-15.134433683885046,0.5419441067921327,8.752003485075452,-3.4823729624266164,23.162000851669415,-0.6619665535071515,-0.13476322427369192,-0.003704588278425964,-0.01196118777397075,-0.9907987078090487,-0.027242622208378656,0.037581489678587605,0.04899856954611099,0.23424485042327536,1.0974948040261796,9.595570121977122
1790485853188578699,45.30099999998512,9.37372807831436,1.0148042556965704,0.7989888287649913,-0.13307112347333033,-0.0016019547736842875,-0.013457506053936797,-0.9910138270323262,0.07422439599700574,0.20296888326730642,0.5410900929893298,69.52813783037135,-0.009409488190604037,-0.24631488532160975,-0.603666163321378,64.92924343100086,0.02210283185548356,0.015178322783731397,0.000307874703316384,0.04388437968531161,0.022836080735056295,-0.005871442274603483,-0.030708152989779063,0.031715167612642134,-0.02373316899379017,-0.4711420781105633,-0.022891186542126567,0.03707775342025918,-0.017984273014789227,-0.07999210721100866,-10.000360239792558,2.822579276542211,-17.94113379335626,-0.38134448495060824,9.426247555054424,-4.154978348515649,23.261358150978317,0.08204873236937076,-0.13306840290055236,-0.001610389844699433,-0.013434236921882847,-0.9910144943805672,0.04759609572034101,0.02362998216706736,-0.007229671458247432,-0.21630041405843842,0.9517383874834847,10.223671352413266
1790485853306343378,45.40099999998489,9.374964452505308,1.0162834737694308,0.7997628036595686,-0.13230386563325083,0.0016893455640636349,-0.014802451002612974,-0.9910972306965542,0.0742517076452451,0.21161461198544307,0.5370876309573608,69.42849913536325,-0.008391729651607338,-0.24543077348414832,-0.6015814789502363,64.87995318141353,0.004201292174054602,0.004146722534827335,0.004436503712915984,-0.050705668579312094,0.09538663855170833,0.07606664569358583,0.08017488784528211,-0.07089239697668716,-0.012450747199944412,-0.4349182815188954,0.08700287235029144,-0.19407295528987495,0.01905845109562976,-1.3869340620547295,-11.665838836268554,5.378055362948866,-17.507589927596747,0.3486654445943629,8.48596189862924,-2.9252153134615044,24.038046456226986,2.382212291266012,-0.13234230887320653,0.0016392855521735327,-0.014821203832225209,-0.9910919018647819,-0.047444256848653325,0.09359037365199183,0.0715323618101945,0.21995053892915936,1.0419838799559187,9.889598828100512
1790485853423430635,45.50099999998466,9.37651866085244,1.0170338953973914,0.8006511958771046,-0.13105550416994638,0.00421113957293871,-0.015157129383546675,-0.9912502118835126,0.07554702698446011,0.20998308404573335,0.5322370332810812,69.37747869842626,-0.005942372219070099,-0.24696406680121816,-0.5982859376764903,64.82681609163137,0.0228267492665946,0.015725562591515363,0.005588334803601947,0.06484640673458879,0.008604370211344645,0.014377932340870321,-0.06593302117823044,0.06821568209627375,-0.052280981974211015,-0.6358761665400768,-0.05418476789086696,-0.11537620591551305,-0.012038192636949137,-0.6267391107216389,-11.660844748001072,4.3522401535335735,-17.603552584348208,0.20686546848102932,8.097750165831362,-3.1161889805539396,23.185746519650554,0.18204606879427587,-0.13106255883083984,0.004211233232034318,-0.015124395769068022,-0.9912497787338962,0.05997673821217898,0.01308410269224986,0.016124796236222632,-0.910063381399941,-0.46201431345341093,9.939614849060309
1790485853541940507,45.600999999984424,9.378735481875475,1.01783563907044,0.8017818136822651,-0.13083919930206683,0.0038057370163910673,-0.01629845109404382,-0.991262316838329,0.07372825136490566,0.21126947248666247,0.5257788631331891,69.3431594468589,-0.006519799353869203,-0.24861110177218357,-0.5948672561368155,64.80045675474473,0.013027004101887956,0.00938692049171527,0.007541417348076051,0.032891595304662256,0.027028887812614897,-0.017132918576360134,-0.03556408794325603,0.038911698506313215,-0.04785781439123146,-0.520979531239335,-0.020317177263076164,0.11915537031799367,0.02417304537217692,0.17561481384682737,-12.541577963413202,2.6127721738312535,-16.238165774243534,-0.3165423236137309,9.54176553927794,-3.3724871528847444,21.638778531209788,0.4914660553721185,-0.13083086533546595,0.003794352791391837,-0.01628041337294332,-0.991263756879507,0.02766463259779005,0.025086017005879757,-0.01768021169452008,0.333079748816703,-0.6625191547145561,9.538493438689228
1790485853659089993,45.70099999998419,9.379935562042583,1.0188888953657882,0.8018522750157359,-0.1301444200789504,0.004678631433810105,-0.017286980077138647,-0.9913332944323175,0.07310066282267445,0.20626346559385716,0.5235715400832537,69.33792940162746,-0.006081696921292883,-0.2420725645477512,-0.5952831523639905,64.81147104398265,0.0018857893437011467,0.01826653354953872,0.000609568956701287,0.023988286661807166,0.05540624681116026,0.04187193477300939,-0.0062672114200700004,-0.11921517684102291,-0.03451581859174984,0.03480883833760299,0.0014671325449102813,-0.035197530654859914,-0.015144602545536383,-0.38265383250222884,-9.613354859012306,2.9421311073167047,-17.053549884898292,-0.3901475787013485,7.428498375277786,-3.917119626430374,21.15473644765619,-0.5880030989313807,-0.13016559729980953,0.004653091292546154,-0.017271386513249352,-0.9913309060192343,0.020302269617621126,0.058159443996668544,0.0410668694535783,-0.4633228715118535,-0.44987825226628897,9.531156395507233
1790485853776136050,45.80099999998396,9.380912192861665,1.0197952381673667,0.8018729345806535,-0.12831074096016065,0.004327772387063073,-0.017517627550744718,-0.9915698446732907,0.07390327018254035,0.19796358094119595,0.5219027178133431,69.36288136334156,-0.004410328413835046,-0.24491277985353976,-0.5961587402412132,64.80543074642216,0.021880460324969608,0.004948026501375718,0.003488643001216436,-0.0010630178170941383,-0.07527054917632538,0.04576039920786865,0.015982636866640802,-0.0945216794950264,-0.0301102593536667,0.5851543033217927,0.02544976411505161,-0.014806675611399187,0.005498774620607614,0.30745687001113237,-9.659833582478619,3.9009433246524954,-17.079682096765154,-0.23421792731163604,9.234388123517075,-3.489794077298645,22.760777073133383,0.506319215331653,-0.1283327711711732,0.004365422994743214,-0.01752288455162765,-0.9915667357483281,0.005119553294678206,-0.0707150563172274,0.04700433255668062,-0.9335714789777948,1.4685674836722118,9.73670795448902
1790485853893485924,45.900999999983725,9.383021228785335,1.0213739654572047,0.8019838192177039,-0.1267140602035126,0.0011555451571652322,-0.018014973382630004,-0.991775010975854,0.07455021938486976,0.19357400124142532,0.5190461373147931,69.39528440518404,-0.0027960629589495146,-0.24000952723694038,-0.5968734892389502,64.85730797941473,0.012629682033414203,0.012549007468716209,-7.377315435918411e-05,0.010311970882085231,-0.03509579711939861,0.04913124233840981,0.005997141383096973,-0.045110583836258114,-0.017782648178414007,0.23065737500521688,0.015633420612525407,-0.09709219994296667,-0.01929281621960428,-0.15239583134531748,-10.031475003919383,4.342470213620527,-17.676066065364456,0.15390537373854146,7.745441949784708,-2.478810942086427,21.94788272207521,-0.07524139344751948,-0.1267381016303863,0.0011740446087681242,-0.018012054975454172,-0.9917719703086719,0.008935993407840848,-0.03397105410877149,0.051303244112912,-0.3219592491007458,0.07369400285273409,9.840181838276907
1790485854010970587,46.00099999998349,9.384947258392453,1.0224974368372042,0.8022019632557893,-0.12576800556471038,-0.0014098850396733822,-0.0174194371227703,-0.9919057335305481,0.07763784895495136,0.19058045693490247,0.5167731497664382,69.42010812482853,0.0013495094802645634,-0.24018225787675965,-0.5964740582048397,64.87838246988137,0.018309271772055602,0.0012157700211868979,0.004994463560661034,-0.026307114962019984,-0.042582634941192854,-0.01624699476699371,0.04086504758350474,0.010868901773732884,-0.013643505589013356,0.06873483933490628,0.05293066312574678,0.13716407811000533,0.04189874553841957,0.5754091454795406,-11.583974453765,2.2414231604778525,-16.051842582447215,-0.08409062761804517,7.50069541082714,-3.9498383735556124,22.80332050038796,-0.7285063124324582,-0.12575955834977418,-0.0013905618627564134,-0.01743515051915694,-0.9919065557539929,-0.03337544095376029,-0.044709025627463324,-0.018659623489446695,0.37085773400921695,-0.9495723236223457,9.886070347030246
1790485854128617508,46.10099999998326,9.387020532467512,1.0249169462127825,0.80250745501562,-0.12527113563188308,-0.002714502311155824,-0.01969911366766335,-0.9919232424817003,0.07516268237900366,0.19411659606825188,0.5121433200207549,69.39248218719473,-3.5211748623229256e-05,-0.23946499822251596,-0.5978328525264497,64.88688997726487,0.02827726258358787,0.028221144960693022,0.002495949319395105,0.03537375855170862,-0.03687086704008126,0.00846884241340889,0.005602886344413386,0.06680426481192443,-0.03982034072119399,-0.32391596878480405,0.01601911601229205,-0.05740248429472493,-0.018600881254810308,-0.1161721334465457,-9.640830385324826,2.072985550863944,-16.64201617993223,0.8240047745153879,8.734553403393612,-3.8803305078067036,21.61618210310335,-0.18620371890027757,-0.12527502066006554,-0.0026939167054568307,-0.019683890556458115,-0.9919231101572168,0.037808207912683106,-0.039648370844861405,0.005998917802029502,0.3608489848062404,0.646525209287223,9.61172296182513
1790485854246513786,46.200999999983026,9.389223771140088,1.025983645674253,0.8026613844844623,-0.12420784601521105,-0.0027625218495011907,-0.0170736234724202,-0.9921054736482481,0.08493485619884449,0.19353088884046007,0.512460030832928,69.38207620871638,0.010934958899771256,-0.24414251243424392,-0.5962572555243583,64.85527382426288,-0.020505474416988877,-0.10814935887450207,0.007965983322791439,-0.5086003461141531,0.04537484254913052,0.02744412318487817,0.528217377172618,0.12582505484150694,0.2591739885431263,-0.28975403864625293,0.5438946236293636,-0.13130950595306692,0.23816361350032242,-1.4698891121411757,-7.22373887119922,2.8912013583663976,2.5849761178521073,-0.5885378690588315,-8.642008537575665,-5.586714695081565,43.580473100771975,-0.3292236587273858,-0.12422114053435346,-0.002816381864872425,-0.01732313545704316,-0.9920993323329436,-0.48991534121455776,0.04100831848555646,0.025292106672408193,1.0004595665178975,5.843375084614403,9.877637207619921
1790485854369196412,46.30099999998279,9.383017660646571,0.9949149868814878,0.8009495501071404,-0.1290107724212819,0.0005657057015741645,0.01847518904856412,-0.9914709113059965,0.1095813034406792,0.2645230020142238,0.6270305665298649,69.35196247497619,0.053798504839630314,-0.25154055417291493,-0.5649057961640046,64.7343167871932,-0.11419742107222298,-0.4641938918123391,-0.028521879725626652,-0.6602868823456823,0.021720617571656876,-0.13217214276323255,0.02160031097460151,0.8021027482241879,1.5110669975655149,0.2762442533510603,0.02769305349191463,0.06117063557198374,0.37327475495025547,-1.0489942442507159,8.363032613554537,2.119342509577752,4.5299348677615185,0.1568519619932931,-32.36403630000034,-3.814228945067102,44.43380967559655,1.4088874762818522,-0.12894522880280151,0.0005135668825199138,0.01814922409952339,-0.991485486471,-0.6628181570449954,0.01969409335630821,-0.13359439473690538,0.5292713089273612,2.7225849118168846,10.482478397731906
1790485854489210827,46.40099999998256,9.367151256115132,0.9388214547944403,0.8005596208219001,-0.13508805851622008,0.00687982020122415,0.03643296219913472,-0.9901396486282701,0.12661457092800768,0.31344676142126193,0.7212305975690113,69.48389468643744,-0.004769153398998005,-0.23966109559864698,-0.520417160378146,64.61080452189249,-0.19618206048408057,-0.6705755289780627,0.04860297159846919,-0.021702290783209243,0.06987217995069729,-0.14822553818071618,0.25312480931765335,0.3757436989713868,0.5277491760108262,2.259898066591052,-1.3408524905616275,0.1998428628794799,0.7318755213399518,-1.6030655418407864,11.883935136357172,1.2260544126682484,0.7666163514652291,-1.3650553524845976,-37.395699444965985,-3.1317170567379633,46.92694808866936,2.19427099399626,-0.13501347789245088,0.006846462857462646,0.03642642749146144,-0.9901502926899209,-0.04088431774489055,0.05314575132773067,-0.14537590600362474,3.231343788747523,-0.8960688006565126,11.984090228454432
1790485854608251273,46.50099999998233,9.34804116324433,0.8695050424104336,0.8022602238832948,-0.13901483273531856,0.000939697666509189,0.008846600338831537,-0.9902503374956823,0.07723951614076865,0.25211939048880266,0.5251486698255058,69.57604785861963,-0.18320673368388213,-0.2540032724376484,-0.5077934857782317,64.55730169839191,-0.15086864635948802,-0.6517214641642447,-0.17441301271757736,0.6020139078670594,-0.19247479695978925,-0.05330963156424791,-1.8373278252778371,0.3382636706354754,0.1818866192889476,1.4362425387722997,0.3120360317638748,-1.489319424228303,-3.015308828920771,3.51738571729175,-5.2833533819636695,8.664634262852896,-41.42318835641594,1.9544723242112623,30.20848187017165,1.6198891446690795,-6.942522829017325,0.733266951611083,-0.13898899932282877,0.0010770769691301762,0.009131268653576542,-0.990251239789791,0.6342878962893417,-0.19370785411850877,-0.05407405591519492,0.30577457912259454,1.0831942155495908,9.454710577547099
1790485854727540996,46.60099999998209,9.328949205092876,0.806580783952457,0.788015629133551,-0.13864010955846257,0.0018169451155518048,0.009434140196138547,-0.9902962262529447,-0.017267103578015246,0.2882879626162843,0.6747860098505993,69.78617829877193,0.003820186217167345,-0.27733726595858665,-0.612010558117513,64.85881295849443,-0.2709133813088521,-0.8103036751342023,-0.07488695508848744,-0.6220006437873047,0.1180200488243407,-0.15783444422407636,0.630095660799948,0.18556587883099676,1.8550734647783886,2.137108656590959,-0.6314056963729449,0.42697993815999186,-0.09256581672600811,1.5106149707658332,10.342403993461113,5.787375062193882,9.669427457831723,-1.7155060037105185,-39.016277225323165,-3.101335370258577,62.10156721480141,1.9821197492667415,-0.13856195911645305,0.001716135013600879,0.009134195022268747,-0.9903101558843673,-0.6162450707032595,0.12140505902767093,-0.14567446534029227,-0.3898984896886289,5.35591206096999,12.613966082640857
1790485854845567493,46.70099999998186,9.300999480509333,0.7193172795669898,0.7881866486175899,-0.14893116903917897,0.001798434911704895,0.011147018692406547,-0.9887830988112424,0.0642407637422319,0.2648636844660746,0.6630407676478196,69.59961945628034,-0.1612996487959339,-0.23724650640977435,-0.5653113594202365,64.89471460660519,-0.17820274360710872,-0.7876645281342276,-0.11416793464374472,0.7706094888175291,-0.43054118087347365,0.058408814992155784,0.24900643168420417,-1.9645685758868061,-5.538321508173227,-5.096543018809981,-1.8450282553270738,-1.4900376264716484,-1.5140684289432207,-0.5639288044214683,-10.14822119561969,2.721787277141548,-19.332275227300293,-0.5669673955480126,20.364294534040937,-1.6334972540943293,-14.662222523289152,0.11266739250423696,-0.14896173797302165,0.0020683489924075474,0.011495992431242741,-0.9887739704859363,0.7645610350836538,-0.41008321563082106,0.05202815254461133,-3.7377289067340307,-4.241624123091107,0.607435982385107
1790485854963071335,46.80099999998163,9.27830466056409,0.6475857959568547,0.7764903451897638,-0.14785616084586026,-0.0007870079371183929,0.010539014034027058,-0.9889524081074985,-0.0364875469170071,0.3118766607359103,0.7119232945919193,69.53670562920769,0.030802528455283043,-0.29268642676333717,-0.6570459963023632,64.96803950164006,-0.22411941282327916,-0.7083318398438937,-0.11872222388636343,-0.1379031416157404,-0.06125568995191293,0.07346454687285349,-0.6414565671090122,0.839391316816879,1.5087244955837669,-0.6921920760926672,0.3776781037690641,0.6737989220142537,2.595959921340825,-0.8539905993897564,24.08840402425031,-0.7821769955671174,6.5356142229169185,-0.9785410173507001,-41.91192170698654,-6.811026899650923,40.82441577690514,0.22257893526349698,-0.14789275531736684,-0.0007673004898156831,0.010466266750849334,-0.9889477243185787,-0.13485680914185924,-0.07040001009237642,0.09191368912427574,1.6385402348304616,5.3242605887043934,9.312538920142032
1790485855082170540,46.900999999981394,9.245360854041303,0.5586559247231561,0.7749850449519121,-0.1518454138845454,0.007339441209147797,0.01766251310104967,-0.9882191753431641,0.04317967942013496,0.3675773768755587,0.822313409479169,69.42554466314294,-0.12288638156424979,-0.2894776674119672,-0.6221290013510193,64.86844860772239,-0.3228862916780168,-0.923925980556362,0.02552586575454544,0.5743588311363624,0.009053297851263726,0.017969058720597283,1.248978501126575,-0.21009640008947109,-0.9940761464913541,-0.6463974344144054,-3.2313983336584524,0.22070205762246717,1.3143551540734395,-1.153829272360746,9.982111507327929,2.343649668869913,-5.977042555937765,0.6523486190741156,-26.69436131835907,-4.713375845899988,36.881738298869834,1.609315005824538,-0.15185209861103258,0.007378415772170922,0.017947061865441254,-0.9882127311963329,0.5529068338193469,0.013473192508487133,0.018102986348472256,-0.8086870692590519,-1.5314762487739662,9.319520778218335
1790485855200864890,47.00099999998116,9.218275283833325,0.47425747606172874,0.7712777591668127,-0.14876268854423666,-1.341305456768084e-05,0.002800287213488829,-0.9888689603323091,-0.0037961392740582106,0.31423962154582236,0.7042829175831238,69.60646638157766,-0.12083125379539128,-0.33026737851375004,-0.7262024571401554,65.17369221884135,-0.2688519675802673,-0.7238188709640532,-0.055789840489505846,-0.3158581470390645,0.0854018928796653,-0.038239535094868694,-1.0034782690933208,0.20158371479091747,1.190374790349429,2.010433901502981,4.3368139619949755,-0.24050844582922998,-2.487597591376659,6.525751009287185,7.5344094126992385,7.197628948612991,-37.67674322994682,-1.6755286401283216,8.340586959274127,3.2561050386818233,-6.474226168533695,0.3882036732128529,-0.14874365788843552,-7.907910733544441e-05,0.0026504685814923894,-0.9888722329000652,-0.3116788457124296,0.08012639951186847,-0.03218949373460648,1.1160214143780742,-2.710008677980193,7.717013572045966
1790485855318498571,47.10099999998093,9.191536497321088,0.39807636974123467,0.767135561110176,-0.1511356413791481,0.000735274113918082,0.01637136394553372,-0.988377182921304,-0.024211145655459013,0.32538740512154707,0.8047822280615345,69.7351485232072,-0.004829927278338595,-0.2902826791340951,-0.6954952379167131,65.42858359156232,-0.3282778712036951,-0.9079315386067743,0.021092843523910287,-0.2737175914617233,0.022507658150589263,-0.27859980418789687,1.2142789511624261,0.30252215084636797,1.0003422711145833,-1.6007153101223837,-1.5312298972831544,0.524090194312378,0.3199492147705524,1.2372724302183378,11.727274020669293,-1.4125927674348184,6.008094837232405,-1.266762181746059,-37.0505891667715,-7.3995736320794165,52.25910966649879,-1.9836834315245742,-0.1509978740320782,0.0007057473596851257,0.016237693953270845,-0.988400466032638,-0.28779404517630863,0.014923213274425534,-0.28506114697871404,1.6066062682668194,0.3993137918890162,11.418713696829967
1790485855436609597,47.200999999980695,9.16182131291352,0.3087331173065159,0.7678912130055826,-0.1563396761780943,-0.007398871565816865,0.0024320591417275523,-0.9876726418406113,0.04541053570613738,0.2869294043473992,0.6814963862988371,69.45159857880049,-0.1731941891316109,-0.29740383196548326,-0.6861087259777671,65.4422867342737,-0.2681216519885356,-0.808409813709484,-0.039165270392137526,0.18227309721697674,-0.0905745702970795,-0.033678453363507756,-1.6864838584407904,0.7826839880913544,1.1372680832070585,0.14336004982349848,1.1988658318130299,-0.7655150430591611,-1.6611176041353053,1.0754967878796553,5.020725199851034,9.078533166428256,-54.3796818401667,0.6793292605382324,21.53901684115552,0.026135010937915704,-9.565639352654028,0.4472177649270547,-0.15632382815183715,-0.00733985330150109,0.0025151165961540154,-0.9876753826505829,0.2031083811716768,-0.08216632591443838,-0.03580994002720784,-1.6555191936434135,-2.1574265995102344,10.761482643276457
1790485855555579054,47.30099999998046,9.140230423998135,0.24947697972516125,0.7680723045528465,-0.15301764938771548,-0.006288831255657451,-0.009070895940722488,-0.9881618128748595,-0.10565127240606002,0.3019586817407491,0.7296345070625232,69.48176100089744,0.09126339984623236,-0.33001386634124447,-0.809382043957853,65.59063263439067,-0.13246614259124603,-0.35622774911884797,0.10191158709940366,0.6606344736294072,0.080727962227666,0.08866589258517599,-1.619083739446359,-0.738502000589726,-0.679909412576793,0.9334045079057398,1.2421255775861801,-0.0711829998417798,-0.5211913902060676,1.2959349287141697,43.489543147789725,3.4705145352001785,-53.29144077600035,1.7321159528342394,-19.383256810701035,-3.0712979255847075,-6.686573764167302,0.5367349320357374,-0.1530638923353998,-0.006277770539556654,-0.008738590957154454,-0.9881577158977577,0.6578156841313382,0.07459535411331784,0.08866384063888415,0.864403402388694,-2.7919050472067353,11.677795648590306
1790485855673346664,47.40099999998023,9.133543925276557,0.22042347528567663,0.7769820788469394,-0.15478958117537564,-0.014480235696771203,-0.038553741337279346,-0.9870887079501087,-0.24305975224346266,0.22378367177962907,0.6521820164761586,69.63997365149629,0.02939657137164616,-0.3616292490965424,-0.8569826126028659,65.70431127260326,-0.023096060061197226,-0.2714734745915049,0.06168468416767982,0.29984870729065355,-0.18228674971815378,-0.10571491756750905,-0.8708665113192888,-0.5092041660928575,-0.5801787160574878,1.352702833436636,-1.2356129849157178,-0.46892012095393243,-0.3196658032021928,0.5176884364539351,27.878771179719887,3.5503059954995244,-42.91046812447115,-1.662875640999629,-2.553188109299363,-2.506678458090649,-5.14529706536427,-0.03533919808536601,-0.1547360605980689,-0.014369099983039127,-0.03841909471057742,-0.9871039730838322,0.31014095472154446,-0.18467973172263535,-0.10654523267382025,0.13415644313763858,0.7074972104585893,10.170070491279976
1790485855790920276,47.500999999979996,9.13333839905338,0.19737646391092023,0.7836275413094012,-0.15813690757976132,-0.01916221322405422,-0.039485831142062645,-0.9864412791365166,-0.28347503856900214,0.19627047041175727,0.6113594127485331,69.65597647802382,-0.057730929128900314,-0.4003310681585144,-0.8683640709032732,65.74763677311749,0.021600724059670687,-0.17259997553712278,0.05512785099235916,-0.09959413209142991,0.019404963233090995,-0.02834840109591144,-0.10771204235485222,-0.029833282680929187,-0.21188509785610865,-1.112499040359719,-0.5045735547490422,-0.260052291204539,-0.018193191597833884,0.42160416908396975,21.172562407359415,4.867873900228474,-36.45235665590026,-1.2610469847945058,-0.47398320197857824,-1.0471589504657328,-5.232689419860491,0.0512022909157788,-0.15812235423240342,-0.019180218559957347,-0.03953314703929375,-0.9864413670326102,-0.094590082930985,0.021808683691300623,-0.028194245896703735,-0.8332782503410813,0.12750123705084257,8.425728613839748
1790485855913911178,47.60099999997976,9.139507643651958,0.1849106772029584,0.7855038148044451,-0.15969379816656956,-0.014670864965426921,-0.029892605541751577,-0.9866048290385705,-0.2700310433160305,0.2010431345879275,0.6147934137744212,69.52969666926498,-0.07387572535293588,-0.41262895386700776,-0.8681070265278602,65.79538991852976,0.09412947914207563,-0.07041219906054176,-0.011282504522025937,-0.2775931870769255,0.13546943724099714,-0.03268904748704387,0.34027410685336895,0.0834340946981744,0.23743655627287813,-1.5214508826191115,0.10682049207200706,0.04033742637155423,0.004049753811181465,0.4950603040249065,21.14835452718498,4.283842504231318,-37.71587250497815,-2.10510450330104,-2.6591933192087045,-0.26362812398150376,-5.283008495552611,0.01160330612505897,-0.15967765915584686,-0.014760345724219621,-0.030018485967400386,-0.9866022845406532,-0.2833603692033319,0.12814060642871156,-0.03042841131700883,1.0229882165327129,-1.7970633374555822,9.096007027389494
1790485856033428909,47.70099999997953,9.154357592857085,0.18303183341684076,0.7817221525498166,-0.1604721015876779,-0.0073971727759287115,-0.0127995655007733,-0.9869296619161617,-0.21222940591503867,0.22670406639346719,0.6573742920880062,69.35246408748088,-0.029263910425459713,-0.4104350634863316,-0.8685575726732636,65.84918213077746,0.19735979715070007,0.04537357090810993,-0.0620838934147919,-0.40281506926108157,0.08151219015807686,0.01501073445299128,0.7788412298361025,0.3360537196056282,0.560941630775626,-1.9485416688662447,0.7635028618003231,0.039950921956925886,-0.024659710737744284,0.5926657745832811,19.95942750154767,3.7324448916800423,-38.74237115530947,-2.0315723281034987,0.3003021530526857,-2.0516210108643906,-5.2133096149173825,-0.009600750088423982,-0.16047853727857683,-0.0074696202430888274,-0.012991855601148709,-0.9869255572404598,-0.40107043250385516,0.08123094552684547,0.013033098872819877,-0.22405849004409806,-1.2444309593409564,8.839211708633206
1790485856152448095,47.8009999999793,9.175216995257767,0.18994987641068337,0.7790677527776263,-0.15703461671649513,0.0017242259572301404,0.008630800636898792,-0.9875538797847532,-0.11696034215221161,0.26768072930924736,0.7105006136594967,69.11753926109553,0.05125290799443304,-0.3140574749460133,-0.6312685683422007,65.78539998581824,0.15657571003036666,0.03134751020642429,0.00840475443143072,-0.26919073643731006,0.25056472719948414,-0.08700251084556412,0.9001603934311395,0.7672837452969761,1.1321695795335074,-1.1989128276552086,0.47705940471782454,-0.3282641009050907,-0.6078278490479738,-2.3447481231870584,6.485167981956012,3.339819359590448,9.542070264445872,1.5696454487664164,-42.908823225521445,-5.13708905056609,60.657143051801924,-1.7724699458985362,-0.15699080486553413,0.0015797421616705286,0.008517478967366383,-0.9875620710387857,-0.29565472090085715,0.2518311309276189,-0.08325027443949194,0.5284667224233028,-0.5563857816184181,12.862701650539556
1790485856272637529,47.900999999979064,9.186896471350309,0.18646972339582782,0.7828624586747792,-0.1620164512451308,0.011615671532250134,0.0016913466190015929,-0.9867182399486708,-0.057547678401206975,0.2795838092735057,0.6479022937652924,69.09514118944467,0.033210446349317496,-0.34850227908780557,-0.6607024092920919,65.47878759824474,0.15919500821665064,-0.021248675902097693,0.0037645548900303665,0.5071274692568396,-0.02564474656138488,-0.13264827553310404,-0.18267770146920204,-0.6174168705642413,-2.5830750183179516,-0.9667866424050141,-0.6943572405403154,-0.4174061927040763,-0.3646949869983984,-1.5900794686838027,13.413189348456823,1.6709402998561123,-35.741494756612,-0.031953801943550075,-0.47832852897443434,-3.433916263906242,-3.069907377208584,2.495300373532575,-0.16194807880540207,0.011669516874867591,0.0019386946850646163,-0.9867283737736865,0.49105917773683977,-0.03576231178515453,-0.13415063827197454,1.2809079736469149,-5.530085818219142,8.421709592121871
1790485856390762825,48.00099999997883,9.2036481237217,0.19339397816085308,0.780640416717728,-0.16493318217289457,0.012570905886076109,-0.013375449940759569,-0.9861339235024871,-0.07342503370485651,0.28572348089733945,0.6669323254495263,69.00899474228376,0.018988502084990356,-0.35719539965291514,-0.6605061121636004,65.47576742613289,0.1503204805492343,0.0525363372772284,0.06463047379508778,-0.0828125439201251,0.025745983882004022,-0.06406365027994743,0.32512130804605893,-0.1389519332864521,-0.1776754666733989,-0.945014732550089,0.2763004787274709,0.3000546264820449,0.43978867963163476,-0.21998024243853714,2.725917490167563,1.7270806762238058,-10.514420746087767,0.29286242399141416,-9.17912142761579,-4.972373908587961,34.08971401839415,1.1533839715458067,-0.16490228696024756,0.012550953665498837,-0.013414561536264413,-0.9861388131780217,-0.07491186194871705,0.023408801679220655,-0.06423157680544408,0.7154922985680335,3.312251819219247,10.704760546911961
1790485856508278897,48.1009999999786,9.216894447117124,0.19642894466396316,0.7867233416526338,-0.1677939802453683,0.01102452071272365,-0.011778286326169271,-0.9856900689911062,-0.054185318174939295,0.2627038990465473,0.640141000048973,68.9759938019001,0.03503416289290882,-0.3399808395843089,-0.6614668005946472,65.48291959378912,0.13549537873938663,0.052562078921831325,0.060689022602484356,0.08758258104156962,-0.10383305881991835,-0.04926823139728058,0.0733420212154991,-0.27921175015351823,-0.3476299238626773,0.12411134297839516,0.031696539089560646,0.23473851365826304,0.13894872292263122,0.3215242976389826,5.849960545504373,5.0266176437437755,-20.946926548000295,0.7304450032353813,-5.04762543040203,-2.1479693826682382,19.235740590098928,1.1804374876398593,-0.1677686039385209,0.011082752058624214,-0.011744104515712946,-0.9856941433063565,0.08943178479271742,-0.09836440038095252,-0.046954390660429085,-1.0073419596550781,0.3841705945104534,9.342665444327348
1790485856627658170,48.200999999978364,9.229614123619529,0.20073218020133687,0.791901573127948,-0.17078174432604418,0.002675321615470971,-0.0115186531453271,-0.9852379200421213,-0.04002284776807541,0.2514046014740566,0.6129152017387458,68.98177342844323,0.04501164754808615,-0.32650602378617866,-0.6446632642419574,65.50823280738301,0.1109812942538456,0.05282641700644679,0.04022204165770699,0.036606468923333454,-0.15535059531668663,-0.06571729741828057,0.12884931233614505,0.038875126766802735,-0.22707905348478827,-0.36791647265254696,0.08933889820931926,0.00023732061243227423,0.12507224039636464,-0.1124548923066503,5.022455432448224,2.324135209340109,-18.67300042861355,0.833721939672526,-5.608315149078424,-3.4642531506927434,20.77280182666975,1.4436005359436694,-0.17074842642152135,0.0027545976250438874,-0.011513973492063801,-0.985243531052563,0.03607595929965058,-0.15785965383973377,-0.06709690543639897,0.43357293481879483,-0.04945145627128306,9.514056906822283
1790485856746915223,48.30099999997813,9.238832537966447,0.20643720975342,0.7953103807529062,-0.17328443887487285,-0.002721238425729358,-0.012705118725463913,-0.9847861077733694,-0.02905457353725209,0.24405489471960787,0.5920231551816982,68.97732476511447,0.0526309064128716,-0.31825797207363427,-0.6338948749689853,65.52098283581878,0.0820420941982664,0.06790176777784403,0.026619758882623915,0.08351309974434203,-0.084151729224296,-0.01293014641825119,0.056508035906052086,-0.05320002157104881,-0.19196726475183667,-0.14531589257970215,0.03005028110164005,0.06116948222869566,0.061116359239668516,0.19958926738156946,5.384841784397605,4.303196634668054,-18.180459555075245,1.0659549271477002,-7.12480673104324,-2.1990756280265686,23.032039692796705,1.3646730110006826,-0.17327765090318636,-0.0026726490731862284,-0.012671270932256827,-0.9847878713394912,0.08314932960265321,-0.0856570804043738,-0.014714518795093352,0.43522155649452876,0.2016989052461434,9.479074737812411
1790485856868007907,48.4009999999779,9.24597819534424,0.2117844674861928,0.7985128042275025,-0.17400161471612544,-0.00765623708204361,-0.014610726648310403,-0.9846072043087697,-0.02243643398802706,0.23555862653878035,0.5717377711034907,68.98220294939543,0.056440666941290234,-0.30773444736147476,-0.6233757944197118,65.55512128419505,0.06790251895813383,0.05329444933040641,0.02447724212221194,0.10464411551427927,-0.11312839369164457,-0.02282177047647455,-0.008773362939613547,-0.02409057065953101,-0.18624354906107946,0.011321098367739396,-0.0363362580986386,-0.04801476130768606,0.0468203232221043,0.005768407709875516,5.624775150633329,2.5595457869817206,-16.776132377582783,0.21291869841001,-6.536815893413886,-3.012113037018933,22.37486721318385,0.9068892651163147,-0.17398995309452348,-0.007591606141952251,-0.014568964826160352,-0.9846103843664475,0.10860174472595678,-0.11717418514730854,-0.02296471516946689,0.8490571949812542,1.1424204319034437,9.736814506671957
1790485856986280271,48.500999999977665,9.250317793340733,0.21536431150132282,0.8008396103232466,-0.17485951591347856,-0.01009053294623659,-0.015878003083725622,-0.9844136426611724,-0.017231834662828148,0.22679246952831789,0.5568962855474637,68.9887087465605,0.058690011274168674,-0.3020158574231169,-0.6149850395837684,65.5613101701081,0.03588311852919442,0.04058890383555067,0.020548088352176787,0.06550816593560806,-0.011075423212059564,-0.0463462644172457,0.01103283730359535,-0.10489968581104624,-0.15268344892932859,0.029288249368315276,-0.02271204504686809,0.1285319360949024,0.06315856917665194,0.242938372230729,6.052631018593608,2.5804540166265526,-18.309609010641797,0.833460173430619,-7.037553135856431,-4.659463368608553,21.34274655353751,1.6271779076575237,-0.17483694640091907,-0.010079722119081464,-0.015846493996900697,-0.9844182698442825,0.06658588473234853,-0.011878857704709004,-0.043957889408546925,0.29211961164404215,0.5320653333687588,9.74562324154864
1790485857104261799,48.60099999997743,9.254293037766574,0.21791411130626173,0.8026660305416676,-0.17242612371878954,-0.01346700587148634,-0.015796136256518423,-0.98480371328074,-0.010652697931829685,0.22294408632708804,0.5460865430085188,68.98969593592201,0.06269564470001875,-0.29807038187077634,-0.6076397732542304,65.58461786981911,0.023338689604974237,0.01974347970783135,0.004048996431872902,-0.026889901427944077,-0.0259040170769585,0.3226154770514879,0.09919696160416411,0.08577391902936579,-0.00472871266870885,-0.7248308290104366,0.0907911132762325,-0.13430387048866713,0.020779691290895973,-0.184770735581703,2.1679406889845003,-1.5690296435814437,-11.5727003295869,-1.9074856227109682,-5.2711817429062355,-7.22156833605881,25.087882333704968,1.64181895677248,-0.17258459224972528,-0.013454020729604716,-0.015813782282455523,-0.9847758486752836,-0.027345649852535823,-0.027251247325790068,0.31601479676311295,0.49639708885456035,0.38375426187123435,9.211857307144214
1790485857222425985,48.7009999999772,9.25625488249438,0.22114747570166599,0.8028552697115986,-0.1443074294234188,-0.013491481987237815,-0.01742260729162243,-0.9892875206339937,-0.007984743780709916,0.223454133387845,0.542762929428977,68.89964391139162,0.06509604249553402,-0.30071200965677447,-0.6082808599333054,65.62304287607517,0.006396044631195953,0.01100653924895784,0.0007467967022594575,-0.08142686467381856,0.04221352156820514,0.7098627848184886,0.16072753851805574,-0.003363634403660609,0.0350817392544344,-0.9538278593057979,0.16022368664761721,0.025313774115796044,0.04689720873721006,0.47679768870684736,4.153921415660904,1.054796449981036,-12.976251195411201,-0.21417933635738545,-6.825128663664895,-5.613970563919901,26.712847458528515,0.5294281896431583,-0.1446583678219819,-0.013512053198351259,-0.017464626153615423,-0.9892352439489605,-0.07417473780226194,0.044436349578879736,0.7066233400425165,-0.17758761217343397,2.015339574631715,9.762706752831166
1790485857340175715,48.800999999976966,9.25658765883941,0.22173495214281017,0.8027710555536763,-0.0999517866488725,-0.01281731257388523,-0.016804789257475347,-0.9947677899399902,-0.004582678158147435,0.22357955196006407,0.5441459213726876,68.78488471365391,0.06973547943781878,-0.3094986741566884,-0.6080684359411341,65.66359714635037,-0.005024741006162585,0.011137116504372825,-0.007494119446711605,0.0614615287576518,0.054726248398183575,1.0559756238855238,-0.05148337048922696,0.009700304813379343,0.015244998505564194,-1.4710010306462586,-0.030675906618961638,-0.09445809174414112,-0.05519727222268456,0.582753145595381,4.465606745500122,1.280594060102444,-15.64000009670695,-1.417466222424063,-6.1660830211519375,-4.045992904859817,22.362832514294887,0.1687160909672631,-0.10047785159398014,-0.01283258641164267,-0.016778249319249157,-0.9947150428212221,0.06201433800546793,0.04991817785600672,1.0540275271654007,1.2990659351771272,0.37857962782054294,9.793301424859195
1790485857461467557,48.90099999997673,9.256356559547422,0.22288062321345267,0.8015766796399447,-0.04242280599671995,-0.012204762964010104,-0.017049330207145164,-0.9988797072880417,-0.0026619315329489152,0.22591403871629287,0.5498389740091768,68.64462538986658,0.074125808964113,-0.31559655159557876,-0.6133297242449105,65.75587580763192,-0.010236491496452274,-0.0073522517613249915,-0.01449951330964321,-0.03583927694791696,0.04722585880578137,1.1916500650682162,0.05526543233244661,-0.014320898002252166,0.10322794280835246,-1.201742405178301,0.08593293913038448,-0.05615249247481215,-0.03356157263320363,0.8768869806411854,1.5047078957794568,1.7778796927866285,-10.06900004702496,0.3798982771645747,-9.128077395214415,-4.321819004691617,28.730453017014458,0.5183839117942755,-0.04301813982634639,-0.012218949051046857,-0.01707349691170197,-0.9988536592680501,-0.03687384674527614,0.04742733498514181,1.1902654173124751,0.24160878376024658,0.854709890903122,9.539546075341697
1790485857579920239,49.0009999999765,9.257428917920162,0.22056452584251407,0.8005608384699403,0.01783967630792127,-0.016346045306207976,-0.01775861556464281,-0.9995494906833288,-0.009899895939460172,0.21795839922688992,0.553786347673829,68.58778860869914,0.0704874572189293,-0.3145426975719077,-0.6180030592246527,65.92817559140829,0.013286902666939477,-0.022666098452678144,-0.007045646202112456,0.029320950690720892,-0.08544757850558808,1.1834034166964433,-0.061586295175793795,0.016449766681526107,0.029436205112864867,-0.8398292238640693,-0.035462323480380385,-0.04549047650414613,-0.036709666182721076,1.563517871996383,9.30917748756004,4.33616685745902,-21.89683649039066,-0.8468534859454677,-7.15479168420275,-1.5706779068991037,15.636309820380665,-0.6038553136093517,0.01724875713481062,-0.016293091624355896,-0.017752868371818338,-0.9995608291680884,0.02894603437733798,-0.08685929210736731,1.1853905592588894,0.5804418244609514,-0.3567030809043886,9.584542246300165
1790485857698568049,49.10099999997627,9.257962681519777,0.22275064482329032,0.7987978412571091,0.03963488047406381,-0.017949551104830572,-0.01939302479042924,-0.9988647558375555,-0.008937599115359041,0.2337722862883835,0.5613254890464247,68.50630423974873,0.06790070188914506,-0.314201891483357,-0.6268490563349354,65.99490585307277,0.0019012808457310498,0.017278787133534677,0.0037679532677559247,-0.08703408335120666,0.020892667359009395,0.05655530716420139,0.17334452085812369,0.16861890541953625,0.04762507842846462,-0.8065174590189323,0.1408589477740772,0.07490538093385045,0.0802621151254222,-0.012739171662296583,3.9620710688788465,5.122869850617668,-15.431374801007527,0.07020379953777123,-10.04527731891595,-1.6868476068355538,28.063137891862866,-1.167141084830778,0.039607213392353194,-0.017957712372232936,-0.01943741401281713,-0.9988648437852555,-0.08631641260919105,0.020767382988547068,0.060468284894317506,0.46285647559484006,1.10527120938442,10.880253961301726
1790485857817888223,49.200999999976034,9.257915657216907,0.2243371570801642,0.7992196538406751,0.040417102711668436,-0.01588165907800591,-0.019223030546496857,-0.9988717163930176,-0.004577817767638992,0.2399393481124531,0.5600437158003373,68.44860766618204,0.06951479306263574,-0.31498584106001715,-0.6248711377065709,65.96138679963435,0.010042940238414524,0.025729511358113622,0.005362575502299407,0.04216683302601213,0.0013320578161669433,-0.0010815483094500256,0.0007626779089934055,0.04086918751468396,-0.05077420131161483,-0.4073934545981526,-0.030168363991877598,0.009137887908715045,0.003040584297616138,-0.07094362444475649,6.9104838012952285,2.896167104804611,-17.581246857695334,-0.15871340081753135,-6.960303418285568,-2.4424252075599173,19.996045196654716,-0.028785831894500263,0.04041729522395144,-0.01588318687783757,-0.019201989244347174,-0.9988720890236366,0.04580618856588666,-0.0026387765245162644,-0.0007293185533965981,1.0182483482955094,0.8202110426613648,9.521855236688529
1790485857936099128,49.3009999999758,9.258247044749579,0.2249816655492843,0.7995632310657584,0.03984550526601019,-0.013814751916787438,-0.01843867177982325,-0.9989401902629466,-2.6408439668050023e-05,0.242439465842304,0.5591498044222004,68.40742171678349,0.07112919840879997,-0.3127510726267575,-0.6225777679673052,65.93477433249338,0.012445354997541635,0.029664708659696438,0.006954405878890478,0.12457458303230673,-0.014168487774741678,-0.01879498937591402,-0.1146110118301871,0.03319546257346906,-0.09875475236721773,-0.38745987818793715,-0.14518891809145973,-0.053856463536984193,-0.0334403996281502,-0.1710310279479385,7.572284875797572,4.473532391169734,-22.189991517322056,1.0588940402177784,-6.839105405168221,-2.697003919857279,17.1407380000651,1.379603639202851,0.03985416286165023,-0.013810330299020636,-0.01837603836464702,-0.9989410601700442,0.1201579665163728,-0.00818306087039334,-0.018276977938658845,-1.0995974725290034,-1.0857469733372866,9.320242349120342
1790485858055681718,49.40099999997557,9.260142426232497,0.22655593655186887,0.8000196739402435,0.03835648546500314,-0.014936058584780839,-0.01931247561122602,-0.9989658264738035,0.0016021201259275126,0.23802134627232546,0.5548571304413766,68.41821480996342,0.06977658568433108,-0.3053888203491764,-0.6208604704505449,65.95765350594554,0.028270431101251627,0.024775157659233125,0.002309097284803547,0.09058355282508872,-0.05798348279877876,-0.041992678223641625,-0.07942074390117425,-0.12274324349815365,-0.08509850202352841,0.4910981935898365,-0.10617536030932456,0.12812963816521833,-0.026029512411247614,0.6898841241940376,4.9190554902313535,4.115784178770653,-21.451462711142273,0.535610363749668,-6.370538208416954,-3.001645641688266,18.706357102237313,0.850238354010159,0.03837734344800255,-0.014909239525649659,-0.019265805018355422,-0.9989663271820697,0.08087530455117033,-0.053350163627720396,-0.04199029367890237,-0.759129853861454,-1.9323056285807214,9.679201005313976
1790485858174144790,49.500999999975335,9.26188723899475,0.23018337835071231,0.800548019054803,0.036985363487220285,-0.015580761295804418,-0.02142844657613188,-0.9989645361285323,0.0035335467334565458,0.23846569621078997,0.5486973401690682,68.3960435967076,0.06868635002540009,-0.30487818559076374,-0.6203962100530577,65.94879897425841,0.010739581311172289,0.027408054120281758,0.010700166443961613,-0.020706789673716055,0.012937794603811814,-0.015430317825180447,0.09024094624430262,0.12731197832288432,-0.034158092566993196,-0.8060540422593306,0.06267422136827315,-0.10658822974063581,0.04985276897850936,-0.7653024313851101,3.4555194780545158,1.5639667116176343,-13.733126637825004,-0.5647724636001015,-7.345409231431455,-4.3286977049915825,24.781396886692168,0.018101161619221318,0.036993093348860716,-0.015587005892971094,-0.021438908294636176,-0.9989639280288892,-0.020714418635116468,0.011643436445932569,-0.017242464628055083,0.5753968492345019,0.5360457571387248,9.678425345398972
1790485858297514239,49.6009999999751,9.261643696999794,0.2343450816148692,0.8008256375219458,0.03689881066079438,-0.011578903419201151,-0.02295967177260576,-0.9989881181673392,0.007574805903230999,0.24141032546060645,0.5445326028024479,68.32271744027565,0.070174091233724,-0.31087181913036277,-0.6209774518131974,65.87590409502774,-0.0007422323033124714,0.017575635515394362,-0.0022578534910749674,-0.08569019503785603,0.08030142052372805,-0.003759752316900737,0.1674136050688741,0.02015799669566314,0.043534345788455144,-0.48108299142483424,0.14522401129736245,0.04269687547228449,0.035016854561546296,-0.40372870405629196,0.35345642910153074,1.7827476206045074,-10.033094706321258,0.29389724540891027,-7.881791211590569,-4.1666445800962375,29.641626777486938,0.9316295884058621,0.03690026282318185,-0.011617475709883796,-0.023003933222854264,-0.9989865984676615,-0.0852023669252963,0.0789344234994991,-0.004719079164721805,0.4890317222669392,1.153137756736669,9.766253672747954
1790485858415642886,49.70099999997487,9.262181182723685,0.23694396268983198,0.8009643363739524,0.03769096216629212,-0.009486630001358496,-0.023308249591830792,-0.998972532516866,0.012007942317071097,0.2341024799414858,0.5412394484077137,68.3118755430989,0.07252419970860059,-0.30396316949677504,-0.6203965825221223,65.87361278586289,0.008603464877075697,0.029455547085278713,0.0005933063261093938,0.004304430617989116,0.0022568297813918806,-0.022021632359753577,0.06105502843426017,0.04747322369613492,-0.021879412284151155,-0.33362604593711226,0.03484590635578283,-0.017026510241116264,-0.0021973806119443256,-0.18581519076500422,5.107832327497746,3.969414341611869,-17.550314619378245,0.01519975769260093,-7.004439095104966,-2.7125994321028237,22.0499606428236,0.013987469421198398,0.03770191494817386,-0.009488095018153987,-0.023306037661875185,-0.9989721569046206,0.005291068258822854,0.004566928529597901,-0.020664688019128942,-0.17385147961723318,0.41475409693318754,9.764556069449116
1790485858535910569,49.800999999974636,9.261609935470384,0.23951776921304535,0.8012874766227691,0.037335265183447756,-0.006786841704572593,-0.023226434557163535,-0.9990097844821747,0.01790071369457356,0.2344134746889758,0.5381817390715743,68.27222702535543,0.07604184279476248,-0.3067503574757918,-0.6189223677781216,65.82721763636398,-0.01008350857106666,0.03201009650744195,-0.00305386776648434,0.04160349292726975,0.04984418921955024,0.003990914957044563,0.011753937427908246,0.043688058200812896,-0.021847113794724968,-0.500204555068472,-0.010966120481950632,-0.053522997183656856,-0.032251162777548185,-0.3701130314230417,3.5139374361241518,3.691276605603168,-15.377891696635254,0.6126764674355879,-7.690223522388337,-2.2614454884757844,24.720454646528047,0.8352999768435704,0.037332551652596045,-0.0068124694087014145,-0.023206597412496238,-0.9990101724628218,0.04205708714518338,0.047584909330477904,0.005648565527807694,0.5660669601554437,0.5791709535572948,9.922959295672488
1790485858654024225,49.9009999999744,9.26107948212222,0.24019002796660804,0.8013176357117817,0.03819895280986841,-0.005554781485131779,-0.02400613688038938,-0.9989663106426375,0.01757826008371818,0.22735681993833828,0.5360931793284642,68.28442733682627,0.07383625005593969,-0.29673055426081146,-0.6190258132686771,65.86113821882984,0.015085464630134578,0.03509156102471788,-0.003798042526727861,0.15084843002371887,-0.08974504320817675,0.022598078515327,-0.14076932242564802,-0.15073345810803562,-0.09350389182963943,0.8273170026937061,-0.1657364843997509,0.13741341933658555,-0.08530876996941568,1.2472690093041805,7.104671622845623,5.461691546765492,-22.989377362817443,1.0009590371052954,-6.319582732271566,-0.7276691255718675,18.041862825868822,0.7035253769397066,0.03818832355163461,-0.0055125652058306916,-0.023929139217060892,-0.9989687982442186,0.14997841164685066,-0.09219884283770971,0.025861396655388946,0.4691720286055888,-0.43133943255655194,10.160954465149807
1790485858771524568,50.00099999997417,9.262295467498495,0.2437114645201404,0.8016291563070573,0.02853585097119437,-0.009524288986957575,-0.025860892935146103,-0.9992127938258402,0.020539149733562193,0.2221800822876686,0.5299175264990562,68.35694199128004,0.07370025040969679,-0.28636285902175473,-0.618479068002013,65.92285593649436,-0.009752186091622173,-0.00706610834530738,-0.0036249137667660886,-0.16807920414967684,0.014059761582123416,-0.28537827485692424,0.23860519466165478,0.060966503132290545,0.09721488266919967,0.31003794450232836,0.2153599955674525,-0.01879200491612773,0.05676672942912132,-0.5385262495650317,-3.445850489841556,1.2401738194219099,-3.629882529113541,-0.06193243155215905,-9.112559839303758,-3.885414532519627,32.448435952252694,-0.3105653759651648,0.028679046008687026,-0.009532605129863666,-0.02594370761616992,-0.9992064680508217,-0.17112547768961353,0.010126040254384445,-0.28550243615282667,0.9808704717279929,1.0875743434332465,9.13912535669206
1790485858889761593,50.100999999973936,9.261061962126226,0.24446570419914765,0.8016216729429897,0.013941852560428198,-0.007878018831183692,-0.027465151701838397,-0.9994944857319,0.018247867648892687,0.21981346654538342,0.5272795495039917,68.38866226868893,0.06878504925953266,-0.28965390826088855,-0.6203861439909307,65.87798897378228,-0.0002870045088024524,0.033983114551364615,-0.0009294572079224865,0.05501769017144296,-0.04106780882377727,-0.16478163130780804,0.00039659417205112953,0.03608926067923929,-0.0473875722725885,0.13689204591518428,-0.029754847605747668,-0.10593443964954635,-0.03953725117923371,-0.2368579046419205,5.23231307112944,1.2352347691173509,-15.424809399249401,-1.2133447951972771,-6.039711169846354,-4.556647524997721,23.184609628893885,0.6971098252381356,0.014024548922304769,-0.007860141676109655,-0.027436721296436803,-0.9994942503710866,0.06001614765809239,-0.04388238956667349,-0.16689762402439384,0.7365598431556606,1.1108211234746705,9.787356049204623
1790485859008192306,50.2009999999737,9.260472077738156,0.2450348190595337,0.8021763971138097,0.011768412943055293,-0.008020453545161255,-0.025904078988299474,-0.9995629822444903,0.024695817674201363,0.2157912615018601,0.5251032690696794,68.41136254920615,0.07326185109194584,-0.2822273816640385,-0.615923699270164,65.90136040976137,-0.01697834945877915,0.020539590014433996,0.015010470810904666,0.09136254500154578,0.053459147135526346,0.004151913294692984,-0.08610879153980525,-0.19623242633308577,-0.1466565894928676,0.2494363369537065,-0.10730481101823712,0.1399583538225049,0.03363004077909829,0.28368088344621456,6.068551878079016,4.892442016772991,-19.57158271153624,-0.6900104076660012,-5.565272528701689,-2.6792246649208695,18.064304261747353,-0.9859489040567865,0.011765279087621844,-0.008047655246500711,-0.02585874885778276,-0.9995639742210268,0.0927384495104603,0.0618650954913941,0.006286408199118073,-1.2695527879253419,0.08329065214139623,9.253124848990472
1790485859127406110,50.30099999997347,9.259816298233691,0.2458749855053973,0.8031995791276662,0.012255681184694564,-0.008194178835913826,-0.024684772171201082,-0.9995865724061918,0.030859625907044236,0.21273534158621735,0.520173969034166,68.41710519517325,0.07725866296543125,-0.27712307270784786,-0.6100345155821937,65.91562536322523,-0.019436043073063514,-0.003920370965708991,0.009783443778106492,-0.044312390608846376,0.06766873291153308,0.012259706098487986,0.06610027048610279,-0.09185331502542421,-0.035789254099280174,0.005836159135936591,0.04719997980326148,0.12074726526038498,0.06946105503705266,0.06101367604719524,0.76102819108524,3.714172011207519,-13.585183750836103,-0.32218773670297807,-6.689890782914673,-3.7444459938109187,25.652842661594264,-0.18241687482588947,0.012248900213843412,-0.008227576354152288,-0.024707384078185447,-0.9995858225299615,-0.04723046393080489,0.07438305351997535,0.013350423867527744,-1.0511051030958634,0.04640480563038652,9.587460939012754
1790485859245354308,50.40099999997324,9.260031839231514,0.24607257813904929,0.8039605173009187,0.012786880988718309,-0.009852012060585717,-0.025806047420023154,-0.9995366333704303,0.02877579061040663,0.2103636310675628,0.5149477439835843,68.43219326025213,0.07326747345835541,-0.2726871054051452,-0.607379160749487,65.94803188457949,0.025445167736600924,0.03678699109975683,-0.0034779556639671447,0.14386575288693174,-0.12332834371793958,0.0022306726611717132,-0.12732722144407782,-0.0907806128487459,-0.09404655331445497,0.7430129513753013,-0.15132780151852276,0.06325316882926393,-0.07367728976128128,1.0199617444065958,6.1306933788538265,4.991643402544227,-22.468152668835355,1.1080132491582355,-4.967902163104986,-2.095356164846503,16.729183467691424,0.3807915896878764,0.012786648736773898,-0.009791267432419202,-0.025733370255019077,-0.9995391069645385,0.1417162735051527,-0.11912959296481655,0.003536030823740071,-0.8370802790232694,-0.8252720790144988,9.521471246058942
1790485859365411313,50.500999999973004,9.261479259233274,0.24910948866239088,0.8041063896438259,0.014429044827432468,-0.012744125099933942,-0.026015925897180554,-0.9994761435574727,0.034895887843712954,0.20516365289602906,0.5109939506340355,68.46370186970496,0.07725547360568992,-0.269899321164665,-0.6060331859066017,65.9827425293103,0.009302640377534883,0.01415700946794242,0.010893885550242226,0.01856803399953243,-0.008188006030196536,0.048976797283016966,-0.0019761758148644664,-0.0964411493353007,-0.07644729610042077,0.13502294965685174,-0.01328948246623475,0.02504392978922125,0.04561552182728137,0.015855958055949082,-2.3631347957200335,3.0799858756098004,-10.931078457930862,-0.14935633365363263,-6.474935817305702,-3.831086931101042,30.874911780873102,0.19246782859588868,0.014404557444735032,-0.01273953010824507,-0.026006899745196863,-0.9994767902573255,0.016762424648131005,-0.00714579833128594,0.04991079304228295,-0.07367081905956975,0.6791362493029317,10.394707860466696
1790485859484766947,50.60099999997277,9.262870766307692,0.25173855916779986,0.8046580841567182,0.015477698542516469,-0.013338446085726556,-0.027307609208165252,-0.9994182413700369,0.036851313347324416,0.2067781228310131,0.5053701137090817,68.43493418575329,0.07723039323424025,-0.27155629621959476,-0.6049570401250983,65.97067290090561,0.009450522244756366,0.02584093006283558,0.00708560920630618,-0.02109219826404259,0.04383497805601795,0.003498826113754689,0.08774030826108754,-0.025553994733980068,-0.046276666931970994,-0.3810900928851974,0.06728119693396596,0.09343573312148253,0.050007181310212166,-0.0962699358013643,1.6698565320514038,2.3099717824403045,-14.008408415097858,-0.7252228616537147,-5.943833805386183,-3.252154533258788,25.171598407487675,-0.9009218958841079,0.015475492296943479,-0.01336013981846686,-0.02731851173063241,-0.9994176878157699,-0.019707971389328102,0.038493167567536526,0.0032998820581943197,1.2693366726355817,0.691271278055332,10.193587999201673
1790485859602636666,50.70099999997254,9.26453425148463,0.25312293579328665,0.8045055320684742,0.015620159705269879,-0.011822868750511166,-0.02773086217294409,-0.9994234486284748,0.03874467249627182,0.20698315527473007,0.5046644326986112,68.39896636378856,0.07749427405025792,-0.27032568010679386,-0.6060395754471841,65.9458899353138,0.022478449437943984,0.03880491127363894,-0.004622128981361299,0.07271598101562947,0.016680420208497075,0.015700616632592417,-0.016124182698513234,0.019564415518970826,-0.045097445868429925,-0.5333606383596166,-0.0420672113736401,-0.0722462755822442,-0.06273687991762529,-0.42204807506967285,7.239961291972025,1.8763357564382646,-18.343764130441613,-1.1184598614079602,-5.304671959204011,-4.185823355359063,19.667067215252995,-0.4016794646433557,0.01561165277474622,-0.01183155436526425,-0.027694748213125276,-0.9994244801586323,0.0798722029437884,0.015249566859918299,0.013637960528739225,0.5118971697285387,1.012539147443674,9.763174688258573
1790485859720076939,50.800999999972305,9.265397358989915,0.2530823213057086,0.8046405319284154,0.016104148017518,-0.0071229667687341906,-0.025989736474015288,-0.9995071052068877,0.04421696342733224,0.21159451682939304,0.5062617077912992,68.31432013210052,0.08125342770703976,-0.278190475429792,-0.604756019893149,65.8438381771826,0.0038387987532726843,0.015695982989655754,-0.002907770011635884,0.10571487027710796,0.11652155615857107,0.00628500860606703,-0.11548494209397175,0.0189118943200142,-0.04233289963784796,-0.9732957463413187,-0.1339111775212195,-0.1642303649193012,-0.07485395312347326,-1.2515260001700437,2.218032570427562,3.7845100998805847,-17.30108947977852,0.23047751093654373,-5.771591082348016,-2.796725115980738,21.608147534968534,0.24539327724185167,0.01609911632821357,-0.007181968359344525,-0.025937865635688884,-0.9995081114779414,0.10028484488539291,0.11817109968185001,0.007038897604648057,-0.206059532378297,-0.9649498796375204,9.644710943118401
1790485859837757840,50.90099999997207,9.26518976519213,0.2527552359467084,0.804365423721766,0.01702207287915871,-0.0005578779441238416,-0.024685511219124098,-0.9995501805026837,0.04806170371302705,0.216449387389816,0.5089954584996548,68.21628624233473,0.08327313303282657,-0.2891534279080958,-0.60488371972164,65.71983456922081,0.002455848065736513,-0.017737497855862035,-0.002844270144339064,0.04269753802314087,0.09828776277944377,0.03578996772919025,-0.09403980342690518,-0.07540652596052407,-0.00040612490798194126,-0.34278427506847714,-0.10198044871647147,-0.022536445515058054,-0.02728307212459801,-0.5920595096684992,-2.8483086219815497,4.103632912655996,-13.102966275780625,0.7134984083243386,-4.610710129053314,-3.5261321941701214,30.011338829626467,1.5946490251589567,0.017002960865814414,-0.0006069213721983683,-0.024665018527776125,-0.9995509831065492,0.042169161329967814,0.10337912278156783,0.03743987695398849,-0.9155138894642958,0.6512932267505779,10.319357363893426
1790485859956415181,51.00099999997184,9.266757610880257,0.2530827387017794,0.804203505303624,0.0182165584527033,7.366687599539684e-05,-0.026636773716663256,-0.9994791813025918,0.044068077976187815,0.20927236974032218,0.5065687925524027,68.21894599954662,0.07738622751467646,-0.27678366120240055,-0.6069798083233098,65.76095913063466,0.01699393126565723,0.0023884077719308443,0.0060569414976850006,-0.037440741135769465,-0.005291917678808793,0.017677527360371457,0.06602487750191376,-0.17788191816009613,-0.030592728224975888,0.577265750275924,0.04766496353434306,0.30145052178086645,0.06332260573659827,1.0139989065027952,-0.5133586227795838,3.818667168219314,-13.3789987938333,-0.15451409464422572,-6.045099010428718,-2.0435565661975366,26.969359842800042,-0.8503814541745544,0.01820779338918543,7.688791362647777e-05,-0.026655435480121618,-0.9994788432515778,-0.03805005105089286,-0.009772884821813635,0.020250495348933015,1.0748276030137742,0.5815630031884267,10.35141985558542
1790485860074042693,51.100999999971606,9.266987409980297,0.25344549646443104,0.8048287969884897,0.018600483783742974,0.0009355882557173199,-0.025060896733792026,-0.9995124302041098,0.05007299996909025,0.20295273645842765,0.5037801643967467,68.22450819100933,0.0816398219247517,-0.2697575843856324,-0.602324602050929,65.76569054303769,-0.006650259761342146,-0.0083496153403459,0.007900575950113982,-0.059104206900208935,0.03723406024500753,0.01461514139328782,0.07541945387512068,-0.029701914570040296,-0.010472613264598028,-0.10012778443424658,0.06206210851448736,0.04486265528509006,0.06475990180847566,-0.12621999265429965,-2.951764621288666,1.3186426083751346,-10.16443747649687,0.27458442649408554,-5.046645995116681,-4.999608776185709,28.95825502463006,1.3199515366637586,0.01859268555608623,0.000917713119800137,-0.02509077386145703,-0.999511842307772,-0.062466515663167,0.03719582111150196,0.012182501172490506,-0.030953382869123157,0.13235843113755397,9.62688103019724
1790485860191836743,51.20099999997137,9.267976783433857,0.2545190363198895,0.8056689182368753,0.01860370867372874,-0.0013619682926465728,-0.026515463123952268,-0.9994743504869332,0.0485049465106455,0.19493389340744827,0.49696232426445586,68.26361516058827,0.07842545480073632,-0.2599003755129025,-0.599303442481044,65.82095881714703,0.005811292188223072,0.005613733768040963,0.010195318005205373,-0.016432167528697195,-0.04660018706004829,-0.00588441582423573,0.04065876739061777,-0.008468051781700424,-0.045604809657910014,0.16498492427335706,0.02348007787023908,-0.008137408061225513,0.051582301802661226,0.06948457016591558,-0.548042936064356,-0.07882027760568103,-9.109564496414135,-0.2668747368835734,-4.546078079548479,-5.809480486700826,27.564696898983183,-0.7294895542365527,0.01860727833212833,-0.0013386056107568167,-0.026523237405382132,-0.9994741093223122,-0.010271941905153296,-0.048773114929031525,-0.010347199825079685,0.564697327161448,1.8272077709123045,9.370984896914178
1790485860308761662,51.30099999997114,9.268199711173018,0.2540946259530203,0.8065214608674147,0.019868098870913516,-0.0029759786932160113,-0.024451527794670056,-0.9994991370614486,0.054392460869047664,0.1916328578547661,0.49429533875559434,68.28554781250757,0.08289306959475352,-0.2609121536778307,-0.5938311901287396,65.8237069357038,0.015055473241694817,-0.038088165007599144,0.01591024029022586,-0.16484940730307845,-0.08159960028318532,0.016662263215478965,0.17236124883365905,0.02792095033716262,0.021268185092895082,0.3205898527305177,0.15822687316088863,0.13671046290129416,0.1527795080010494,0.6210895162650383,-5.627843312982029,1.2482620238513424,-8.994798917188241,-0.013369834621789617,-6.704311298348408,-4.640404895395291,30.057477906007033,0.6973271080936772,0.01986101473896373,-0.0029333579844957954,-0.024533125289273726,-0.9994974043328052,-0.18035565891740782,-0.08454068781847737,0.014267312054241706,0.5616908151472709,-1.9102167890604198,9.860826067490276
1790485860426295165,51.40099999997091,9.269218661051763,0.2533413342806077,0.8076953799113867,0.02138399865565084,-0.005928402674754456,-0.025280457795757914,-0.9994340784148084,0.05130763720151618,0.18945254610223522,0.48806579194761723,68.30387149686328,0.07812002514534991,-0.2529450256500954,-0.5888178229905869,65.87647636763327,0.006583126133835604,0.013618705883643143,0.011866259785368082,0.052437998478937264,-0.04152554235866792,-0.005626643968596957,-0.04119925452060725,0.06902639301507582,-0.08175457941409817,-0.30124336743497226,-0.06352590973251156,0.044088176389902055,0.03347992711717357,0.29397797537792886,2.454056639772526,3.928796129069812,-16.695560990928293,-0.3311568485491307,-5.429558351389018,-2.097512784686857,21.22656030185588,-0.13960445648903233,0.021387179829046272,-0.005908283439452451,-0.025253792950605997,-0.9994348036102036,0.050346697020449346,-0.0434485784754161,-0.003688551883037969,0.4217557163708399,-0.3277734196435744,9.701672132996078
1790485860544947216,51.500999999970674,9.269516071774378,0.2537129746704371,0.8083203815943484,0.021400909564429846,-0.006433312506416131,-0.024169226790382765,-0.9994580841818053,0.05605997158899151,0.19375504432551474,0.4861582595181841,68.28352321389823,0.08106738929063378,-0.2552752599016242,-0.5851553307714306,65.86059152437915,-0.001599380185789679,-0.0020307453308156887,-0.0003303641378346417,0.013609161153193002,0.04158799385912326,0.029878004878123067,-0.02199806599955704,-0.09533265037950256,-0.007899628635953896,0.10756904023570063,-0.03087793975076833,0.08353837705452685,-0.0013651295577532608,0.15485440304530365,-3.5404935932726334,0.8335048183959358,-8.710279727843021,0.5010600381211329,-5.199588030302752,-4.753866639922954,27.886630931334647,1.2317993113862837,0.02138543229934304,-0.0064538797925653354,-0.024162967006553963,-0.999458434226473,0.008308834211471147,0.039174474154324394,0.027032667411798373,0.36376987875568717,-0.19027248737629815,9.157723825058516
1790485860661629938,51.60099999997044,9.266890206660513,0.2558171785235922,0.8071604264593045,0.022077212475353717,-0.0005649586391672238,-0.02443106509376692,-0.9994575531604318,0.06060819094741916,0.21047072930569607,0.49028456003289705,68.16218429621756,0.08354894577495833,-0.2799695030096694,-0.592422040457905,65.7201477429552,-0.07414306564982541,0.016932080127664294,-0.03212505074989188,-0.16104408378189833,0.2865897846700318,-0.01995089486652262,0.2968017636449706,0.5214663164380358,0.21847758072291582,-2.955673934182246,0.26855463852468875,-0.5580206462850605,-0.07793391143389523,-3.4076406950830296,4.014212409588269,2.3626225875565905,-13.709785964727141,-0.9148463005022607,-7.395824593287823,-2.50185657637419,22.855906810945616,-1.0321398975909315,0.02208372685705761,-0.0007066418019183243,-0.024514701041176888,-0.9994552711844225,-0.1581505824244469,0.2796503530660991,-0.0193967598729338,1.6646172479177328,0.7745106686626841,9.641425784664216
1790485860778175721,51.70099999997021,9.256120009115325,0.25218996450535797,0.8047112465951157,0.02050147245368228,0.017942141392033224,-0.014809817449236273,-0.9995191036176444,0.05289970409595992,0.26350697736974077,0.5220620790290674,67.90464446247489,0.10365777294903047,-0.3214905520197302,-0.5868586813346833,65.38144491288182,-0.1433194873594899,-0.11055348266251554,-0.007043436969746499,-0.012967132639008564,0.45256247141424555,-0.06334943452079542,-1.4423319348070929,0.2647940532543558,0.25768359985885814,-0.687989634542266,-0.197022390324784,-0.1444421028970068,0.11094645504200207,-2.5729669879681794,-6.462304335052012,-0.6641823953550912,1.682129231028328,0.9257952780865627,-14.768489424743901,-7.693635066756519,43.9099290171045,3.7954528009298905,0.02052966388999778,0.01771563233327694,-0.01482150492141115,-0.9995223920770662,-0.027189940303053724,0.4574062607425869,-0.06500289233132588,-0.6974366392163314,-0.15183520060633743,9.901953848544988
1790485860895907762,51.800999999969974,9.243795647745724,0.24961167294128947,0.8040146878527064,0.022583267102383578,0.027769254167420248,-0.022800523921165237,-0.9990990945241055,0.002791818273331738,0.27230530938841474,0.5176009419683255,67.87983537097251,0.060070980141713026,-0.3465135969364283,-0.6526713939512555,65.37153621028534,-0.1444027341874746,0.04467680019914148,-0.027342263919596106,-0.24360690767474466,0.1300602022469743,0.009886712022063326,0.5349295909996821,0.19095873974306252,0.12226196317308921,-0.16604854824200424,-0.11430208526685703,-0.734495056552722,-2.282481701317461,0.06759668808044388,28.684944520734447,3.9851283769460712,-42.74728892844695,2.446893464337067,-3.729977611626411,0.48887645652716216,-9.784677288415558,-0.7547949027064512,0.022573462872905025,0.027707145818457898,-0.02292354874242198,-0.999098225279964,-0.22930107196055002,0.11749260198645575,0.010330702436714582,2.501922484800796,-0.2804977946020173,8.82646555391555
1790485861013709972,51.90099999996974,9.224675840411978,0.2635891165353366,0.7988134221974982,0.02208448081566164,0.0353492783785674,-0.0017871820092430395,-0.9991293761098632,0.0946316119106464,0.2760461633469042,0.5451592285939808,67.98680615523713,0.07395882670138954,-0.28020533084687205,-0.5985541593265712,65.30941516778793,-0.1298490166639323,0.16000475646069534,-0.10710533368362632,-0.5142876095329706,-0.37088509603283765,0.006859096115843153,0.9097122713162981,0.7630094183171763,1.230711467662712,2.1381180067173173,-0.33003110457370877,3.0887902582329256,8.361670574050029,-2.276319265680115,-7.267681938592024,-1.2345884207093216,15.97835027313278,-2.0398887286241614,-19.91146940352815,-11.85095820093844,46.71631738085282,-1.2359286545134582,0.022072294715295728,0.03554024271260265,-0.002039885209966014,-0.9991223868086743,-0.5329639140252013,-0.32858971778799356,0.006609817470610228,-7.427253135612198,0.7493104079770322,5.872922891496813
1790485861130142527,52.00099999996951,9.196803205064931,0.26734290998994364,0.796656815351172,0.021848956609206875,0.04284043252842266,0.0046602102758088295,-0.9988321194655544,0.050676704754997526,0.2912154075091009,0.7020576268776489,68.02966337319727,0.0869198066880022,-0.3223396715804543,-0.5811625363099066,65.24844350862402,-0.3397417705532083,-0.028385038370510728,0.027131307517465765,0.28695013929155977,0.22184790082931002,-0.005617555789421113,-1.400382546789576,-0.624805825620431,0.23181747411818443,0.04618686476406948,-0.4708326665143829,-0.15744648382037787,-0.08808255783610554,0.9216413184795953,-1.074582049119769,0.9107394133754474,5.605059198019848,0.30276063065202286,-20.628959227397345,-6.770338040917665,52.52572418560193,6.074295536438913,0.021858425210323128,0.04272651572881634,0.004800973804448669,-0.9988361250733419,0.2911252067214208,0.22580977074700528,-0.003972809281929189,-0.5514066586535632,3.9724657850823877,11.059765693895491
1790485861248236743,52.100999999969275,9.163620605167656,0.2501752952893361,0.8030555175279979,0.02231585193810252,0.03846490356059486,-0.005001220703140492,-0.9989982190864152,-0.08885066206854736,0.18583662924676408,0.5338726017944818,68.02688822342066,0.02631633571504821,-0.3311213707820438,-0.5769970803815063,65.49759583395023,-0.2810597134898331,-0.16659423321667824,-0.01611692295248839,0.2521833612639867,-0.5458349404014742,0.08664115651527149,-0.6398823365122583,-0.31178268081066235,-2.2734774220382756,0.9942924001494339,-0.7081595694477729,-1.101947917450403,-1.7009944277337616,2.70659568408477,32.17196398809116,9.259831348241203,-57.262644820518226,-2.1254844178100076,-6.194009280500214,1.375951905773116,-13.85832689592871,-2.0729576473402362,0.02227878875355353,0.038734948661247,-0.004867498402376887,-0.998989272606662,0.23465912612809073,-0.5597477248234453,0.08751267743292185,2.304054658939225,-7.767717837056138,12.983511379000076
1790485861368420338,52.20099999996904,9.12363461519519,0.2485057375935245,0.804257117976583,0.021545728110421693,0.03555113411873184,-0.01702265364751335,-0.998990554372692,-0.12218126716952764,0.25093260648105115,0.5492418621655946,68.14777979089791,-0.043143561346339926,-0.38166051129161754,-0.821368894038261,65.55708570770793,-0.4635603307989713,0.031709536970037325,-0.027000690584117706,-0.02999753441663424,0.1391918291852379,-0.029395551400677265,0.15252176054771766,0.3553177116655896,0.18471953077023037,1.7714331350237666,-0.39246881073393985,0.5869058212096393,-0.9173353283821262,-0.41351849286852893,17.90402636538479,4.433003847253299,-37.66908271341754,1.8004666466757389,-0.3349182120322972,-0.6582098238136638,-4.691194736228672,0.2508137099400094,0.02155869306224112,0.0354816813277708,-0.01703965924653652,-0.9989924539536635,-0.03113143562894122,0.13647118973938163,-0.029856370284151668,0.43080655134115314,-2.2792879632871657,8.561734165314416
1790485861486083499,52.30099999996881,9.075182227081747,0.25854925697913994,0.8019942754651747,0.0226694551299364,0.03726462704764081,0.0005713564364070659,-0.9990481054118144,-0.04575765762290202,0.28632109679901707,0.5694731701279857,68.40454500931354,0.024790590013449822,-0.2650104950747274,-0.7510982628147362,65.5017409024401,-0.49813868828145597,0.20222540077046172,0.032075962841641416,-0.5360973496574124,-0.12115451367743474,0.07048792974869583,1.2350651436988964,0.136383840860504,-0.0018139009047000764,3.983209118819186,1.7454545408792281,1.9362756074964214,3.3130436246554202,-0.8155235076619547,10.843091414568287,5.628259812134445,-43.586971598030594,3.7533915114522234,3.1303707318615346,-3.2356101936132684,1.5181342979823578,0.4015982982850751,0.022624220499002024,0.03733120159075479,0.00030624950373632075,-0.9990467617913816,-0.5468752323306717,-0.10919387770320996,0.06723060465376468,-2.193131037242936,-4.841314317253243,10.243943172368498
1790485861603093538,52.400999999968576,9.024872116900903,0.26712083810415704,0.7993857672961706,0.024538510641902773,0.02962817273181096,0.0166834433414235,-0.9991204610027389,0.013468349319807076,0.3469932296833587,0.7381997701609607,68.60086522842711,0.08534594389794024,-0.2426429256397051,-0.5591670140737759,65.47690841362635,-0.5954634015755886,0.008553930022572492,0.041493515237798026,0.2215605091134622,0.24712686107186593,0.045309942615682365,-0.10913995928043126,-0.16247843056998734,1.3729615459569584,-0.15051355209131081,-0.2829285666716207,-1.0128836974951136,-0.4364372279723808,-0.01230802777026565,3.5951051171157347,2.0206850515382913,-2.1345596943168252,0.0225781239379398,-22.88156134070227,-3.636504793213523,39.31647739517226,1.3001505863796397,0.024521218932421485,0.02950162121975096,0.016791765088753803,-0.9991228156701655,0.20961146021447186,0.2421287126846327,0.0462368631795375,0.8753830125403432,-0.21922782430930315,10.483101715802825
1790485861720178266,52.50099999996834,8.966570490747646,0.2598596225036913,0.8059961940004846,0.03313763323544378,0.03402460511522606,-0.007810334950168274,-0.9988409393783737,-0.06305719908453276,0.217692878018896,0.6305575156033442,68.59785400705596,0.004340524325681641,-0.2975495384132653,-0.5624818734734007,65.68218299271739,-0.5099513063646057,-0.07202093382652025,-0.012322615197201616,0.7984699599339204,-0.41705688780442185,0.23969362345123002,-0.9191432008153374,-2.6275867694316917,-5.935943681627659,0.16537862650105542,-1.2040929173981483,-1.188762989270859,-1.4057548878064619,4.567960196235185,7.481760648939151,5.9292730016493564,-16.343006406895967,1.2344271856966158,0.8433536289204993,2.5382694193256365,-14.970366330043955,-0.05661841904044396,0.03303313422741433,0.03422059450064225,-0.0074005739947019585,-0.9988408253869506,0.7886163524772519,-0.39931420939482937,0.2429755449198926,-3.6468942690597017,-3.5600734136638255,-0.6355621427153484
1790485861837586610,52.60099999996811,8.909672503865135,0.2612253890904674,0.8053069379182746,0.031888287913614685,0.024613537414656415,-0.021051478473709855,-0.9989665390411973,-0.07185162288696083,0.2258911224331835,0.5302866821850801,68.88205219102795,-0.016482590699667152,-0.37487023168309913,-0.7986673382730143,65.80528185437976,-0.6498013907993391,0.05801388956358904,-0.021057954039914326,-0.28714886054825206,0.15267612848537954,-0.1050867718033842,0.6167799452741728,0.4525998543269879,0.4945318712761644,3.593332576234545,0.9424467777751152,0.3522948379458376,-1.64241189751364,-0.15049785458577447,12.112313373030902,6.751824396170315,-35.278623724221234,1.2544272902213505,2.0541793372420614,0.21548428375170303,5.381393136866614,0.14583408874041226,0.031935635628420805,0.024540750110608085,-0.0211986317860937,-0.9989637054324928,-0.27833331486623913,0.15430169665083224,-0.10350683964577212,-0.3357810435320718,-0.09130241198038486,9.941848771822787
1790485861955090263,52.70099999996788,8.84730976289726,0.26982431221389136,0.801260446752185,0.02759161763262141,0.01995588794516678,0.004235695548503208,-0.999411088619671,0.024040313845905346,0.2808899544953261,0.6246846933700352,69.28912291396995,0.0949954729346938,-0.18932488095787012,-0.510454103600903,65.75184927808516,-0.6070369001431247,0.056615821334474487,-0.10315538059511971,-0.21089630058995798,-0.26270047092720716,-0.007955738635624977,0.22685323999264223,1.0212167614365408,2.512608291863015,1.477642728439281,0.22040386482913182,-0.4958756564453385,0.7840991713784883,2.1290520167732483,-1.334394353408856,-0.0551265642613914,10.489917459655665,-1.066779828842138,-34.33679559272701,-6.062383658965596,59.00678567294361,-3.6265720594120148,0.02759293209660583,0.020090086877179267,0.004133854221742813,-0.9994087901138619,-0.2253887325662345,-0.2906579220714679,-0.006293430369358168,5.426035627774722,1.9054056856040649,15.22921385669413
1790485862072594216,52.800999999967644,8.778671438712642,0.2653877534291692,0.8053870443679245,0.029836685356061588,0.02422727115240253,-0.0032739853180210796,-0.999255769340167,-0.04050235607699207,0.2669150635750709,0.760991601594276,69.3314051356326,0.06882224143503486,-0.2749439793317946,-0.5682114465403013,66.03714817242009,-0.6833225123369688,-0.12356991641021128,0.09485859734756281,0.39241055068377145,-0.00895489062567013,0.16551972753702138,-1.3680043543886444,-1.1405363228946916,-0.6527072404408255,0.07831785220155549,-0.7571990063137635,-0.35979810486912955,0.16196266781750068,3.7116658530425632,-1.2449170268395688,1.3405672144027387,-5.321455052121814,0.34974591365332686,-13.340265792674298,-6.986638318459526,42.08678234990209,3.173235066642781,0.02975875458602594,0.0242261615554408,-0.003075787354108833,-0.9992587498510739,0.3919770536163115,-0.0017948355911794331,0.16443675753266793,-1.377091593942256,2.0906523043309555,11.023924419756387
1790485862193899598,52.90099999996741,8.715073695764184,0.25806714897345645,0.8079952323460153,0.03459417699220025,0.010248283140732648,-0.02384719706755829,-0.9990643256582239,-0.10879112492925572,0.16012378411635345,0.48983554138800456,69.47210410260419,-0.0005221048611003645,-0.3598579939572875,-0.6998629512424863,66.2989940212246,-0.6621754053653713,0.04869666695328554,0.0616450739554209,0.18542583427038986,-0.14355698345652512,-0.08557233312661039,-0.07519375965953663,0.9718324322401058,0.833952141408416,4.196420478139419,-0.13365261154381963,-0.5713781423313303,-2.389091778897849,0.2399854086677512,22.333141775040477,5.258886309055865,-40.87839591531198,0.38876757655834204,0.9818869682165208,-1.0474471198528748,-7.705116862205193,-0.3419485550542812,0.034639584719327904,0.010315766733955654,-0.023752526080917286,-0.9990643130609458,0.19366989577416513,-0.1423720968321043,-0.08622349940527128,-0.7254694759347078,-1.0678476195285502,8.944435293052011
1790485862310887127,53.00099999996718,8.646660241702643,0.26718518661101376,0.8103875134025557,0.0278521972182952,0.01011841949219385,-0.012568031208054857,-0.9994818243913427,-0.04982215557965442,0.2053603334764896,0.5260363435240755,69.91617795704569,0.08020727968807265,-0.2886886650738035,-0.7519003329847664,66.28494947206042,-0.6860756216544444,0.10951121301994751,0.012352402380764956,-0.6250047936647197,0.009326271984438996,-0.12754576679383903,1.2153069553161253,0.31313007708665863,0.36151337916151594,4.596048585411884,1.2883734121813402,2.541044397208228,3.94717876720914,-0.3577595460003963,4.387682227486997,-2.274501820985255,18.307822193784556,-2.232035014449049,-16.431932893869376,-5.69853816216971,30.105803469031475,1.0879282110724027,0.02791271500139962,0.010121660636512248,-0.01288114618845112,-0.9994761169733282,-0.6027942416454539,0.020926978591418274,-0.12504575412174096,-2.0517504234176935,6.6980781264706,2.103066749485574
1790485862428246332,53.100999999966945,8.578617465524513,0.2692578237442596,0.8080811426634368,0.027274557421978526,0.00713423354689058,-0.0007698730158063702,-0.9996022251499204,-0.011483033552096818,0.2831571238511879,0.7280519902600492,70.05452787320897,0.09285674006776415,-0.24385498532757174,-0.5455992300993553,66.4251911337916,-0.7457008376338373,-0.04505292481213514,0.058465540623676794,0.1904944840281065,0.2672040300167486,0.030119326217512402,-0.3500640459418188,-0.12716140138842805,1.1524459559236788,0.17364372774520995,-0.29242662290303456,-0.7413950356838775,-0.494446722450687,2.3556815404200595,-1.2481772427451934,0.43096402186078225,1.488428021282115,0.04088624336044251,-17.98244686907411,-5.811244830693181,39.301426169297166,1.7234355798113326,0.027260080038544195,0.006998098346835067,-0.0006782001473904233,-0.999603648803054,0.181011015577033,0.2689512657057872,0.02981512510419294,-0.34870192175079107,0.4650583321020042,9.389272947314682
1790485862546359089,53.20099999996671,8.509075461255723,0.25991093742414584,0.8129422045022784,0.03422988141164362,0.007124251688345083,-0.020678872340725785,-0.9991746316310985,-0.09455359255844217,0.15248985011648256,0.512292251802818,70.05772791654097,0.023172450201887306,-0.2959395242116315,-0.5670260454294486,66.80029305023415,-0.5899409572535802,-0.08379527593518306,-0.11164187348644088,0.3793562172295738,-0.5577128313958628,0.12155337920950511,0.3579145035744491,-3.1952849786130995,-8.92111197297863,-0.9257209937408157,-0.7133688701672815,-1.3303837833982266,-1.7122531990144174,3.4370467778200955,36.223222377222086,14.935356771781631,-44.43368894614296,-2.183022824891677,-3.9539623344956025,1.9918153724472822,-14.236902506242702,-2.967255598115675,0.034176270627202306,0.007397641655359264,-0.02047937136566727,-0.9991785890282187,0.3985102101116399,-0.5346371178146075,0.13290687359694384,-4.623183481282015,1.470909757128191,2.4728141763359464
1790485862664005091,53.30099999996648,8.440133022565982,0.26391510319075995,0.8107200806339936,0.03176547133353082,0.004975803165290982,-0.023001947555966715,-0.9992182477429301,-0.07364855827793944,0.21877469574940558,0.5110735296233194,70.34172110918517,0.01900236596497192,-0.3515474993920755,-0.7910188812077595,66.87197068863856,-0.7324565528151098,0.10906728125331881,-0.009876225676911403,-0.3201126350374334,0.18973039578217976,-0.1193205775959828,0.7583745779733874,0.5108672970295164,0.36210483718997644,3.3288882199240977,0.7563785043209461,0.6910908724258696,-0.7367903777994395,-0.17028333211953892,12.171887518941148,6.990855430992295,-37.630844090459064,2.0553566007160518,2.205174725791127,-0.4398925126117217,4.74082404266105,0.18323664349821933,0.0318221058830132,0.004884723995613692,-0.023165188604567132,-0.9992131239558315,-0.31609239728001703,0.1947272767630895,-0.11917480197543404,-1.0313823925408452,-1.1167276919522124,10.256001044288523
1790485862781748052,53.400999999966245,8.37151226850247,0.27258098445286216,0.8039950686487256,0.029678132090465253,0.001436208607852536,0.0015679868548855813,-0.9995572455831024,0.02024211712872076,0.29290154521660056,0.6403036363204293,70.68474238594541,0.08551738330640908,-0.2121766535898394,-0.5147692114339076,66.89951371437142,-0.7201721003055721,-0.0027584681694046978,-0.04905124964990809,-0.17412211134495922,0.11168945161488411,0.05772839525641818,0.03896420123084642,0.7893611841822613,2.691997250306655,0.8975880554866138,0.2919695755041342,-1.2491341952825001,-1.516230410408838,3.6265524443303816,2.4592158615568973,0.7418412827197987,9.54225962499528,-0.6261105741834314,-34.45118726292081,-6.731016011769633,63.31998312379271,-0.25896768849667273,0.029649243027486723,0.0013829271501934828,0.001479348424869874,-0.9995583131706884,-0.17558485625740694,0.10000417143290792,0.05883018380266013,2.1854748557375143,3.8816518835083533,14.771860316599891
1790485862900613370,53.50099999996601,8.298157315270675,0.2662972130838596,0.8093184741514051,0.03430839282616107,0.010769719608896763,-0.01044401128106835,-0.9992986890562768,-0.06412333207236622,0.2503957127588849,0.6768190599647318,70.71148328978875,0.0448861285108994,-0.2650984186526337,-0.5623412302619119,67.27711605493094,-0.6913714349334898,-0.16217252290850573,0.07784072996305251,0.35099373722169147,-0.04155234802057496,0.21641412345041863,-1.3468379466901155,-1.1435521046936878,-1.4533601387384425,0.41762468567384986,-0.7532876765483542,-0.19040137247107394,0.16898253621840073,4.788229498760538,0.44702903644752867,-2.1927995711667116,5.057383949257746,0.3671465051626478,-17.38168033555824,-9.564684271682257,43.64450155788208,4.1272699666536665,0.03420236795406034,0.010785590081277,-0.010266759110516048,-0.9993039891495987,0.3537242690186916,-0.03353874972513157,0.2109276884370822,-1.6466380594711814,3.186662466377815,8.921815432183939
1790485863018389011,53.60099999996578,8.232705656196098,0.2518986399770969,0.8095346873499573,0.04168812744533915,-0.000586883914374566,-0.024543611333597063,-0.9988289977469006,-0.12061117588775182,0.1695320011947497,0.4973618189372414,70.98987271624888,-0.016442996111487987,-0.3187521407707087,-0.6581591560239711,67.62397283176028,-0.6660922542871487,-0.02680422116046619,0.026877731146704376,0.07855157717696906,-0.07867575307778606,-0.20261928139026275,-0.05238732596469621,-0.16686126653307257,0.5653566163211872,8.309875543092636,0.46591171437573003,0.15161738316556578,-2.001976427521501,0.5736402097820393,13.449853314368255,13.209214286055214,-49.73422910753033,5.845062228453682,10.107070542960862,5.115133471017785,-10.070076284964129,-0.6192256720602092,0.04179026061686801,-0.0005517159372632277,-0.024502681993853522,-0.9988257547251209,0.08564653515018437,-0.07109975141198088,-0.19761811392485856,-2.4031515259403258,-1.5871661545705837,9.694161445263086
1790485863135630857,53.700999999965546,8.174745480345681,0.25223640386695834,0.7988587541722426,0.0039110753526414715,-0.016751556543976517,-0.015143450215967306,-0.9997373478861821,-0.07780961896727091,0.13615804661911424,0.5603314402952029,72.01449899788173,0.08446457284364853,-0.13008698735326502,-0.6419426673747559,67.71101115285151,-0.430113490758703,-0.009107691085292344,-0.20092504617925722,-0.28941652983580535,-0.9512529085215237,-0.6991703789862929,0.6678170948366682,0.27280369148086336,0.7567112334280751,9.708498135889254,-0.608717441599568,3.5292089143038456,7.763424449876581,1.9920285382121787,9.650900419860879,-13.558781369689958,-2.2354494139378387,-1.2042489725771954,-20.290901935313283,-25.59356917309493,42.343999731884466,4.206353513486684,0.004270194692632692,-0.016280779910208196,-0.015280401360777199,-0.9997415720960375,-0.3007171793757151,-0.9215820517344508,-0.7229219558603738,-6.477892781239834,-0.5187702079525752,9.3613518797151
1790485863252559247,53.80099999996531,8.13228634495081,0.25020709995727675,0.7878982778795167,-0.0009501994379148245,-0.04291203943079685,-0.009494438280745487,-0.9990332875508456,-0.04438225161450987,0.007779013681218626,0.5295180954477577,73.07223390876544,0.07968396331922122,-0.02581133804592683,-0.5562119313829887,68.59935358169392,-0.4079418261749175,-0.009871253602887023,-0.01828996141347274,-0.035484908921112196,-0.20037532972694896,-0.010903907450934882,0.3332651442363421,-1.1519145871013856,-0.6733839451032428,6.1290965555474335,0.034888833855780024,0.6005746135095269,0.12398629276517525,6.596883905786679,12.001170801192979,4.885326449932414,-20.248175850621486,-8.388056540407995,-16.684710386315032,-6.206567275563332,23.317649395239545,-7.3592816059084765,-0.0009430401592348084,-0.042812017018119486,-0.009512024777847565,-0.9990374183476431,-0.049977867352805586,-0.19053379044665228,-0.013674671239191635,-2.343275433536386,-2.7907512338250733,12.752829379635562
1790485863370976880,53.90099999996508,8.100305061968164,0.25118286857305056,0.7919178127167532,-0.005548612847004008,-0.05689342169920199,-0.011860102575137671,-0.9982943901624094,0.019376764618070128,0.03197915754090358,0.49656184624885163,72.97394271249584,0.06914477553795034,-0.09767130080088243,-0.5688955684976817,68.71018110941401,-0.29646291745441883,5.205479701688896e-06,0.05712451208187789,0.014655038650475747,-0.0628235413714385,-0.18180916016226584,0.9280720508381977,1.0664424466925961,0.0175714255251484,-6.651419461310699,-0.059372724308273374,-1.6535107146769956,-0.5078593918637806,-3.4575580041743694,6.30468706241018,1.5655590896111085,-9.742942651725281,-5.399554818600022,-11.115158032772273,-2.6729547588886544,22.353028389556272,-6.172551945788792,-0.005457907629821936,-0.05686310072019565,-0.0118477899176926,-0.9982967639408907,0.013285004382920122,-0.08176032829780427,-0.17984528544336148,3.5998376413068685,0.5722190680764785,10.697751941921242
1790485863488757111,54.00099999996485,8.068652426493141,0.248477630339201,0.7975863241979618,-0.01479147231950027,-0.03941376894945793,-0.012207554853241709,-0.9990389095367238,0.059934553057576063,0.18113695706833607,0.5376557601762809,72.23688028527587,0.06240533264087698,-0.2474873683528787,-0.6123544033173387,68.18987845045228,-0.31872648992404917,-0.06174529735314434,0.06135715294230546,-0.03868817353727393,0.6389222934044748,-0.12094038568061112,-0.07069738870376363,1.3994248548289798,0.37775526496094514,-6.459071754998536,-0.09862219552533297,-0.9608957083308212,-0.08663064977381946,-5.407931832795563,-1.5046792839360397,1.3973767417305618,-14.572030281922753,0.396224796566651,-2.2268639094537828,-4.8658049458118455,26.698900411915545,-0.43631623768547056,-0.014734196876517704,-0.03973394528952797,-0.012219771041932559,-0.9990269236761422,-0.035225610514174985,0.6363080476836281,-0.1250447225760173,0.2904322153387897,1.0083791098489052,10.17822552776986
1790485863605955598,54.100999999964614,8.041623281796285,0.24346485222809233,0.8028663010343853,-0.016863887406538908,-0.009446576805091611,-0.014363378435047612,-0.9997099903712761,0.044474424320481806,0.23821358932026002,0.5372334500568351,71.83585377741464,0.044841035462930515,-0.27909407592550384,-0.6009594313813542,67.86446471434977,-0.2254091964954528,-0.01622462888365735,0.046262581848555695,0.17810276445496784,0.5178437693225746,0.014822219457427066,-0.3021013146610844,-0.24685590620982956,-0.28053301107899287,-1.1496318859829882,-0.320629070056009,0.1883762945435817,0.16595579307425315,-1.067725996912127,0.7176207330357584,1.846257738048312,-20.233457376120747,2.1375000021345603,-0.8722638229094286,-4.994091368526398,20.73123458011785,0.22055529591471223,-0.01687585595794933,-0.009703815041272122,-0.014270055921041943,-0.9997086610424768,0.17641122911628085,0.5198140626184703,0.009773648717437779,-0.38626188416148866,-0.49248869725105016,9.803512808234856
1790485863725852985,54.20099999996438,8.026273742540763,0.2418542155754776,0.8049897798342622,-0.016733042040235815,0.0011981308892819226,-0.01989668894063967,-0.9996612884150564,0.02556396709946719,0.20248109693950603,0.5211753988799326,71.93567642347584,0.024144276069034788,-0.24116927285790357,-0.5913994838834739,67.98727010473199,-0.08793751324901099,-0.01694561778442375,0.007622168073290508,0.04849230555581175,-0.0803289840666661,0.04524248234037863,-0.09794445995027677,-0.451859177673443,-0.08896505737371138,2.898940878414196,-0.1150939308290193,0.26832521934624143,0.04469777120734731,2.2763843860519946,1.128383019978923,3.266926164234216,-19.330740567192045,2.6076927993182926,-0.19689256876556382,-4.8847598282775335,20.417942874416408,1.1345681982093543,-0.016754827406154117,0.0012391375751855866,-0.019873095944263487,-0.9996613428327862,0.0523054934931535,-0.07044011279718965,0.04222339556365552,-2.2332520802138984,0.7731356863648754,9.145770292608782
1790485863844157180,54.30099999996415,8.020266885920439,0.24064921931068967,0.8047573655262541,-0.01645511211840202,-0.006102623515378895,-0.021800931814251072,-0.9996082765981037,0.01811700793927939,0.14558712807770385,0.5109321132335182,72.29300948821202,0.014753536692857389,-0.19394532632060715,-0.5858537119490006,68.30983669952603,-0.047767784216250865,-0.009876517126775813,0.007827969456913105,0.002561099736755448,-0.16975726316887052,-0.008495363999129393,-0.013072488752562566,-0.2865522694115165,-0.12335018908577963,2.3488007347560917,-0.03449009086510143,0.2262397761345271,0.10115524083665467,2.0800305409967055,1.3402566440182067,3.724145338663999,-18.289264209402116,-1.759506680606653,-1.5434877594855818,-3.4383158093545925,19.926907115378576,-2.3135858080654916,-0.016449023422343917,-0.006017849642633951,-0.021801022452653387,-0.9996088887830824,0.003534826274632216,-0.16789046354864223,-0.007845825787641666,-0.38809082343486717,0.4482999535637254,9.9223435166693
1790485863961726962,54.400999999963915,8.017693482065557,0.2403579342128007,0.8054526620666913,-0.017272867970497145,-0.015135054824144232,-0.021437850546248752,-0.999506376523682,0.01900429826015933,0.14202559030296472,0.5039930185100266,72.42428123897328,0.013924305627084896,-0.18718314267950265,-0.5785808660330303,68.44920554894456,-0.02606738022760798,0.006711132799932447,0.01346396013288886,0.006298474426878902,-0.07099810387398056,-0.012404814541936008,0.009508533071216609,0.08676261727702775,-0.0571188330517839,0.12249171383195527,-0.006939507165109944,-0.022514409001985262,0.05877484642852312,0.3682633001695097,0.16012501718521327,3.894029648327152,-17.84287145182394,-1.5958849770179064,-0.9659410108697224,-1.6188089240198476,18.730623461850385,-1.0456291714852064,-0.017265955254088063,-0.015099651855399252,-0.02143522214620994,-0.9995070877960556,0.004733367676229462,-0.07732187474562059,-0.009785695392354592,0.9753561067302691,-0.030599701734621634,9.715419132496095
1790485864079982748,54.50099999996368,8.013853242333434,0.2405828893233147,0.8071879187516805,-0.018096631103039124,-0.011371865867932823,-0.01917749034646848,-0.999587623209398,0.02686487626133546,0.16888795785890498,0.5052206745990618,72.29232973315187,0.020137359034581165,-0.21475100791905075,-0.5762300768827561,68.30521764304451,-0.04819845881166188,0.0056723458263403,0.016533143370022235,-0.056613315158638385,0.20014509351381632,-0.05165470998757071,0.09576383676076103,0.48535947344505004,0.06944539633034871,-2.78741820952263,0.0838293325957575,-0.3338841900414565,0.010022908734970856,-2.3896305442088885,-2.464378430316453,4.622556277146146,-16.400589412868168,-1.5211544816644662,0.13070172686481019,-1.2152727549388016,20.219868834121925,-0.13325560687809967,-0.01807241153557937,-0.011472904640601123,-0.01920368053970419,-0.9995864039962356,-0.05843428120621136,0.1972369634536996,-0.04719199707233035,0.4625152951740006,0.08837834889428299,9.474659639728337
1790485864197711289,54.60099999996345,8.010112948617543,0.2433521909359695,0.8079332604390976,-0.018848641452428008,-0.00022386738444268818,-0.020259453281206968,-0.9996170432478332,0.02979375937323181,0.19808271263403515,0.5054213589024098,72.05646004403069,0.021759943869417372,-0.24065630165959914,-0.5785991890470406,68.089183389217,-0.023159041601590366,0.04050017872052307,0.00910602812199871,0.031175249699169613,0.1987739388638652,-0.013206243899081423,0.032815679744055345,0.12972957794745027,-0.06339893296940516,-1.770400512177059,0.020792110429475777,-0.22208608324000423,0.002854509692920606,-2.0133040504531885,-0.6784854472918486,2.742708909704352,-17.534666583348166,0.8926038794012412,0.6320611041094031,-3.7030848770796045,21.652868215961394,-0.006354185100554188,-0.01884405777862909,-0.0003230562617465971,-0.020241996735235596,-0.9996174561747408,0.036378437528629425,0.1983345806006284,-0.014449639015465279,-0.029354861883731275,1.2423827339220237,9.737066097213967
1790485864317763315,54.700999999963216,8.007891475720744,0.24585827211011174,0.8084526599768842,-0.018975226372053376,0.009554954653194388,-0.019813188661624015,-0.9995779515279253,0.03627094237126589,0.20076487890680456,0.5016467801924402,71.9304409571568,0.027478872246014044,-0.24738100837647617,-0.5757116378481805,67.94922155952291,-0.022924126471816554,0.028659558744476954,0.004057662777945129,0.05358685256607095,0.18341930724886174,0.005264904144091458,-0.026373265303681354,-0.09897280071151472,-0.07660271448492469,-0.7425409153511627,-0.033571784832495344,-0.01572715341206646,0.0041462327619917975,-1.0280003701890241,-3.0511728802337945,3.696613840799407,-16.475771726621748,0.8088142074848466,-0.15973985654212244,-2.3719567900679617,21.3155746783187,0.33076395865503605,-0.018979418677118994,0.009463844230581877,-0.019784641088609396,-0.9995793041555296,0.049773015751669154,0.18205832966434554,0.006378573502668454,0.16551241804582306,-0.3090098532524127,9.418435406961677
1790485864435889882,54.80099999996298,8.007542862153656,0.24907390231499807,0.8084958614806269,-0.019321038492793215,0.012991013993032808,-0.022493026314812616,-0.9994758600357463,0.034926754294619826,0.1848490395151543,0.49708348891288356,71.95437368998499,0.025243700175533536,-0.23791206312001636,-0.5773087647622223,67.95484699718477,-0.00035217480290366913,-0.001378446840938974,-0.043310174845429567,-0.11225762296785832,0.0923485830512901,0.07798277549114815,0.20047711614068162,-0.4895303935294759,0.4505149187673082,3.458420969115715,0.16469648412584834,0.574879741225123,-0.142826309390622,2.4856207870150984,-1.1680630781529922,-3.1432332428514504,-3.263609240453066,8.270789515442143,-0.7930716912225035,-6.895038099759499,21.881575215323647,8.757189606492451,-0.019361777147558837,0.012944656426546734,-0.02254772695744533,-0.9994744406260423,-0.09933104026697843,0.09048386745170148,0.06567074225243583,-1.2392201217581709,3.1244968503854604,4.7346762706073315
1790485864553160828,54.90099999996275,8.016732865331447,0.24444531680285972,0.7823888189832765,-0.007454131902562672,0.008904981169319256,-0.015211314720757195,-0.9998168597960428,0.05148698891054102,0.004116889667902451,0.5640115876386216,73.0567291977134,0.038495179800476946,-0.039968813059027865,-0.6322303319423179,68.92734075999934,0.21178069860387244,-0.09323174283337073,-0.40438162778073977,-0.08165929516509166,-0.3972130529072835,0.28670058979936125,-0.08014502726251489,-2.898380883813281,0.3269824325077404,13.777934246066126,-0.09271512554981007,2.6979106883984834,-0.26022740673342915,12.458122871681606,-3.785443136042934,2.915500202265022,-3.9145700841042657,-0.8659602069869203,-7.308845811781903,-2.802243149627464,29.572227475829877,-3.8287630788309155,-0.00759479823386358,0.009105427243200941,-0.015252340328964512,-0.9998133707592612,-0.08124860267834043,-0.4023349460093768,0.293001771121304,-0.3410416456195021,2.234261655841391,8.404569699086572
1790485864673190974,55.00099999996252,8.047261740011084,0.23646182045563222,0.7544382661217026,-0.0028509358365066853,-0.015632965024982425,-0.021481221835594366,-0.9996429560987434,0.01888563252703743,-0.10574504211002496,0.58816848068096,73.56001454949771,0.002409589713119023,0.08576647475637486,-0.6507561476334721,69.48742774104211,0.44392512470989626,-0.072147302372061,-0.08117423067601365,0.19283562588128011,-0.6545288584528832,0.024927232015363097,-0.40883252591267644,0.9326028884356042,0.44129842856729545,-2.8372604619801063,-0.45363968393894977,-0.6975522466946942,-0.3694722337765197,-1.9288286862850375,5.282218760009843,4.60205066560073,-22.771750792251485,-8.581369769009946,-4.253652030941182,-6.5848070367898845,24.820320048399942,-9.035585656857481,-0.0028578720926722935,-0.015305273924151312,-0.021385965051200245,-0.9996500495953762,0.1971458059541324,-0.6547412251569639,0.025352265269233773,-2.1450672081915108,1.1726419914090112,13.119620592179512
1790485864793072152,55.10099999996228,8.100096335308729,0.22718891103515476,0.7566338700336429,-0.002287210934305302,-0.03870557865987792,-0.020319425293500337,-0.999041424467719,0.007191717898027544,0.04149605636521994,0.6408877094124508,72.91311378521772,-0.015601029121310539,-0.06455408729439722,-0.6967862880996077,68.83196425280778,0.596412080806778,-0.08437766199326088,0.06191026102687898,-0.16379242742230535,-0.2620337667533969,0.02629183172475815,0.12487536989944198,1.6365358637231446,0.5433423786294482,-8.661363711196916,0.043907104242650756,-1.9498174411697078,-0.5364126286516356,-9.717833280997125,14.997783304420725,2.8980893527481753,-24.401484356787144,-3.5809025216903603,-9.355281990678185,-2.4164045955590594,11.397048293776102,-3.6235796210981173,-0.0022945121931711677,-0.03857460709772277,-0.020402051242409805,-0.9990447893894223,-0.16346262824662003,-0.2730772198687466,0.024067009032302404,0.9097620019862914,-0.5358664503067144,9.47448895341396
1790485864912835660,55.20099999996205,8.164536744013002,0.22191178756680144,0.7621586405344034,-0.0015567058802831329,-0.04076138977001464,-0.012753208681290188,-0.9990863032987441,0.022877200733876557,0.18023197367140026,0.6841121996255071,71.96051695211635,-0.006660651828768108,-0.2124576144999757,-0.7280021485618908,67.8370469581565,0.6964910904239681,-0.026134971476621114,0.05596767094675764,-0.04794501736038753,0.09611775220527004,0.04158821866162379,0.03788824894182784,1.095148930308457,0.23103717273195024,-9.975660735761103,-0.0049450920628920664,-1.1092962048011212,-0.1541539831546607,-10.01061708034465,6.950798255047828,0.7479483187047402,-21.221624282656677,-0.9078767625515773,-5.866435494831344,-5.042672494073655,20.241324668104475,-3.028692810230507,-0.0015771167396178194,-0.04080917679378659,-0.012777932048465453,-0.999084004598596,-0.048386944634101516,0.08824074085997434,0.035106179048824404,0.9433113149343981,-0.0033113212074003875,10.31965147839701
1790485865032508630,55.30099999996182,8.238500953431355,0.22172199285905253,0.7668658132191879,0.0010101856348402158,-0.032113784815829584,-0.01379548170993799,-0.9993884975494645,0.02068542940559353,0.2561873235372799,0.6920735752536643,70.98367365500224,-0.012745943621718917,-0.28642729376515624,-0.7341785104819468,66.8837933792167,0.7777466003592912,0.009226966816496525,0.035750193885431804,0.003802626221077906,0.2184060582669328,0.07949910997577188,0.026305521917213727,0.41780139007112993,-0.004519347154730858,-9.193948745023148,-0.011247390534948517,-0.5255606506265721,-0.00900941743511235,-9.331231705225655,7.483173797826322,3.963042396127311,-22.17793313779984,-1.0042843822186507,-4.978510869597659,-1.71440107743244,17.26980050835403,-0.19816321538033677,0.0009688928133211327,-0.03222237440630737,-0.01379496829029176,-0.9993850502605116,0.00593800853560126,0.2146775816095688,0.08160447520604959,0.5391954056262406,0.3709057338823751,9.459534711505288
1790485865150877895,55.400999999961584,8.319991519899297,0.2250072236579145,0.7689237233053563,0.005372618836709964,-0.02181426234732175,-0.014774914708551948,-0.999638422040906,0.024538446633537325,0.2768915956557776,0.6893462189547808,70.12031011780367,-0.012433140517145865,-0.30517926288450825,-0.7336049306911366,66.05895825516635,0.8350555219109909,0.018545775827032752,0.01101887982725886,-0.08065883965922932,0.23990184770623357,0.11554947153668654,0.1546961598435133,-0.026418717502657896,0.007095653993388712,-8.007304078825122,0.12357837239388646,-0.08420967132550669,0.03257546224498017,-8.238164168869238,3.224300130976827,4.4371768341524875,-18.763524182874235,-0.17794853126614996,-5.18591895248903,-4.305006066607831,24.250356509767684,-4.423545063492185e-05,0.005313972431090075,-0.021933099396705975,-0.014817134166885591,-0.9996355102650847,-0.08145912022526845,0.2525939892980051,0.11613381990844346,-2.4033135824033436,0.5433430841835496,9.55671403523871
1790485865270111370,55.50099999996135,8.407329592234753,0.22943617310206313,0.7698739427638971,0.009976771414056437,-0.014430168724905235,-0.016934862871316764,-0.9997026781409818,0.025315971554479916,0.2731076240879688,0.6830399199894677,69.3352371746187,-0.0151303649314366,-0.3059213314357628,-0.7334678142024043,65.29491474698123,0.8993088803893954,0.07171713664811515,0.012506387357011949,0.05440529869980823,0.09726452660696001,0.042432628899674,0.04529486980964815,0.05651638283495852,-0.08588244128653229,-8.136079232650868,0.009151567695134531,0.04293510628178826,0.012083863674310864,-7.432980610628044,6.70751749571456,2.4496268278442304,-23.053565511561512,-0.0044777786940972675,-4.567061189321582,-3.800012260625789,19.197369662688374,-1.8554148307943765,0.00995434527042912,-0.014478698602332443,-0.016908459627792815,-0.9997026469355949,0.05511217882125037,0.09466840657164706,0.03970183900101664,0.5446520165613062,0.12602320484322982,10.130432192094725
1790485865389057188,55.60099999996112,8.498368478232985,0.2347131662063701,0.7708060629382263,0.013127197096639821,-0.009689145533090922,-0.01659804678626853,-0.999729114309524,0.03350261405816278,0.2782744328216654,0.6791693015991285,68.52535847979493,-0.009866912456727018,-0.31851554952055827,-0.7323191746527347,64.47951004887048,0.927299608337934,0.05324729524299114,0.007408027944475791,0.059480674239584946,0.05426330891348761,0.08413101153793284,-0.01815526733710396,0.09221002181858833,-0.05726934367416844,-8.21012448902771,-0.04892194798050274,-0.254543512180979,-0.025250383772414026,-8.418677730534961,5.262377679092445,4.968520402226323,-21.87428752884417,-0.020806075951233183,-5.138534535075198,-1.9050953736045753,20.80772668124227,1.5175263500086915,0.013084404472662596,-0.009715962023566125,-0.016569078218645096,-0.9997298955660657,0.05873729984443956,0.05598490095605399,0.08757571159395046,-0.5004048131392852,0.0760608014366281,9.768685425805241
1790485865506940248,55.700999999960885,8.591660167110042,0.24032049666199692,0.7716187664084253,0.01619825904860905,-0.005913650429402023,-0.018823991410951205,-0.9996740981388651,0.03389470643735367,0.2844543856051923,0.67308038839376,67.70076868576793,-0.012712899857637053,-0.31944320249165203,-0.7315275030379783,63.70580271211393,0.9370867500401062,0.06032568613892123,0.018572306096823532,-0.002449882030309068,0.07282507111677003,0.05948464219201917,0.08291011928667603,0.07559507837797474,-0.09316214212038999,-8.39612641593131,0.047500688703226414,-0.09605038858078428,0.05691818591696648,-8.215457406438004,5.4774091158115965,2.136512896858477,-21.253536942356362,0.1365860236700005,-5.055302980674662,-3.8801402539304606,20.74051711099532,-1.166006820004875,0.01616784821730331,-0.0059494713803849245,-0.018825981637309447,-0.9996743404177721,0.0020200431350468747,0.07289523836232499,0.06086201032733582,0.04704192701527123,0.7802294622733345,10.365377872331953
1790485865625149413,55.80099999996065,8.685714429273874,0.24698803049267223,0.7728948661503597,0.018853313742966414,-0.0025603647164184748,-0.019262010769233135,-0.9996334188263987,0.0404330113859934,0.28940389925829374,0.6655399004128547,66.87748070198536,-0.009303056360260962,-0.32732180673879346,-0.7281648763613359,62.89614232560047,0.9415380572529412,0.05820106088882117,0.00372032026757144,-0.03861363436968964,0.08015520278198844,0.03517515365677161,0.11749266582406039,-0.02381685471962168,-0.025032286492092656,-7.873701965652165,0.08958355623622433,0.06838848837244706,0.027163138731143642,-7.598504334823325,2.844223724160216,3.6910328713613896,-19.299830014372517,-0.18531612761703276,-2.781266409106504,-2.722656548799153,22.541749314815576,0.39296402043900613,0.018835010049152546,-0.0025997248535948396,-0.019282111113060326,-0.99963327476538,-0.03421443916493541,0.07989673469188795,0.03683607461158799,0.1007397501715352,1.2222917260615913,9.785327102493163
1790485865743558317,55.90099999996042,8.781639600632781,0.25281450085563756,0.7728429183389641,0.021518686871387135,-0.00246502053602787,-0.02066594871054545,-0.9995517937320612,0.041330191258665244,0.2787732485538904,0.6621653348920745,66.15348259346679,-0.011120291465018282,-0.31726019041831716,-0.7289481453965103,62.192802840889044,0.955087853946046,0.08302608460076978,0.003116941863308898,0.13716570210982845,0.03607814691868653,0.07766688098001076,-0.10444989190024682,-0.38291856384873457,-0.1329876459780044,-6.571571160722201,-0.1370688298461155,0.1741750154015048,-0.03143145259167224,-6.851054524008253,5.276270460449416,3.4332604929347568,-23.97804955976181,0.22479262419960166,-3.2149063811683893,-2.8359937361502867,17.50309691335588,-1.096237970082055,0.02147932891329389,-0.0024837247991912367,-0.020597880433682738,-0.9995539989726397,0.13519319941125515,0.03452812577190831,0.07693790982047514,0.36391283877813657,-0.6120129770911402,9.856642764367656
1790485865860055092,56.000999999960186,8.878415520917455,0.2600402529213279,0.7731861096371403,0.02412766015123237,-0.004094784394796754,-0.020286107205186144,-0.9994946536179403,0.04953695221109434,0.26851795287837266,0.6575712808586999,65.43693392798157,-0.005679584640804315,-0.3120505507823485,-0.7275382014054562,61.47677712079127,0.9647466740175202,0.06575184012289573,0.003886347597108357,-0.014402806609069329,0.0024255990550141548,0.12564475429578875,0.06620875851295044,-0.26557808605374594,-0.054462508946574985,-6.791261177753765,0.04919488509171238,-0.060532339685215486,0.011359386355935768,-7.696291021239366,-1.021541633779751,0.2118516934555083,-15.994560952210152,0.3878171352025661,-0.9825461961140481,-5.718320898083273,24.237262317954507,-2.237541173035102,0.02406487435814487,-0.004094548398761782,-0.02029359143481497,-0.9994960163213327,-0.014033626083978495,-0.00022006715709155765,0.11892146083402486,0.6290068054616921,0.6203177961143386,9.703415660485655
1790485865978014891,56.10099999995995,8.97416461531573,0.2657114332001203,0.7728518971003276,0.02698002066433435,-0.0027406554648062476,-0.019583635796827373,-0.9994403676565964,0.05375202031094663,0.27967544648006243,0.6598831752326252,64.61902650576606,-0.003213646498970555,-0.33087766398501606,-0.730315596263659,60.646469995668575,0.9125470158420397,0.04905350870441443,-0.04164106753491391,-0.06235434085543412,0.1582319751955517,-0.046318782708332305,0.10219019851944633,1.0017904429811486,0.29624663228984366,-11.494081636773313,0.10071035031652174,-0.9043161757585424,-0.22790020159186358,-11.268594176394515,-6.71370540777039,3.950902665507778,-16.68170041556987,-4.252959181613344,7.900017559394268,-2.0272877889859964,12.338158829238314,-4.365702911802742,0.027001703057325147,-0.0028193395501754665,-0.019616866522466882,-0.9994389115420436,-0.06377565062403463,0.16569935764186777,-0.043479944613477525,-0.5308893215505146,-0.46016798043672136,7.33786611920177
1790485866100973655,56.20099999995972,9.05769584357619,0.2695530094519548,0.7657891961123341,0.023505471215292794,0.01396521246277788,-0.014551519113920407,-0.9995202443949264,0.06530856597661622,0.4578323756480035,0.6770122015671178,63.08889487720963,0.010587604930506884,-0.5013420794628759,-0.7357692902933078,59.12266107437744,0.737502909400893,0.059297042226978305,-0.057691573278160706,0.15579016554618103,0.5584393348978224,-0.1005699837025148,-0.27178330428772557,1.8310863503380332,-0.6701291642349062,-18.02726184532784,-0.18503053120111376,-1.7928912862821982,0.36725887669452784,-17.170633522021493,-16.55727600913121,-0.16493922724782495,-19.309339226716936,0.55850225292515,12.608445489269787,-4.21600122921145,30.688124058634617,3.286269290917973,0.023552755815693067,0.013683563468533388,-0.01448092620343052,-0.9995240520170485,0.15149026035074434,0.5491645454082297,-0.09683776160024517,2.9849603272191647,0.3925516364176862,11.517582008057943
1790485866218634177,56.30099999995949,9.124327550194232,0.2761265057989891,0.7659522971322652,0.027946677344022213,0.038872524648389126,-0.02691410413027172,-0.998490631429135,0.030640141060094588,0.546782851413095,0.5721971805432441,61.62665525680247,-0.01767887835481613,-0.604129448823344,-0.65211306749023,57.70293281937343,0.5725490725969477,0.08250553023846853,0.053958422197421155,0.2933841180970139,0.5064477720403027,0.17967629648776584,-0.3138278574078761,-0.40218912804948814,-0.9138329562876162,-8.588223683844546,-0.28231346633847304,0.03723494004242161,0.7475732242659927,-9.14838929911186,-8.198602610439114,4.571055443379935,-28.211474253038517,8.522536391025056,13.883501017931279,1.7267103604844625,17.71319608447055,6.890698651173362,0.02785586048325208,0.03861799951074587,-0.02677121675536043,-0.9985068868585542,0.305280827208288,0.49049391952347365,0.18276510020027154,4.1511660556380665,1.930021832359977,10.607020668984942
1790485866336257970,56.400999999959254,9.16973911273653,0.28142600558080294,0.7733747797231589,0.03206376387632136,0.06599379059685363,-0.029665242022315397,-0.9968634350122882,0.025088306599447625,0.45378188391087715,0.527590733868387,61.20004750106285,-0.020185670944516707,-0.5136988598805732,-0.6211864142793921,57.315559136430515,0.3546201772424288,0.043873306444601155,0.0833135681672515,-0.020884322267241667,0.47212342157240694,0.03392062094950269,0.05882404180190378,-1.2605720284938238,-0.038867688491848955,-0.4341751469195212,0.08544332690060964,1.2954451341348199,-0.0075820888836827605,-0.24668378538132874,-10.48490965892157,5.5937988895912305,-21.27126683056263,5.6651037401467725,10.697042492502431,-0.1778043993467926,21.752334973600334,5.185665462942129,0.03203916391787638,0.06575930540601577,-0.029682100350117563,-0.9968792196885069,-0.015552735798888542,0.47293676788976785,0.0380432024798749,0.7255299583720163,1.457893221187256,9.561184754181507
1790485866453884442,56.50099999995902,9.201608820234783,0.28594209278390126,0.7823018014732982,0.03312073448521541,0.07274421491224516,-0.027601452285295546,-0.9964183137496533,0.0333545608591662,0.32034542676592387,0.548084030780255,61.499847712983886,-0.00945218186816127,-0.37933880327882014,-0.6409325345689311,57.59677590796262,0.29409463470725267,0.024437222620510134,0.09237959352307168,-0.09851176427894456,-0.18638130574260256,-0.04513141422140885,0.11605025037505734,-1.3012258941966763,0.21424823087240308,5.190892951028726,0.15184859178456872,1.3920831050073106,-0.22222815498917037,5.147824982778659,-11.063501656249073,2.210261129472926,-16.091242228458906,3.159527412882854,6.842313890088672,-3.5337853069011906,27.446984847867313,1.2088795999802993,0.03314220829345526,0.07283807990732223,-0.02764908656964203,-0.9964094219529999,-0.09944453899719302,-0.19109203366794641,-0.0476951138030106,1.2317847575503396,0.7422353466390536,10.291723798004691
1790485866571537454,56.60099999995879,9.229152246268862,0.28859508723096977,0.7903561233256736,0.028873752531169725,0.05071611788044619,-0.026058686884872884,-0.9979554732751057,0.03894634992809256,0.2190444335770904,0.557925087859344,62.03138497501515,-0.002028432259318346,-0.27209829574505534,-0.6483607985196324,58.10355488906292,0.2603945258074408,0.036473344209546475,0.06891293223657323,0.03270348875268594,-0.6369167881404246,-0.08560334685100744,-0.025271907204011727,-0.7148612870195776,-0.0964581084057634,4.831069200413227,-0.007574112671353331,0.7950422437745404,0.04461674279305855,4.885151143101193,-9.181240617264312,2.9252240895956065,-17.346541951606234,-0.258511408754587,8.640853666300233,-3.9581093753202823,23.27948427365109,0.15334069965912045,0.028925593104673065,0.05103233505579458,-0.02603534286959678,-0.9979384609102694,0.03707223738573576,-0.6361370429515403,-0.0858599722517534,-0.242432659647834,1.2312731686330043,9.72250360156918
1790485866689997448,56.700999999958555,9.251913231148727,0.29124703953705444,0.795569936117902,0.025131447130275743,0.02010560340461378,-0.025797748269390606,-0.9991489634989891,0.04321725158237816,0.17276592281240974,0.542710222664278,62.40161768487234,0.0037641880945686584,-0.22125562891823705,-0.6337067697940201,58.46470368433477,0.18545126861781522,-0.0010040380745254896,0.04471255825998031,-0.10264742345292037,-0.4902213329910458,-0.028045254074046472,0.11726393635513682,-0.24647232538439323,-0.16771759070010708,2.256157053330526,0.13354623565533688,0.2637153524830794,0.24483252638940214,1.994721236654798,-11.335259604202362,3.0573169361406776,-13.434785826976663,-3.2287359897389933,6.853567657644215,-2.4389515913705773,24.0997051312577,-1.4505901648743351,0.025150748441912486,0.02035143292493149,-0.025843149438442656,-0.9991423275278735,-0.10520693143792284,-0.49710508318809815,-0.024800504859248788,1.3204425527563,0.3229374746726285,9.876998855270545
1790485866809395581,56.80099999995832,9.26510841956686,0.29297218668214997,0.7993299642344412,0.02326698360371346,0.006190308446928781,-0.025257923035372703,-0.9993909969972998,0.04700967576161552,0.18103522548914003,0.526490731806946,62.39718661938606,0.008357967937348347,-0.23145454100027912,-0.6184927441081789,58.44611371906338,0.08898979033700359,0.009375562539683269,0.04096211589761878,-0.09340403107878167,-0.08768885638602271,-0.03819685335932083,0.14180057655910286,0.28230289367613653,-0.11453608029952703,-1.625314425341538,0.14598159595736604,-0.34539471844352115,0.16863624993162218,-2.083705937781761,-7.9240616132977575,1.8243894002383207,-13.662367788934452,-1.0024141317048414,5.175613534404274,-3.974025005147408,24.060411626420958,-1.6774687588618051,0.023286888666710324,0.006234730388309283,-0.025303694650342184,-0.9993890993953521,-0.09012232484160491,-0.09180014142098737,-0.039310673385361206,0.7717811851213517,1.281720291872938,9.741036785030008
1790485866927069403,56.90099999995809,9.271836222931427,0.2949855326972875,0.8023841671648901,0.021662082537414223,0.007309120189527121,-0.023675731186896812,-0.9994582486001928,0.05403096055992118,0.21038027698846923,0.5157217265840673,62.17897547301752,0.016117290466376787,-0.2552886168318827,-0.6068071452267609,58.24626819052602,0.051181140798556284,0.037398422704113525,0.02910594470682901,-0.002795880834829156,0.09321087483787453,0.006768347637645314,0.06392380579713586,0.16357147390368199,-0.15358611672060804,-2.1120262290795657,0.0713832616361129,-0.18656103211053074,0.11374909982399622,-2.056615600064559,-8.913108592285704,4.072513166393356,-16.354326714035352,-0.4559891151507689,6.01802928441074,-2.619241175224614,23.496346980745425,0.4290743515268778,0.02165758653778428,0.007262650397789455,-0.023678113179604714,-0.9994586283637825,0.0020773423498451917,0.09109651613772761,0.0032993034914771792,0.4205206162611632,1.0421458729414803,10.169512417480158
1790485867044179821,57.000999999957855,9.274893282415881,0.2977027124788677,0.8041939765002287,0.021821904544677053,0.015201530040404464,-0.021845842260274057,-0.9994075630804545,0.06277547717947356,0.21808160453978911,0.5057594151689185,61.994995906464155,0.025991751842572415,-0.2690262835349265,-0.5970842023090772,58.040882681528245,0.010620316080364208,0.028131449001550755,0.01367475215491779,0.02430166520347161,0.2070049803436529,-0.03594181141764404,0.0034048495614174175,-0.005822215632994228,-0.11772551023594525,-1.6373488140402805,0.015806116995045513,0.0005468493082741964,0.07482635857132007,-1.59646079281552,-10.81551865439242,4.8891066086536235,-15.084359158396467,-0.3051712894291395,5.746973864274658,-1.0976607533687441,24.15970761260417,1.7450542317806848,0.021837788293880098,0.015097431040240443,-0.021836230310860745,-0.9994090041740806,0.02060644769625366,0.20452498674250766,-0.030531598835128092,0.4360365084561724,-0.08454462401541443,9.743606146830812
1790485867161655035,57.10099999995762,9.276898570259009,0.3007136073812144,0.8049614840422914,0.021424734549085608,0.019929289941101058,-0.0217278470695308,-0.9993356317142242,0.06738210637416699,0.20939912500761285,0.49864767508206836,61.941064907275006,0.03178687691902652,-0.2649458345790922,-0.5928339659877463,57.9728951865565,0.015038037102306312,0.022285764929596916,0.0035362642069365017,-0.005670371559065988,0.05770622694528848,0.012580000278691902,0.03725227963163867,-0.24814936066363716,-0.03749988101702217,0.4885697481398304,0.053413679622867846,0.19399680480072007,0.019650922202531017,0.31296304470815617,-12.072284059080097,2.041057678838966,-13.711596229860344,0.7117409647820135,7.07623058131911,-4.336754523448189,25.902566731973874,0.3868939697418692,0.021417765299119443,0.01990065339922004,-0.0217311731772015,-0.9993362794556285,-0.007936688960008209,0.05695960626455323,0.010379758031203678,0.1449613923620564,0.14934888910318442,9.826842055565734
1790485867278930112,57.20099999995739,9.279433110986492,0.30310089563581966,0.8047715603165374,0.02126067816521401,0.016989602978945566,-0.02243626661278682,-0.9993777818698267,0.06885940528267379,0.1855966794059519,0.49753143463191374,62.06115882018058,0.03466834753915238,-0.2456502856538016,-0.5952550524289938,58.078216006729335,0.02785089500012831,0.0065123907208615136,0.0018788016913299105,-0.03492267870308876,-0.12693783345001197,-0.017996349273363344,0.05152824426579869,-0.20257128891925574,0.0036215120660334135,1.5061769352781538,0.0655765267683528,0.22800645027139113,0.01612312366350714,1.4840618328713189,-12.239032117879526,4.245015666017584,-12.442026127803558,-0.6148050808125617,6.4495844277109935,-2.5723223650841187,26.354731414894186,1.4043025396037692,0.021270798038405942,0.017053201721086715,-0.022452520521048378,-0.9993761182778599,-0.03539385110593261,-0.1248831382418746,-0.014336657252183341,-0.5170938460294318,0.6955746452668651,9.538219210835374
1790485867397167337,57.300999999957156,9.281166174232105,0.30463757608013636,0.8045883744916932,0.021087827574045852,0.011251881676973045,-0.02316234096150508,-0.9994459488377136,0.06920242498006314,0.1686607123780631,0.4959110890329929,62.19005430952428,0.03609283523629938,-0.22796437741199102,-0.5965947065530133,58.21378301660282,0.010826863090544219,0.020503353687395275,0.0010818965871608026,0.012785790159844384,-0.10903727735915823,-0.00039093662727977515,0.013730132312208787,-0.13349834643935254,-0.038252085734322726,1.0819272567934524,0.023049527748422807,0.09788816624077193,0.0021305918728526836,0.9870687594022909,-9.21475990805074,1.9445882362673472,-14.749573708892129,-0.05531118164990001,6.317465059497803,-4.095039340960223,24.223637828735086,-0.704450779656895,0.021089357613685335,0.011306230752785307,-0.023154804093257923,-0.9994454778470958,0.01474145910203328,-0.1129682461673879,-0.0024853318022247835,0.5937891455698283,0.7004121125300817,9.967204951672416
1790485867514961668,57.40099999995692,9.281210412997547,0.30595670877188297,0.8052088079422035,0.021071997491286496,0.00752626179550887,-0.022950742489806417,-0.9994861628478303,0.07172664534918446,0.1692564199260298,0.4926056336083584,62.22436167572351,0.039761795297038896,-0.2289093623317275,-0.5941196039252606,58.248695817052194,-0.00368238959330351,0.013789293246778016,0.005030275772872838,0.0054972900357267585,-0.056803330297453436,-0.0064957073397966265,0.010732914678800274,0.09334484571983102,-0.022671758491616834,-0.07441956166554903,0.021548091333948426,-0.05304362042163416,0.010066055128519156,0.12592368082436056,-10.458155872865715,5.771286455679937,-15.057413610931892,-0.9243805688414504,6.122045535953937,-1.184182387169854,23.324120182842513,1.2285423042563988,0.02107591619372342,0.00755451640362516,-0.022947421212060764,-0.9994859433219755,0.003973708499091849,-0.05408952899297862,-3.140596238393077e-05,-0.7226803433261628,0.16826810177515808,9.48696367716478
1790485867636135772,57.50099999995669,9.2794706581143,0.306270496569955,0.8056447967753846,0.020514765172104456,0.008038330552976885,-0.022361867663915288,-0.9995071167962918,0.07346014469487472,0.1789079655725648,0.4920804460433301,62.18916927040091,0.04250176952521999,-0.23593263273209938,-0.5924874404474506,58.220514878681875,-0.025633558224996023,0.008647243372543115,0.00028336511392813726,0.03078210332408901,0.055524266306335175,-0.01710473628025934,-0.03072216927255177,0.0344344402030273,-0.01775358531148942,-0.3210100413399006,-0.02300036856435539,-0.006922151222921911,-0.013159469772733988,-0.16197463160908157,-7.995754490869696,2.3163426788009835,-15.583318590881417,0.47591935997392065,5.484391638398004,-3.3137541059542137,23.07449598888837,-0.1356657331876162,0.020522816219051904,0.00801007510823901,-0.02234712246656724,-0.9995075081402158,0.032231094975903526,0.049969980223221966,-0.01839913437044168,0.8682504376191701,0.45845121089073815,9.860883444244449
1790485867754481787,57.60099999995646,9.277742946114277,0.3071458114079543,0.8059991833787074,0.020570959460135277,0.008578665121145112,-0.02294367199323418,-0.9994882840969658,0.07289191577189927,0.1812963416559958,0.4897297907963117,62.17954116679757,0.04289750907967771,-0.23582763613380467,-0.5914641840047188,58.22553075053561,-0.00843459236444636,0.004737989425644266,0.0032484291264980817,-0.0005766083389601969,-0.03450233967629648,0.008894411242698106,0.0028578611220421535,-0.04580518353162557,-0.017831821461009152,0.4428208626968417,0.014286661149968908,-0.034207654595164595,0.009216375917937556,0.12390002288191707,-10.812197991376438,3.0543360012121066,-13.382317799965271,1.2226186614402754,5.347399488908258,-3.802711715812841,25.482235528629253,0.018017964175496545,0.02056690785887206,0.00859601542784313,-0.022943567122028816,-0.9994882208148365,-0.0024839055421705973,-0.032347405774264766,0.008439179799960297,-0.6139282230731717,0.23726639718127776,9.530846499867016
1790485867872715003,57.700999999956224,9.276410168094278,0.30801144146346043,0.8064185247539054,0.020943621934174258,0.007843844293606368,-0.02354514158508343,-0.9994725934785381,0.07220082705511548,0.17597772780884047,0.4863989419872234,62.21262900250966,0.04332172615684374,-0.2309821395634668,-0.5898934082325842,58.26246594191157,-0.011757380284972698,0.01155382827906537,0.006315066890716777,0.00933209252073242,-0.0313006827050471,0.025846901788328693,0.0010736735604355975,-0.04595358549044444,-0.04379940685083606,0.34592203628607915,0.012151663456749656,-0.006606363689082186,0.02208451540993534,0.22391462576222732,-9.129470508710156,1.1585669369255291,-14.494552416428872,1.1161473774334374,5.920087919952922,-5.129938399689951,25.132526013846356,-1.5025330794445293,0.020931110383894773,0.0078596929397369,-0.023540048850251676,-0.9994728510295409,0.01188822224765172,-0.03398467805935591,0.021242451732265605,0.4022658076055223,0.8177553754049085,10.075365490127693
1790485867992179286,57.80099999995599,9.274983507485498,0.30984324010271924,0.8070778118433292,0.022117452905108574,0.00674694174138474,-0.02522039526749669,-0.999414442919793,0.06999273554503191,0.17236711032891355,0.4806683382548271,62.23472225348828,0.0423899629284192,-0.2304214448545155,-0.5885450048713833,58.28857286293163,-0.01343276943178913,0.034492211551706044,0.0015623818685390502,0.0879253933775343,-0.025787717607748867,0.015410732972829511,-0.07021869115673413,-0.02104615250711922,-0.06717318906795132,0.15969922498066144,-0.05924899482795409,0.03803733128357146,-0.03126840147521522,0.5116178678793445,-6.4684600409971,1.2087418350963661,-15.282155816549485,1.3491498114903822,6.161491102727544,-6.040825537248422,22.705128772786807,-0.7080644809863337,0.022110373828656993,0.006759050032327711,-0.02517612111930139,-0.9994156340268068,0.09525374440620682,-0.020849462479767617,0.009834537600988572,-1.0884549759740865,1.4194922142217807,9.284559214848445
1790485868109762889,57.90099999995576,9.273585273095593,0.3108030187753308,0.8073982959436671,0.02433614823975586,0.005811358983932019,-0.02323408657696058,-0.9994169086104894,0.07708554652482441,0.16729572153480346,0.4794099517454064,62.26829951075535,0.0505952188338691,-0.23259941784898938,-0.5859218204717466,58.29866926020965,-0.017198452763257415,0.002629240052077877,0.002114825542192668,-0.02924031147209819,-0.00471468189083458,0.04098098187261266,0.03911327086107527,0.04062119336579536,0.004982222564032367,-0.06304888981619933,0.05409556301065739,-0.055910895941975514,0.013610578830757593,-0.061659608593927294,-12.28468929400298,5.028348137521189,-13.224080240649876,-1.237595056205792,5.741282233242053,-2.1548378786628852,26.47680979609045,1.5436355045990877,0.02431563949656338,0.0058145468245923764,-0.02324852175418566,-0.9994170535653989,-0.03272019233500582,-0.001622776125297553,0.046047634368335456,-0.7361961635381715,-0.010916552179213912,9.846830352314488
1790485868226978456,58.000999999955525,9.272433246041455,0.31114097788082595,0.8077248162886898,0.025774264791870494,0.004646351908530218,-0.02359417626277271,-0.9993785136447862,0.07588002838308455,0.17066395082934074,0.47816435077749264,62.26978792997564,0.05084757111179252,-0.23311336426746415,-0.5848982356458716,58.32036120828006,-0.009868938067911986,-0.019320786665899828,0.004455677242718448,-0.08272604360563354,-0.018044330606674874,0.07543329575163772,0.08075549997100624,-0.098486087076402,0.013775910906398401,0.5638428370661439,0.090956964830089,-0.08546937293497545,0.04528659765233704,-0.19933744161650702,-12.414250935633422,5.955300420683507,-13.408559705489985,-0.35001345925067373,4.660115502230143,-1.0889387631590388,25.372393255169616,1.42496309622787,0.025736592226369894,0.004657324453920958,-0.023635105755577767,-0.9993784663106502,-0.07619468075659153,-0.019660738250246796,0.07093553520419978,0.22661396757191152,1.8251728779349072,9.783067331184604
1790485868345527009,58.10099999995529,9.272115317463909,0.3098678037818617,0.8081440364430292,0.02766593480124729,0.002880661848563498,-0.021808386913710558,-0.9993751508313128,0.07820145120660242,0.16556491030615994,0.47812607366907833,62.31079899459698,0.05437635097783592,-0.2273074533200331,-0.5809918569339573,58.36316434837577,-0.01190859630186969,-0.021622194328631876,0.004826172919411131,-0.043489859370060564,0.02177394685869449,0.07583260126061628,0.01635794386613815,-0.17191513030517935,-0.007140984158956559,0.5945791361467267,0.02766606560405879,-0.03571650147848683,0.03764022163867979,-0.21456600726424155,-11.143097215103111,1.9156451504243428,-11.595167281162565,0.5603676260642099,4.921578847821786,-4.355117564800065,27.006544978576905,-1.3454325124582722,0.02762774209741333,0.002871210162092599,-0.02183031020821859,-0.9993757559471897,-0.04347027876913983,0.01993248107151252,0.0736270954447247,0.281623649986135,0.6823035657949176,9.874157639280547
1790485868463445008,58.20099999995506,9.270903440280385,0.30799330580464274,0.8089865083430037,0.029525968029087385,0.004042653776704916,-0.021371241439221825,-0.9993273458690769,0.07530519538996257,0.16735670958414162,0.47671787872040683,62.287948217078366,0.052489819197993046,-0.23087653223858226,-0.5771684378799274,58.33700279551698,-0.004485465833789638,-0.01680138327184394,0.010046212133714224,0.031860749555140046,-0.011913873181826719,0.04083124777593727,-0.08566725278477903,0.1267047520121159,-0.02164176741840217,-0.5462481755361283,-0.07489110637408214,-0.12650868143191912,0.020068468418520148,-0.4211225367652039,-10.329922844192012,2.5097631266562086,-12.950977886891106,0.5053388515286308,5.5178853418392295,-4.203685988166053,25.421008890319808,0.046973489575915545,0.029505757835551875,0.0040485726524008185,-0.021355063354915525,-0.999328264677396,0.03211983621509954,-0.010420035330388275,0.03935416363217903,-0.4357903526590985,0.5224373084985465,9.562794000726667
1790485868580979992,58.300999999954826,9.270868610198155,0.3061864347749392,0.8094661622794989,0.030934847152339205,0.003903285348752013,-0.02241707706883861,-0.9992623650727757,0.0683663207999353,0.16744683475075334,0.4755227938671961,62.2837737983712,0.04655729995470173,-0.22769196662924604,-0.5754655875188082,58.35236083040246,-0.011163273475200275,-0.006178318823797704,0.00116299454312386,0.05040896816711987,0.05907702421160458,0.026467347898599648,-0.0859851183707428,-0.059090666069403115,-0.024886206232762352,-0.1425104887471176,-0.07899039832767354,0.09709303467435408,-0.006465949678971921,0.168892708235052,-7.936611037825087,2.3447030610057187,-15.293987201568381,-0.5813173874623787,5.968054829987275,-3.54805345325877,21.851963319275487,-0.5567595793868436,0.030921059427174533,0.0038732855854345413,-0.022392753272158047,-0.9992634539217208,0.05187285250426993,0.05601703714659697,0.02530082209507979,0.5561153188259222,0.3711733551643915,9.630157084542585
1790485868698203499,58.40099999995459,9.271162322539658,0.3055954029138635,0.8101403553112136,0.032274170521019836,0.003582626210625214,-0.022929193599779185,-0.9992095850158158,0.06553925941528523,0.16588474433760397,0.47249019411353105,62.280956738281176,0.044184813733946345,-0.22918898736299642,-0.5729485786235106,58.34427040750367,0.007150846093650997,0.0011613312821178343,0.008371702078228665,0.0030577026586486207,-0.018319230216740666,0.03526930989922225,-0.005674157399583304,-0.051003266351049036,-0.0473511103359331,0.11059028486704818,-0.0015404859144061479,-0.044946138062440084,0.03221537328472566,-0.17787721727328482,-7.741606155418803,2.1791833373442757,-15.6712482075789,-0.043172339997172314,5.065287623302695,-4.410477059101795,24.338201328941814,-0.4946129770376435,0.032256765298247926,0.0035921335911332846,-0.0229273071549661,-0.9992101562010761,0.004642206929122193,-0.019683563221348437,0.032881395070740865,0.19062956946082374,0.527383698879261,10.217667005630984
1790485868815899461,58.50099999995436,9.271196917272976,0.3052409207577936,0.8107718617248553,0.033287724162019756,0.004592771756623119,-0.02231656682186011,-0.9991860711163808,0.0660815284075992,0.16787565173791208,0.4708141858065611,62.25095420977809,0.04550551062779705,-0.22667889677044512,-0.5694232471358062,58.334758344331945,-0.005486433515058378,-0.0002772071786649897,0.005075321068562245,-0.001870718383535406,0.05045205513411082,0.0024219205429458447,-0.0008274835089767327,0.0828122042843101,-0.011731180748610312,-0.6849325491986583,0.00717859465703302,0.06341734944998427,0.029150339642056104,-0.08315437489317709,-8.898772231556137,4.501012112060518,-14.673213473497587,-0.8606465660531366,6.258005646847577,-2.1562497153671667,23.860390364986994,0.08865543183469203,0.033285946922532554,0.004567624420239094,-0.022318335567992325,-0.9991862060907863,0.0038172001178712923,0.05090728470265483,0.00635722072431326,-0.11788624484074962,1.4681426143401846,9.815003814470066
1790485868933142447,58.60099999995413,9.270501640453075,0.3043219594889349,0.811162518375183,0.03454915192475443,0.0068849938199654105,-0.021064899864352726,-0.9991572563691293,0.06751913426548298,0.17551267276414925,0.4715411167769698,62.19182143192981,0.04756802556049516,-0.23619754370981724,-0.5672661861502564,58.267776136924084,-0.005765855347672768,-0.005121399930478002,0.005485818751409443,0.01957830097601464,0.046775566756652086,0.04477481308796023,-0.04385990024879785,-0.07242893453770327,-0.034475865010479466,-0.0771021625781276,-0.03392737063969247,0.0011372858646758431,0.018258774818101307,-0.22475474699433412,-9.958068691903694,3.137617090755637,-13.71412220765333,-0.03846086902498115,6.484856645938259,-3.4202931226860347,24.603208861347188,0.9664106052323965,0.03452635810222245,0.0068617591241883855,-0.02105577284248686,-0.9991583964957339,0.022587024604264254,0.04750342501592223,0.04529912689939022,-0.25434008697567234,0.973257863028426,9.577168194633693
1790485869050676251,58.70099999995389,9.270146608989766,0.30377576454291255,0.8111529448024286,0.036065698191855546,0.008081522169204318,-0.021663333277650746,-0.9990819057538092,0.06423810043363032,0.1710825714936841,0.4712686995911145,62.19462393031456,0.045186165469289684,-0.23218599646624688,-0.5673684221582002,58.2767801741207,0.002251720267304646,-0.004556760305605943,0.007250706396053149,0.02478360472271821,-0.021399893317361224,0.020693942500961182,-0.05048007331044073,-0.037208860381355,-0.03993714701115877,0.15289881890389512,-0.043883813162507744,0.00048066759865216663,0.02212329851893556,0.09871006457923596,-9.279329915526347,4.884589892432152,-15.549868599165999,-1.0348003062872748,4.692938590972915,-1.6259378838220395,23.348182757413305,2.171545503293878,0.03605569265447226,0.008091989521669765,-0.021650483327745215,-0.9990824607130593,0.020095468588999073,-0.02171622603626172,0.025274365447417776,-0.12808152904718295,-0.5363605785604018,9.759335534523112
1790485869169363452,58.80099999995366,9.269507251845416,0.3045825480791882,0.8112083082992544,0.03732857552192149,0.008806384024530009,-0.023331740481104885,-0.9989918192538106,0.06065330889970579,0.16432703129663825,0.4684523547260724,62.209397295982384,0.0421129130378567,-0.22196647262961264,-0.5678406200215016,58.32027982533607,-0.014958074249796687,0.007368709282138089,0.0004305775677763635,-0.01043672536875517,0.048900599216848126,0.004251375555361755,0.028750002819631026,-0.0971155296534626,-0.012577976117244372,0.1843653765495204,0.03306232007802311,0.11632540455175922,0.01857666487136686,0.24925425564654904,-8.254608963200656,1.8215558985781763,-11.350098340993437,-0.6050183101085614,4.414673081380016,-5.35054035505949,26.56057405158614,-1.3605218078464678,0.03732583554252024,0.00878220276251446,-0.023337847550623972,-0.9989919918534852,-0.0034861820690361115,0.05283419764739989,0.002272809850509684,-0.6498697823094584,1.9960652759592523,9.63458326658964
1790485869287398271,58.90099999995343,9.269275452845104,0.30368311175590806,0.8113171949802163,0.03858056312932035,0.007572148593599015,-0.02137361274899345,-0.9989981838784077,0.06432753115460091,0.16342015188927114,0.4702565908043391,62.23161345077553,0.046720317387865855,-0.2241084234637935,-0.5659295290479492,58.326127685944925,0.007074057325137279,-0.0009721879589604488,0.0009436492014896574,0.02780897306436102,-0.06877456215851917,0.006393554279325377,-0.048692659301160075,0.01066810833266874,-0.01013158718681286,0.3026990650900219,-0.04018982308868853,0.04119217682853937,-0.006348113587718514,0.5807319652794022,-8.10741700906604,0.9096864726850173,-14.842953818681535,0.7490162373181177,4.787714942037235,-5.176838930778364,23.894475525062493,-1.0269901043056557,0.03857820979529444,0.00760603330344643,-0.02135837129025118,-0.998998343323053,0.026825469619606527,-0.07212451452804292,0.001015704685219158,0.526517483155003,0.04196938822343112,9.965015691712487
1790485869406492797,59.000999999953194,9.269303873469074,0.30355429043905563,0.8113103620154742,0.04006778978466958,0.005907262386889331,-0.02144190492260117,-0.9989494087220601,0.06379997104124846,0.15842392599234895,0.469818197839931,62.268847304106956,0.04677179407585625,-0.22117924670554762,-0.5657551029271857,58.361771159923244,0.0013554271425389544,0.0028403730571333473,0.006184948857373016,0.02861419122415209,-0.044171602010719645,0.09718182463292055,-0.04400154746663869,-0.14174181650606882,-0.057083765257647974,0.6221815196458064,-0.038135106372088064,-0.19361332826126526,-0.001978612128605389,-0.4637889236878836,-9.247917151104472,6.101392649298838,-15.402344375469667,-1.334636025020657,4.997615930019795,-1.4697893592922424,23.932307641529647,2.1408199951386195,0.04001980793780473,0.005929793603736832,-0.021426440856669254,-0.9989515304321092,0.024358348329153626,-0.0449806827789424,0.09050684282260159,0.09233397447962438,-0.34802806786714985,10.109983490972272
1790485869525714103,59.10099999995296,9.269390130975712,0.3032619694687042,0.8113945939732534,0.042392736426152135,0.004608759924640643,-0.021071779787316714,-0.9988681571292852,0.06405525746878873,0.15907357010520748,0.47016038130593396,62.27515724043213,0.04774756540085836,-0.22161032691207294,-0.5651081942424845,58.378431170056515,0.002214381881473073,-0.015138222321274642,0.00425490696106708,-0.0463279570616423,-0.02168310287878794,0.018907783954606495,0.03380492496363206,0.10710368828285757,0.024411541300824405,-0.3069297194208337,0.0429641066470523,-0.0017957200589081247,0.03987886117810104,0.041163826227554615,-10.29033602135759,3.363490175064915,-13.555916232781751,-0.2791110813753986,5.615705176041237,-3.4397016867465524,26.63659711342297,0.14538774180393968,0.04238341491230557,0.0046207703981988885,-0.021094414366276397,-0.9988680194619518,-0.04368683498633738,-0.021941815067090892,0.019826433953560995,-0.08841307727580244,1.096508810884189,10.193256565584486
1790485869643447164,59.20099999995273,9.260707805927918,0.29888817878590695,0.802121832233686,0.038871409878374466,0.010335142372614537,-0.01537642823092361,-0.9990724517176239,0.07231936363718629,0.35557267169749257,0.512649300440251,61.52396344535743,0.05907383403295755,-0.4001334631478154,-0.5908835365259907,57.67732761501353,-0.1834446576147697,-0.060679632599434194,-0.12016263058810328,-0.012169822879830223,0.3807673435066614,0.0618476780582472,-0.09501744977944554,2.068637957608229,0.0455323402315953,-9.796537128058455,-0.03349429151361058,-2.226607278120138,0.05681951171182681,-10.26038200910631,-18.732665333942457,-2.232095809506905,-8.006853605846484,0.8647717073397745,9.672443554802229,-4.9466831639396975,33.63363845189012,1.1294170978453915,0.0388375236898472,0.010145647126926666,-0.015389588091389145,-0.9990755092466201,-0.01374234744306051,0.36239532955660536,0.05418580393878977,4.396007487708696,0.7237264514234666,10.798355173019786
1790485869762342704,59.300999999952495,9.238779735050553,0.29480012188575244,0.792415875462135,0.04201477782645919,0.022919758586287434,-0.02331514386641545,-0.9985819181103914,0.04152889801475184,0.4924188710788184,0.473976690517464,60.85869508287946,0.033789281289887355,-0.5466012283014825,-0.5637597206397775,57.03738821502323,-0.2961894169484887,-0.04394192720392124,-0.04524684882063206,0.16091990781876211,0.23900325127825775,0.19039657483965802,-0.24340367295875673,0.280688264938609,-0.30894830986748956,-1.2724701738942226,-0.21130999484664426,-0.542110267764132,0.3466616437380029,-1.9568967955110448,-13.398733561669655,-1.4148111371541876,-19.529334683940245,7.297744600802091,11.519089053347463,-6.64155623948233,30.859493815399645,6.193875796437163,0.04191877183722859,0.02279926513731678,-0.02323763657658471,-0.9985905178416185,0.1612913321017027,0.2355325446501977,0.1795855570578348,2.358703067483083,0.31771056373412676,11.609898564143737
1790485869880895116,59.40099999995226,9.196299758672694,0.29022263312602803,0.7890720279081309,0.04837381373005886,0.043323199462575686,-0.02764275594599413,-0.9975063671863186,0.026407940836485774,0.44823446106995757,0.4826288926380419,61.16628585605056,0.02140174821913686,-0.508261654919843,-0.5799802350898013,57.36197433753072,-0.5223325614171676,-0.04111295425468396,-0.029117286287387394,0.034472113687555664,0.4017984786771501,0.04499313271342434,-0.029242182896517685,-0.8391433487134776,0.45953487265518517,6.69879688839654,-0.015016133440338801,0.9483296923906329,-0.5778038867900119,7.482005531351893,-8.742367313550233,8.495840134472093,-24.619613903168737,5.246388604141574,9.145131226037037,1.7634442903851464,18.8380002878201,6.258997234324053,0.048346565578928836,0.0431225883951679,-0.027634305939817225,-0.997516614950372,0.0359385725971698,0.4093020454173049,0.054480623337616677,-0.3779929864019418,0.3024000955703501,9.560289149271375
1790485870005659552,59.50099999995203,9.138453310072313,0.28515117870381856,0.7855813970994574,0.049608150301648446,0.05404825702057692,-0.02356266030911911,-0.9970268894948834,0.03830530381403273,0.3494806698590126,0.5514707475187204,62.12010765790407,0.03429342572940557,-0.4029165441249612,-0.6423509194872381,58.31009826486668,-0.6099154943006505,-0.04270788055536739,-0.03086942313852417,-0.06306423374213065,-0.06863612045698417,-0.05880100995524377,0.11776127214854842,-0.8811757260754957,0.6305303420041977,10.922808506176894,0.12416406353317562,0.9923044626992112,-0.5939760378736085,10.964159103714932,-7.6353279045715805,2.8967897734446177,-18.198074828621273,3.280400823510674,4.685287028649007,-4.483362134163364,26.72889851536067,3.2574595945658738,0.04963656768918513,0.05408334446322776,-0.023593985232293342,-0.9970228316646343,-0.06370061227441928,-0.06268327924085414,-0.06069471404903843,-0.678634760933776,0.30812256780503694,10.085170950797208
1790485870124743879,59.600999999951796,9.07413222416019,0.28084406029562825,0.7823201815089628,0.046486387427368964,0.041291447074048644,-0.021356468777092248,-0.997836626619737,0.0491700706526716,0.27893719317237037,0.6006776908707914,63.229180406329505,0.04584063381987576,-0.33389253186029433,-0.6861365097412417,59.36870633156143,-0.6789595282756791,-0.04968239512309363,-0.03150154232710018,-0.06511733646852441,-0.35927104694472556,-0.09430040152681378,0.1175839342205248,-0.48881261088872263,0.3362138933325831,10.65028186274698,0.12469377683781041,0.49638814983083734,-0.2973854312078685,10.225184843903381,-7.754989961476547,2.1696427201636963,-16.861583827436196,1.654167196983444,5.063252778213134,-5.039561669099454,28.185229338408583,0.5135844121547546,0.04653592678392669,0.04147119981682206,-0.02138255292246132,-0.997826304290798,-0.06049468078548127,-0.3577591533843555,-0.09726067188903921,-0.1972409644390916,1.337888890387672,10.462438185082956
1790485870242372312,59.70099999995156,9.003141959386763,0.2748046782254166,0.7803758588376121,0.040396819609525916,0.021040625733618236,-0.019116542456143387,-0.9987792282775486,0.05762826957714199,0.2654339495323069,0.6216583286073041,64.16295203188245,0.054846686241480244,-0.30877923839418503,-0.7024279880416826,60.30389802054376,-0.7512001712901476,-0.07980471858828159,-0.013714401844810088,-0.05764053584845761,-0.3564682604262348,-0.09156695805529351,0.0463607083287307,0.15326218605101785,0.14033855687067756,7.942267524593196,0.05089401886147421,-0.025488779651365607,-0.08033079611766453,8.082332857330409,-6.992017241154219,0.7815187502579126,-14.811088125981312,0.37678427130325565,4.315464142371946,-4.8763636049618935,27.49826308732133,0.36494528855891684,0.04044534732017636,0.02121893093996479,-0.019139090430393645,-0.9987730603432455,-0.05204146994744363,-0.3627632852209996,-0.09511818529822112,1.1440864119616512,1.455053489831324,10.218898621464191
1790485870360472149,59.80099999995133,8.924314169618405,0.26830762514628004,0.7796249737142714,0.03683308103960631,0.008239356632555993,-0.01941929623093128,-0.9990987579200102,0.05753160818514131,0.2702533655039872,0.6276859008849184,64.944734572543,0.05448748293176418,-0.316386834186166,-0.7082557901582498,61.05612057524817,-0.816378517136025,-0.04954325017585937,-0.004828263966319625,0.03619812596585182,-0.1728554057455765,-0.06707618641156496,-0.028147727489480003,-0.044022947468604516,0.006102653268313163,7.7576222802622015,-0.033621666200413715,0.057003828910365234,-0.048419262554461,7.722396116459807,-2.97562484796627,1.3883629411956864,-18.766778202346124,0.7791492747553739,2.228980629231063,-4.291333417732629,21.621917350189463,-0.3570216799797814,0.03686841623230322,0.008324388475842761,-0.019398306326712734,-0.999097157514063,0.035741826502308185,-0.17707136128295733,-0.07107026705925523,0.8255370369575658,-0.21698396504852474,9.742891919962435
1790485870478342229,59.9009999999511,8.838663134174777,0.26196361455790623,0.77960618348033,0.033813435235224086,0.005633283546257823,-0.016600178438339764,-0.9992744126564514,0.06588954285365084,0.28562541055269147,0.6308979239643298,65.59952135362575,0.06227529369630462,-0.3318571347865617,-0.7067710635824265,61.68647715175752,-0.8804979970163578,-0.06514779730527123,0.0014598084067193003,-0.012566711935879186,0.0031927241865807587,-0.054023767117979064,0.004170967615851505,0.28625372881257954,0.011170541012141324,5.814470272202685,0.004698567457954038,-0.23831818011217382,0.004821745405368004,5.891999974056817,-7.432838243535622,5.080512688242572,-17.613004970909635,0.011891374518774533,2.065062276450778,-1.3554143238306189,24.11965787525465,2.574483029939365,0.033840365610430974,0.005631452400054425,-0.016606663372863824,-0.9992734035942509,-0.021309271880783874,0.0036635011032024834,-0.049363768811663856,-0.13943909309037497,-1.3695484428193945,9.715370199703017
1790485870596342378,60.000999999950864,8.748665752448586,0.25624101276442973,0.7796874010810496,0.031151079302859524,0.008112537853706381,-0.016366010159749447,-0.9993477626428606,0.0666299457459864,0.29526045207670293,0.6301425177843546,66.24215051369606,0.06270680342243468,-0.3419634484374398,-0.7059243970915203,62.31565939892437,-0.9091147415855846,-0.05067575230808276,-0.003616207362459631,-0.004795909037867492,0.03045317660886816,-0.07070653076585946,0.020955436994873657,0.056092585919513785,0.009994153666470345,6.853138453343759,0.01628325402156436,-0.031832826386495684,-0.010676111314128964,6.779997483504117,-4.41880838062112,1.7670122051827841,-17.301139747662678,1.9857871499760695,1.3368611800487515,-3.8944420407030895,23.75400402214708,0.3755783361135423,0.031186140834349813,0.008096817297692998,-0.016369167667423707,-0.9993467448885721,-0.007511278369593222,0.026810653496010344,-0.07403894037110553,0.7328922817322066,-0.403357031958071,9.72022960563663
1790485870715700343,60.10099999995063,8.655896810447791,0.2512684319992075,0.7788153151557554,0.02775148638673584,0.010432946612661644,-0.015245989595137812,-0.9994441297189004,0.07067131880215975,0.29672931282195675,0.6338977547989423,66.95524349022386,0.06639513836589325,-0.3396482693345148,-0.7083327042454384,63.024361825338445,-0.9383339015270113,-0.03652464280033364,-0.012904396760061807,0.03454848945003148,0.020517264387393905,-0.052045392279455,-0.02080515649531765,-0.034528027077172896,0.03180029341738499,7.535414269599427,-0.023078260793674848,0.045793411334928834,-0.07061376812105916,7.554195648692106,-4.505675706303572,3.7690151027170242,-17.792684963129982,0.9303900942041929,1.900722206365462,-2.219690056641658,23.67180350397325,1.6001070706734781,0.027777518420903587,0.010421817549578735,-0.015229281130107209,-0.9994437774010108,0.0349285170226125,0.01849377575286344,-0.050248881372731646,0.392692854404249,0.16372875503239215,9.726034244788323
1790485870835224915,60.2009999999504,8.561112210868103,0.24824122413433491,0.7771225741870657,0.02577482217919895,0.010293487422344521,-0.016268467907748947,-0.9994823858429175,0.07176155093721802,0.2844194498090115,0.6390295223993454,67.77051715548707,0.06714943889473916,-0.33352260492167546,-0.7167562491651122,63.811537279158905,-0.9530446724461636,-0.020150865637482952,-0.013843011123215053,0.03453116419304546,-0.05228140067139921,-0.02647979371032868,0.007338930122137991,-0.1785112197507875,0.027239356557854665,8.636594657024853,0.002950303394306929,-0.011146020318417917,-0.08082423484650501,7.91234633598646,-3.610694401588419,1.198627735450363,-16.87931860140828,1.8857164959504642,0.8268653272727345,-4.921386845112552,26.182810459253492,-0.06417583065192156,0.02578865820018277,0.010318954175779892,-0.016250673765965413,-0.9994820558144623,0.03640237961927774,-0.05541156459210248,-0.03126866395081856,0.5904717516763597,0.5083375718133033,10.167484426968896
1790485870955179332,60.300999999950164,8.464986770937761,0.24414863941891363,0.7759729000581941,0.02367920676430116,0.007299358252874093,-0.014401485723203678,-0.9995892215030505,0.07882791253806144,0.26797041378004083,0.6445014255519688,68.64754721321803,0.0740254582434733,-0.3240950506864316,-0.7204508951648426,64.64419033937193,-0.963260803896843,-0.05143116080198154,-0.011261787917514289,-0.03323876690062107,-0.09729809278080555,-0.04983214890766692,0.038466004352688474,-0.06777979828858266,0.060871133580309246,8.646403091284007,0.037550184432862954,0.11170723824549406,-0.03851782828657783,8.63129338569572,-5.724476338807427,1.113929794506697,-15.209184395329364,1.3836666260498909,1.2866662939146103,-5.316090509378934,26.749376556704597,-0.6562049833294274,0.02370469187282537,0.007348022008670741,-0.014417128156784071,-0.9995880354283389,-0.03450862180169279,-0.09801346558217493,-0.055097681337680705,0.14353816996689656,0.027650909177970244,9.903187607130867
1790485871072371760,60.40099999994993,8.368077169996429,0.24052616469016014,0.775247307918409,0.021691458666495293,0.0023525190302841137,-0.014950148322242342,-0.9996501584755909,0.07935469767880017,0.2613579944918096,0.6461178858027745,69.50375983980805,0.07413411278491407,-0.314992161439301,-0.724003680368568,65.50445158440505,-0.9691843942817047,-0.024633666064621265,0.0008582996562363055,0.0383844675706825,-0.12201511283595828,-0.023431366423672655,-0.021529364086664917,-0.06272665941594505,-0.03444622927558587,8.541533943567961,-0.027489513561840956,0.011690749172644361,-0.014452165497592996,8.373118783751213,-4.799791046093484,5.607049498459472,-17.424950122745074,-0.03416943378959569,-0.40247055508224494,-1.734586212814734,24.640782236216833,0.5154078475042763,0.021704127427327618,0.002412913779962754,-0.014929666989590048,-0.9996500456376161,0.032993904297243824,-0.1174547501414604,-0.01867641337786166,-0.891616950180177,-0.7398442048804875,9.763302315982852
1790485871189629197,60.5009999999497,8.271291948081089,0.23757934700419378,0.7755110745688197,0.01958433184131896,-0.003411688747172688,-0.015018815806497986,-0.9996895765676416,0.08176729389319148,0.25410463778663184,0.6431679233606059,70.36013334817348,0.07602148509843264,-0.3061068574293884,-0.7222091464475751,66.35837660156206,-0.9791629462771254,-0.03635547561946626,0.00509561325684784,-0.011375713514852413,-0.054953300065673144,-0.03321905985644555,0.023573331632665676,-0.08282860006150305,-0.03457679945878643,8.293213382908545,0.018586257954907575,-0.018207360517173865,0.02319100024219814,7.820419661933029,-4.590361435077016,3.7313845222825264,-16.089117683634694,-0.6141767579062991,-0.2547109858055462,-3.349331706241847,24.42027951163303,-0.6600004994540631,0.01960136827678861,-0.003384358687323484,-0.015023907111248049,-0.9996892590665682,-0.016200764299122313,-0.051063112799421675,-0.03222078279824995,-0.6384567549747904,-0.6982713901287942,9.600494733439227
1790485871307896943,60.600999999949465,8.17308950116902,0.23496759274344964,0.776005918321375,0.01606542389739395,-0.005068197005197588,-0.01564901647763981,-0.9997356269621461,0.08229291545787305,0.26751755957531653,0.6411190767559068,71.09813534357312,0.07599966884534196,-0.3111967424365438,-0.7211836373452244,67.11705965233949,-0.9843387973429133,-0.022298202547029862,0.014093007334876447,0.009950551342483197,-0.01593789915710658,-0.08240729459442879,0.005604772687544156,0.28478350575830025,-0.0399736887466213,6.642312907331911,0.0005680610157966842,-0.08446018312757236,0.046722385943861314,7.264173288503638,-3.8238889607425257,1.2558156904869682,-14.12078644939674,1.1485429291160267,0.7402766183811298,-3.855872707908282,23.844786441553225,-1.2967044211225467,0.016106716127745065,-0.005060954884338861,-0.01564370565056951,-0.9997350823617007,0.01290250132029727,-0.02141199717772302,-0.08571015983926698,1.0450174553948388,0.7544448104268799,9.248725183835539
1790485871425638075,60.70099999994923,8.07355889058371,0.23272087057084692,0.7762152425378787,0.013437407175859895,-0.0025110993465360405,-0.014802447549523388,-0.9997969884006481,0.08655208192210116,0.28000841084722466,0.6411855925264951,71.80245409421153,0.07977477894286042,-0.32509402078003796,-0.720862367881339,67.80383712439553,-0.9889233002690255,-0.020483920437377987,0.0003149011486617456,-0.0004282148635761105,0.021065672752405572,-0.07992506115082089,0.011260462348103299,0.22601772258506603,0.013564810243133267,6.826969559495407,0.011694055036149694,-0.033386181038074766,-0.00017666863996036036,7.419999698269667,-7.670000702953117,3.9371138741875296,-13.99734442341056,-0.2357964195334703,0.9114690700308764,-3.039424827221509,27.48374544398818,1.758645246690362,0.013477206207978274,-0.0025222187086907013,-0.014802702784974283,-0.9997964209357189,-0.005417140577401643,0.024863155989878007,-0.07729882293620324,-0.7226836669615196,-0.4560101719969422,9.595584295172563
1790485871543768892,60.800999999949,7.974940601440057,0.23098743951838674,0.7758022229511731,0.011677723038054411,-0.0016374497511722306,-0.015258722473990122,-0.9998140431757395,0.08681287894929696,0.2770791138876716,0.6416958839682875,72.58332032184175,0.07990309790453666,-0.3219493336090147,-0.7228444942812214,68.57997394793198,-0.9832843820102853,-0.00041910945960648067,-0.00977124305114458,0.05886092921106242,0.004639054253039449,-0.03412849108815849,-0.039483526979660344,-0.18231210027903852,-0.010624047518187922,8.439428008900201,-0.04240702509349622,0.07710794073069979,-0.0609986106691052,8.085228950111274,-4.8430351502366005,4.269503069955041,-16.996201430699983,-0.07685311501528602,0.8422474823815724,-2.2391236624867417,24.19739245833669,0.4584035722771267,0.011694700519665686,-0.0016403729054158668,-0.015229296618265952,-0.9998142885961365,0.05673930141939972,0.0052540171335166115,-0.031295021334230726,-0.058462684576482606,-0.29711803242842266,9.729375221677657
1790485871661678022,60.900999999948766,7.877614326850067,0.23087230477307508,0.7753755043914891,0.010110479350296514,-0.0038394086514536496,-0.016425112631244458,-0.9998066077114932,0.08764618016361901,0.2628610015569225,0.6397237511472057,73.43004173466367,0.08059444084260936,-0.3127572984879275,-0.7249020285620021,69.40686945920304,-0.9657810640785774,-0.014769598228019,-0.0004234279468934387,-0.06963393791923739,-0.07930322301920317,-0.01583510524435249,0.11783641854741177,-0.1182477659898125,0.0016750961310741702,8.552345434580703,0.11518813018113508,-0.0034889072030702467,0.02833096422295896,7.929408259527748,-5.39999910812821,2.127884079353819,-13.77716352588164,0.18334094695525405,1.539716204541343,-4.699411895329002,28.932686647929557,-0.7075539565766182,0.010119180316084763,-0.0037995427332610313,-0.01645949154795259,-0.9998061066040405,-0.062056881867715526,-0.07857133501783661,-0.01739871935251364,-0.063840993112534,1.8313564012009442,10.147470731728342
1790485871779195536,61.00099999994853,7.781960488176098,0.229645474553213,0.7755673567796776,0.007979214687979632,-0.00891077808594354,-0.01599445806517456,-0.9998005338456607,0.09019131479254788,0.2576917922337075,0.6376410044667359,74.26257462105958,0.08328256881511202,-0.3077219769439845,-0.7230032634066832,70.22803127869538,-0.949065955167471,-0.0029052831674713665,0.001141267086274078,0.054046148543161365,-0.10715458371186275,-0.041446952208274136,-0.05688711295145924,-0.09449154727470878,-0.048478787387039916,8.408678739337414,-0.05320484174426647,0.03475442292965424,-0.008212818158731471,8.176885210900975,-7.917115601454204,3.6751434035878807,-13.933394204214807,-0.08778034104321897,1.5521965346060433,-2.7340355751245995,26.50048348618594,-0.3579814848450189,0.0080005501574881,-0.008857758546703978,-0.015966828181868675,-0.9998012761086661,0.05042769576788218,-0.10696900394779783,-0.03961384679189026,-0.0060047627077376734,-0.24590482288578364,9.668474065830207
1790485871897396773,61.1009999999483,7.6862208477610015,0.22883205581303898,0.7751490242394219,0.004605679359370538,-0.011051911002510635,-0.016839403588719642,-0.9997865159460828,0.08921215028155717,0.265773422576809,0.6390129411490799,75.0167569236439,0.08227475824911627,-0.31312336574378186,-0.7258268410990513,70.98086684530202,-0.9503029101973032,-0.016102975918760976,-0.0018243670926555086,-0.04120704624501798,-0.050741669932208945,-0.04375146659498429,0.05450010971029357,0.1841298915677268,0.04278371540969708,7.159263927379481,0.053213066919417525,-0.17146367133234308,-0.008585738891235192,7.035696339111967,-6.430171654407123,1.5850078409247907,-13.996865184687909,1.11705239681441,1.8130399948912317,-5.036772309409468,27.43266259398496,-0.30117264961274604,0.004628205357013385,-0.011026819056353146,-0.01685964408170182,-0.9997863478654374,-0.039735887343244,-0.04965256921896242,-0.04718584540394781,-0.24482947308092598,0.5886857779574267,9.73100005692055
1790485872017504079,61.20099999994807,7.591947730233312,0.228754628210819,0.7747591716779298,0.0014881740912138452,-0.012822295678998431,-0.017595461818997574,-0.9997618585417088,0.0888683957829414,0.27429755079786977,0.6401477416516778,75.75339659557655,0.0817664290832729,-0.3177361652695851,-0.7284253380982414,71.72175715957235,-0.9081678948536777,0.006523559499201127,0.015835884537794002,0.009043887027313666,-0.16436240497121926,-0.10979441884012925,0.008414375295623142,0.130711414864243,-0.07558292499616276,7.5627197524315,0.0035703159742183706,-0.03341420542801753,0.06968133307431511,7.698587845675779,-5.853683589907639,4.656241967128418,-17.912167876907095,0.8514168609973849,-0.0347060930974298,-3.7635596860449714,32.053548320803266,1.2763421779311535,0.001544446254471353,-0.012741106655836484,-0.01759011465805608,-0.999762905269679,0.009668671413867208,-0.15940767114542437,-0.10739008437006588,-1.0408490892413864,0.5396387551155205,11.46308728956205
1790485872135413379,61.300999999947834,7.50699108903209,0.2157481626389354,0.7916185992874071,0.006895937279080949,-0.03400682694863478,-0.019082808633911222,-0.9992156064556688,-0.05796952666791307,0.2842608275135572,0.6851192052829749,76.19062599628718,0.0474949268694478,-0.3467452769775286,-0.6569211668549745,72.36955227364598,-0.8374729900232437,-0.28105380153397963,0.3160886511273136,0.09247258896714461,-0.45141530901365295,0.6709579044441741,-2.7183153793350545,-1.1797077588869231,-0.5964363563871269,0.6453010896295263,-0.6989618408092755,-0.8407592588181504,1.3194986276183829,3.4465885045481564,8.853471388445394,-1.487984757853424,-9.283174356337419,-0.2584665571376658,-19.862153866091965,-6.715976290630627,33.64534969511353,-3.0343460978246153,0.006563455698794492,-0.03377521048985041,-0.019046459136403737,-0.999226395067715,0.08431541388316172,-0.45650351435717695,0.6641714426438072,1.705066003959312,-0.20800816813905387,10.661358610876283
1790485872255347267,61.4009999999476,7.423016489119775,0.2018431074627694,0.8155489272051357,0.023629228239318182,-0.050605751198841094,-0.031020523105346233,-0.9979571356850383,-0.15459987157011723,0.22429845906524548,0.47340603771311784,76.34265789950508,-0.07104529420398835,-0.4444127711718948,-0.7087849125748051,72.46175681372368,-0.8879452416718316,-0.024857951398346245,0.2761870346633387,0.02787486328885011,0.10049311979392656,-0.06854228666364076,0.018612950543754423,0.9081879018464663,-0.512463196315811,1.1062980956396455,-0.8344125921736841,-0.1298919999268234,-1.6437179260575947,0.243239317972682,21.280132847192835,3.755444085729249,-28.45282579068554,-2.4514424237887558,-1.5140535996045823,1.9022017211594724,-8.689911308482703,-0.3478459589874854,0.023661165336563168,-0.05065728745283117,-0.031006067056083338,-0.9979542135231209,0.04030342941437014,0.08772538635463435,-0.06344389510920227,2.6206243999299668,0.6535122319738311,6.6303209715916545
1790485872373119259,61.50099999994737,7.334501107833481,0.20388562043725125,0.8329998369943546,0.016372855298840402,-0.042292911296697745,-0.014588839261458588,-0.9988645579018295,-0.09525896048475654,0.29632424032153626,0.4323722059129804,76.51273878040385,-0.040712445920126246,-0.40555155671427423,-0.8562806156822416,72.47868886259992,-0.8699026050894834,0.09175437392869558,0.16310800330447775,-0.6263205729288995,0.0951747522670047,-0.13424986501497313,1.142833549521649,0.6130679088993671,-0.5430052592216903,2.140146070256199,1.6315981022390624,0.9883800118721304,-0.2535710629108681,0.12755615632648956,19.669697856398066,7.497476228448748,-52.951633115575866,1.7986408206153086,3.4363507302564886,-0.17596563534147514,-0.6097517417341045,0.19625052252950426,0.01645245337085618,-0.042336294369170496,-0.014899583434783115,-0.9988568252610769,-0.6263076820339749,0.09440075967421865,-0.13269438652204435,1.4742391467192666,-2.9504698945893657,13.859304898295619
1790485872491797940,61.600999999947135,7.253343177677714,0.2224443077080116,0.8545360583197089,0.0029779051326307986,-0.052890716239319145,0.010172569521422987,-0.9985440516301949,0.015392842274041923,0.40248356433362287,0.44846356574407625,76.74352521627706,0.07930226803016273,-0.18997228813106826,-0.3657045532822413,72.23870476821435,-0.7575623633367675,0.1604783750196926,0.02433607596989536,-0.08178045643336515,-0.17177023193390045,-0.391897200693068,0.4058291539471753,2.692430950899481,4.57979065153026,1.6984443369916804,-0.7450805085587385,0.12730365690327025,8.722942360240864,-16.747000720031032,0.877250353245604,-0.6222079865959573,13.817834415863915,-1.215141996910757,-31.876228682057747,-5.428256817317679,38.92688629879841,18.373500360015516,0.00317485741087722,-0.052802839845684825,0.010142358205738089,-0.9985484029102839,-0.1253638415161948,-0.1808247499001128,-0.3585804182426546,-0.416024347375044,-3.7757826708779985,5.369355606676562
1790485872610094096,61.7009999999469,7.172682898001463,0.2216397551134543,0.8668557325595545,-0.01095450590982527,-0.03534008956631123,0.015573712099155352,-0.9991939433168964,0.04301564087032658,0.5274178989736596,0.8722643453923457,76.86802299559383,0.06799498137416851,-0.24537699951264563,-0.239095688294052,72.05621803510387,-0.8074436272116544,-0.16078122944719025,0.27072850941946663,-0.11351868370226684,0.39316532195771264,-0.15391542963838836,-0.13066226588506352,-0.38050810109349265,2.265909397704024,1.154374426295191,-0.2555243437377702,-0.34359343929118447,1.3665269785370586,-1.3707454944425037,-2.91411577051163,-3.0011177632251664,1.0307893764859104,0.15986117437987035,-19.417346893964485,-11.097409067138718,42.496125010287905,10.685372747221251,-0.01087254256419708,-0.03553593617778267,0.015521871295295,-0.999188699180315,-0.1379609667625364,0.4018347965268117,-0.16103778051698694,-1.3193181051835325,-1.8721867034821695,10.452343338493105
1790485872731010314,61.80099999994667,7.0960974316956,0.2029562255237848,0.8880035954183272,-0.011748352237873055,-0.02667930030152645,-0.003555981543865489,-0.9995686800567414,-0.06692431530130273,0.3660752280632566,0.9186806641645038,76.99438892053605,-0.03980378118426558,-0.28680579562997655,-0.0689182628444936,71.98237894954543,-0.7518759007015668,-0.34733629410633515,0.21707152482040284,0.2032826419245016,-0.04790687589739348,-0.009561758364732675,-1.8230013998371688,-2.5977332587712456,-1.6307130421623401,0.9170565937171805,-0.9171658261189511,-0.11329385479337328,2.3161200944018763,-1.1342002887625289,-4.579664162626964,0.4840021473272458,-24.920742149159288,0.4725304675991124,0.6579175686110657,-8.785665566038029,38.587714454297576,10.567100144381264,-0.011746199897934342,-0.026654179932126425,-0.003454537906502561,-0.9995697312583834,0.21399584126677929,-0.04112652897688556,-0.025318500821281037,0.22061848947506355,3.7770292334627684,15.676491358193553
1790485872849509407,61.900999999946436,7.025394894498633,0.19102755431188906,0.8917344361766351,-0.01863781747195447,-0.020956728083936088,-0.03387729227822458,-0.9990324200824487,-0.1885228111944396,0.17735760510562942,0.6100768313202065,77.03584061495286,-0.03358626081575643,-0.6502845515452609,-0.5835162158756704,72.11280058673682,-0.7200790759374154,0.036548370923436234,0.04718267152873764,0.5130244611716992,0.5635317613160343,-0.39013363271482593,-0.7619446719494671,1.2784660461349344,0.9224181808199571,-0.9298084120371696,2.303282394094475,-2.7667197477655634,-6.427176411700972,0.7589238412946371,9.488700254459328,20.274843288086046,-42.69422332046929,-1.8480151722620548,7.070419830898103,13.829297528961558,-5.090434130383088,0.02118887862712604,-0.018457858818375045,-0.021240046912280226,-0.03361168568468657,-0.9990387492186874,0.5242123917187357,0.563822736109001,-0.376604500257543,-0.3357447913526003,0.960346691215705,10.188641274588477
1790485872967334528,62.0009999999462,6.955523290380612,0.19435983465532294,0.895573749337369,-0.0835129765297344,0.008939010173439422,-0.042269995638453364,-0.9955696481497359,-0.21196638014769387,0.3113154844061047,0.6335637179029495,76.8110674702137,0.1807819999925236,-0.5518184420647838,-0.8797890694197545,72.17287797872997,-0.6526897107741145,0.030264457336817808,0.05982594437274772,-0.18708089872505645,0.321645961417309,-2.243117537362705,0.12781643403725362,1.150236234072015,-0.24053294759067334,-1.19230929502488,0.3668891115376525,3.265886258065026,-0.30359207359384965,0.21283247694941546,35.573116709074085,8.920568509641889,-59.4959260346257,3.270649629278187,-8.987628602273398,-0.5330939355192221,-4.2619715052172875,0.16405345685495842,-0.08240396707504374,0.00872367383902428,-0.04235968915366639,-0.9956601530943432,-0.18810096403381868,0.3234796801356171,-2.235574135303641,-0.24522923821341733,-1.3951380777436229,13.986785568680084
1790485873086237917,62.10099999994597,6.8910847405143025,0.20777252745016997,0.9103824148239903,-0.1957390873455247,0.020911056633746265,-0.03162549859902396,-0.9799228363672129,-0.19347047731278144,0.40482304597169777,0.5542997964115778,76.7198868698657,0.17160343144417814,-0.2176735804984046,-0.7407487986724128,72.21483518416359,-0.6949176837416611,0.0706071267361674,0.07715807243428895,-0.8691613205970574,-0.032682591421910205,-1.8119445291508238,1.4786064834271544,1.3480255511866752,0.658718530355712,-1.0629521722990212,-0.47871478262295847,3.5002580178370097,5.899306776103168,0.6259825209320804,13.486030104771048,-19.482130843745704,16.642314820306755,0.4916576055386631,-29.320700851163473,-21.75229923587792,36.764910777976816,2.2249358902602783,-0.19485977648178562,0.020813343053451124,-0.03207348153502717,-0.9800855901617109,-0.8488149565142078,-0.020832454440840337,-1.8355302402219076,-2.309764514583571,4.48071479547723,1.7327101276160797
1790485873204973239,62.200999999945736,6.821221593208613,0.21674879400998232,0.9114092064882922,-0.22044735401480117,0.03173235403008491,-0.010390803097019662,-0.9748271913660292,0.01066831221527701,0.3637571786875321,0.7139089027862887,76.69999090602836,0.1518620134176171,-0.1978004287441189,-0.6030315258094354,72.39721847292392,-0.6929146860989489,0.10978353795169438,-0.09432349718756813,0.10183588594998645,0.1847541073836616,0.07821020606188925,1.5443362183366804,-1.164870836327934,2.539849177400846,-0.20945264800028762,-0.47953121939528237,-1.6857496553310192,-0.9707274424647496,-0.49602670856803766,-2.2741080260968465,-0.018920298089722287,6.871915490336375,-0.11415824838659783,-16.622765929218943,-3.54824576797168,30.260733241965927,-1.9227079382117087,-0.22048481746313953,0.03165393322488736,-0.010319561662047961,-0.9748220250008426,0.09082112531164352,0.1801575446937487,0.07696149716255558,0.5160639037684847,-0.19873066334169998,6.4557141742096436
1790485873323104626,62.3009999999455,6.748426623866268,0.22065808399209058,0.9060534587933022,-0.2166138143809789,0.033800975260372075,-0.023413103324084715,-0.9753910887861881,0.036830668554169776,0.12578161347032243,0.7111273050628394,76.66999788708172,0.06504971098387947,-0.31752836956695335,-0.6404792889290054,72.47073417852728,-0.7349147817522097,-0.09516496436319191,0.1623274008704505,0.20160298318031536,-0.32217756827229793,0.06506909906736968,-1.554122491295424,-3.665341647230727,-5.410129267372607,-0.7587863203386314,-1.0897248255537373,-0.1182596823154428,0.7475677321939943,4.497393553757824,-14.218594837495562,8.339061528433358,-10.387398433545341,0.9195895789315227,1.5307594748517674,-5.804999803231241,57.3939410437238,6.250080612647455,-0.21663836548778573,0.03398069592599221,-0.023348576369211668,-0.9753809383439355,0.2258532771616674,-0.29738908851114465,0.06929404073744781,-4.985042825231212,7.890842045521266,14.575873296083952
1790485873441538040,62.40099999994527,6.686435804891615,0.22777879841733625,0.9049529718421749,-0.22231939064530445,0.00793412718982587,-0.04880567567895052,-0.9737192327310563,-0.10312677142795902,0.07033375296180294,0.44497325256369524,76.58261571479936,-0.026484036318778853,-0.3913338891549649,-0.7929120390848449,72.68656550176263,-0.6314131208561957,0.194508731172061,0.003165495226582449,0.3040755884856153,0.04194185917242506,-0.202718349155849,-0.5632119675878415,2.2072737096410737,1.0562101889555833,-2.2377475669478497,-0.37994220979652843,-0.3575292261682316,-2.0610429872935794,0.4618010538967224,27.786478771914332,-1.1460569436191665,-32.30380974537695,-5.741390994663282,-3.4080710322130474,-5.375560029171713,-4.573641157755949,-0.12836198598900297,-0.22222050872093646,0.007942561304879945,-0.048653774682224364,-0.9737493370641632,0.3200369483585532,0.03287013598711536,-0.20528188833296487,1.243337272276491,1.1743648694667415,8.696094706626985
1790485873559503520,62.50099999994504,6.622703896682775,0.25387271583880106,0.9027371408332228,-0.22901075521189157,0.019359557449981107,-0.05067954745952809,-0.9719109347064259,-0.10644644897906419,0.23634840983830277,0.4834475572934671,76.35522663686211,-0.06861469660817716,-0.3863968735401689,-0.9205865045423535,72.69851617490778,-0.6054577863028443,0.3172276092420729,-0.0069123930576070695,-0.3469075387686275,0.14081328296152848,-0.07826524987656984,0.5450926206991704,1.0953675564915744,0.08856573750339211,-0.04439855227653332,0.16431210442042843,0.44178292116342627,-0.13251318172109697,-0.07527287521690257,17.934100459027693,6.923393927894378,-43.54822393533415,4.4469076425323095,2.607386807271657,-0.6704798204001984,-2.938016097526608,0.14349883158370916,-0.22897964376294552,0.019249422109442842,-0.0508327618590942,-0.9719124512076305,-0.3426424099865007,0.14663133169795325,-0.08010253245675641,-1.181565999259757,-1.1044834813070432,10.055723250015383
1790485873678472289,62.600999999944804,6.5654825965398595,0.29555492422021634,0.9081461119550033,-0.23418762790895253,0.028269349738152413,-0.024601209139307856,-0.9714688771693325,-0.005323752161748458,0.33296656480668696,0.48296055230602836,76.53009798879721,0.0648202928756029,-0.20467701983175232,-0.6351521076820883,72.679880861854,-0.5220946658757182,0.42527401368319917,0.0049038197817389065,-0.7686274074532472,-0.18658684533023923,-0.14850593686086924,1.2681835016953829,2.674966281625903,1.973151323912965,5.661783859415033,1.495839959900287,4.158734239374668,8.91014872589705,-0.20900130669547812,-4.54917050907445,0.1262310873975352,17.129905618802717,6.399841941752444,-8.406070184066252,-4.643117339129509,22.626184802408574,1.3518513460967625,-0.2341240436711481,0.028268150878689877,-0.02499850318767136,-0.9714740957222409,-0.7573521570479779,-0.16622259406197026,-0.1492467427664235,-5.146263394039065,4.585951302846926,-0.4384321043311221
1790485873796092242,62.70099999994457,6.500291528755033,0.3284176008462257,0.9118942895499627,-0.23470280565334475,0.046036082286372834,0.002174401752074811,-0.9709740182534194,-0.03163226611742811,0.5266102078029286,0.790109006941883,76.7240992965799,0.15019071573745552,-0.17245293673219858,-0.5511676159874558,73.03047752154998,-0.6798649609278544,0.28683118099316873,0.0050833116177282705,-0.2803702202277223,0.2462117932949398,0.18820880581673954,-1.9017678499549593,0.7936940893092194,2.6741891535285855,0.37502877987461825,0.2719741110577481,-0.3894491362536822,0.07114810591144453,2.494178663294303,-1.8739206237531585,-4.492080595690295,3.582099373488501,-0.22723895597973237,-13.574177389205648,-10.740634407523126,35.95805794170031,0.1409111566340986,-0.23480035935058594,0.04588344219588528,0.002071511103058454,-0.9709578826204784,-0.28315088251962156,0.24977870677443315,0.1814703940310148,-1.1977530992747356,0.642138435286614,8.306776248562942
1790485873918462064,62.80099999994434,6.4321969957177725,0.3567597766689182,0.9114817081932067,-0.2040369367486198,0.0529491630579078,-0.0020234621384013127,-0.9775281173320188,-0.21445538717980606,0.4145799690284658,0.865751874180864,76.72882540962027,0.13242800936546142,-0.20319337030530593,-0.5184677142480217,73.33603242835198,-0.6652730726771989,0.28630787963927673,0.008650872440279707,0.3400879370256231,-0.1204228437976058,1.0839496965062267,-1.067151319275854,-2.40545439344791,-0.7911934232982359,-0.11010162973709507,-0.5921079265156078,-0.23801250096542806,0.8082077624630776,3.9029131721660604,7.746602833757708,0.06682519768032424,6.794073156975224,-0.0006689928754786481,-31.61920741411597,-7.470269251125509,38.75954608431365,-2.7153945362173078,-0.2045575735657225,0.0530438046886352,-0.0018408272972922943,-0.977414530910974,0.3269948447059363,-0.11189318876235782,1.0800704609048957,-1.3270156837775484,-1.6457714925767966,9.023808638627779
1790485874036392034,62.900999999944105,6.359626534978741,0.3791372320666855,0.9121145525166818,-0.1472341019259308,0.0362786563692284,-0.019550942667277544,-0.9882427530535846,-0.2508039725698896,0.1971756125693017,0.796425029533207,76.7182443761964,0.07071156942251312,-0.3177805558615163,-0.5105149767169658,73.6840751389722,-0.8147437064898639,0.11602050141144678,0.03483580400812393,0.17595440728965545,-0.3458804713210571,1.0712766386592065,0.23439376172188708,-1.6356368963916894,-0.47414965725306907,-0.03952519171480298,-0.4718892186443457,-1.242606788655303,0.06796194737345132,4.10971288242071,1.5481187379962447,6.779048760306257,-1.7667406870013596,0.5291253530633646,-20.916198140671845,0.9054010242741732,45.283392631496945,3.9032534144415005,-0.14775684585270835,0.03647298288471877,-0.01947002712678273,-0.9881591744586655,0.18073815898071138,-0.35426975626945145,1.079013566363186,2.413023687948686,3.4337560806406136,12.151236328439019
1790485874153880969,63.00099999994387,6.275711203225006,0.3890373279740833,0.9098297045948006,-0.11542596210161517,0.013129753543364748,-0.02783120227259555,-0.9928393027196641,-0.18990062988925838,0.017977827879381045,0.3791101176906823,76.73003135413134,0.020369243296265497,-0.4516592836602597,-0.6189479668329801,74.00133122854602,-0.7993047069620715,0.17235076072963518,-0.05727908945152173,0.2711327419933448,-0.3835333686171896,-0.058299265618796774,-0.27801168543983806,1.7320947508506532,1.185409506341751,4.427754836046825,-0.6757089861319845,-0.8567674719218135,-2.7821800418221367,0.662015644500691,32.245477855204534,8.877955397514713,-57.29814176251772,-3.843552329522436,0.5152620245320819,-1.0716983665052005,-10.234157384065629,-0.43154953310392213,-0.115389900918353,0.013334983284408143,-0.027719123454612006,-0.9928438946691293,0.2667309718440767,-0.3903392970772507,-0.053642183135913804,-0.5991110071809505,-3.0782223620673856,14.91980706623555
1790485874271633510,63.10099999994364,6.194399521091228,0.4142345196307147,0.9090035817213801,-0.12291508497874602,0.013625589856371105,-0.03170230102959959,-0.991817114842834,-0.19215552954024412,0.15592336642204271,0.48846499671921345,77.07217180939836,-0.005974823709973662,-0.4295894513953431,-0.8861443012725013,74.04268531530597,-0.7977323054667593,0.260634816890798,-0.04128408473628927,-0.3151646038745562,0.05581348742310019,-0.17990092365528285,0.5585446529409831,0.9976793899352017,0.6614911761763684,3.6309675046064758,0.35980557726231616,1.1984319002263146,-1.470510192908118,0.1662445355506066,17.388460023165543,5.767188796943975,-38.06213345690712,1.0062823857735443,1.0581698720269332,-1.0311394857469063,1.7021163495912028,0.2251232420875965,-0.12282890036026077,0.013575690362361182,-0.03185638878690094,-0.9918235389225915,-0.3086866310266386,0.05632151708470212,-0.18055995354981993,-0.5557308105263828,0.0704563890197393,10.343763807474431
1790485874389965976,63.200999999943406,6.11840456029873,0.44550652888644404,0.9072318181634155,-0.12849411480699033,0.013278488735843277,-0.0072801872915991325,-0.9915946465516342,-0.10146074655882718,0.24805854533357016,0.5369138783871724,77.487492500833,0.086979860407356,-0.20619569363477058,-0.724938006596619,74.03880740866771,-0.7246924855819854,0.3311181552885801,-0.04041985692631999,-0.6378553309394102,-0.21670954388967342,-0.08353347395472459,1.146839316071037,0.9625524224092303,0.8330456435740881,5.008045565029311,0.8880063883307113,3.7288560677310434,6.69708735773044,-0.37342725416571804,-2.049988050604429,-3.4724671174282564,17.023962745802457,-2.8674141520958782,-14.513658910589509,-6.6007472293330505,32.67292381406921,0.6265885741539344,-0.12845613776804285,0.013344647583790665,-0.007610911381279791,-0.9915961955748567,-0.6322570505994326,-0.21258539180359337,-0.08182842219593241,-1.2749233840668746,3.5977523904614133,3.2459575732114785
1790485874509767866,63.30099999994317,6.040486825945064,0.469591495351892,0.8986660833393748,-0.1270107063643294,0.017062262659768596,0.009991117215572947,-0.9917042589595689,-0.04637719661487579,0.36060111688035523,0.7958838143695436,77.65932250339337,0.11381128641794178,-0.16471238568872693,-0.5299198005768556,74.21854112942499,-0.8561385346236136,0.16478898521796673,-0.026917903454470128,-0.07119890354623476,0.4088029529411291,0.05069415399518927,0.25599851072492436,0.6560731175251507,2.660663491414387,0.4553330043839495,-0.0002459095435404148,-1.2916194592024857,-0.8874792308483491,0.9726218406037563,-1.8390617460078158,1.5381552390466182,3.3754532675426807,0.04829284052614963,-19.296836566895998,-8.011868509529497,45.10319309954833,1.8161454586348893,-0.1270344056019202,0.016854781716669598,0.009982206523836884,-0.9917048611757259,-0.0749061158704188,0.4237739703871359,0.051117103125662505,-3.538198590544153,1.7145990372934365,9.958535844005414
1790485874629874802,63.40099999994294,5.956741602697656,0.4773039284416992,0.8966921241476112,-0.1211083571223323,0.02710814658951411,0.0003163093246849668,-0.9922690230839728,-0.09241455539571486,0.3588887006420133,0.92482288312024,77.68546911577555,0.06405120082242605,-0.2693239472988019,-0.5641199354468818,74.38247563745284,-0.8433912652818949,-0.017853518386331306,-0.012112849448482418,0.32115674392672844,0.08621467734449022,0.2737330807882512,-0.9767194901245406,-0.862399761354201,-0.1437905776249829,0.1347636781227521,-0.8989178108089095,-0.923199180373203,-0.10070514380089657,2.4838171110823044,-2.9292494977502783,-5.237221716694679,3.2659077080589016,0.0798088956826959,-18.973135058205386,-12.573795170671653,53.064193350381686,5.115197653260117,-0.12123979612407962,0.027084775974932442,0.000484577117532986,-0.9922535421610729,0.3120822726779972,0.08380662522353481,0.2642237009016581,0.08130943140675431,1.3737208904551164,11.930542369019987
1790485874747037950,63.50099999994271,5.874079010910653,0.4727006903707125,0.8921561405636156,-0.09611851154561364,0.020083363642393447,-0.026162274658036888,-0.9948233137737474,-0.1756162485410449,0.08461958384983279,0.46732341327641624,77.67128731982476,-0.055603877013395094,-0.36981093426535927,-0.6450826143253358,74.63215645269136,-0.7836853097956132,0.035931865708665606,-0.18239001957175882,0.6811484754667666,-0.175564120944219,0.16232111938774976,-0.5720997399473849,-0.9037908162814524,-3.4101626291996383,2.3631994796861084,-1.2292664446321095,-0.8122491716186757,-2.4067998311765355,0.8224728282939786,35.81948176484025,12.309306059613437,-52.55464396110652,-5.048359278493567,-1.390747260219198,-1.0860884237294388,-9.864455845633964,-0.23593706769999834,-0.09619010924503169,0.020205548805419058,-0.025830269273180502,-0.9948225951747252,0.6535564969547112,-0.22249917700294125,0.17112199322800709,7.824928440915108,-7.657625544554384,15.565697632232666
1790485874864642354,63.60099999994247,5.794122230754282,0.4847277618908766,0.8917115181467569,-0.0966575819836735,0.022023503083433316,-0.041755357491664244,-0.9941975494225211,-0.2220475861661208,0.2195416563303853,0.5396622630559229,77.87196185160224,-0.12658508073444982,-0.3689340466095857,-0.8547715076666064,74.70030089372715,-0.7975821614577541,0.15673961222153743,0.04967159005148153,-0.09521311168065201,0.10195037530272989,-0.06545617028804193,0.16451519545676205,1.1188726911297089,0.05865267932665959,1.1075122594606517,-0.3547355201326889,0.49818327952848557,-1.489256412145948,0.443176551886163,25.510962021475343,3.2469991121852724,-40.414536340992164,0.4146230101698817,-2.524801290629329,-2.061435180387373,-3.1284782224863186,0.05071742125960099,-0.09662822046508919,0.021966855504010164,-0.0417984813375495,-0.9941998447127671,-0.08684992066184974,0.09618641861964287,-0.06661404730133633,0.957547085470664,0.33971972782214405,10.183864134523054
1790485874982144758,63.70099999994224,5.715748742838764,0.5066897129024188,0.894400270064606,-0.09740619339854871,0.022360430780989326,-0.027244968559674766,-0.9946204081513083,-0.16634845750279056,0.315002873968161,0.5456068084714246,78.1301762805141,-0.09738045874239641,-0.2946032268889666,-0.9147103439187403,74.70591194440834,-0.776670505336939,0.3146829844769816,0.016653433140031926,-0.38810217787718576,-0.1411139233306812,0.021298062011968728,0.8713709048496983,0.8496490135045532,0.09550919311697327,3.974343378244022,1.3333881389375695,0.8952520160969919,0.18921059390753375,-0.12273476751781287,16.57953742817285,8.596895298336719,-48.0656058817302,4.723831614405821,4.853823614888962,0.08191311248774369,-3.752165303261685,-0.04332571609747021,-0.09741919980382538,0.022411996051321652,-0.0274446097173403,-0.9946124850111426,-0.38479221898160265,-0.13028094322027084,0.02265061940235178,-1.60690543908759,-1.6203089778552784,10.609985472221071
1790485875099569744,63.80099999994201,5.640408717988255,0.5400788690119691,0.8956789245898914,-0.10391811862625144,0.008356774222630215,-0.00012236788023756466,-0.9945507397673958,-0.060912949249251155,0.40696775411752384,0.6201227303939134,78.57363350415957,0.06259804587115335,-0.08773364734572334,-0.513914342722168,74.76454116249218,-0.7607325372757834,0.21879118753757879,-0.06339621304808943,-0.52215360484728,-0.30183383928535273,-0.06544356252371282,0.7354381245957847,1.1417983902417692,2.650257313176479,1.9493810739483621,0.7988098852428845,-0.43174058053539316,-0.19619183474502555,6.522474142625809,-0.0183048146570699,-1.0785348725267636,10.424627746899919,-1.2542465729696644,-32.8161864047683,-9.64403494058952,60.909719002072606,-8.146087573327065,-0.10388773366683093,0.008479733756154977,-0.0003979784482646267,-0.9945528012740948,-0.5270265268278359,-0.3188797192969627,-0.06982104791720738,2.049869107530065,3.7049151283879715,15.305890358377482
1790485875217332236,63.900999999941774,5.556382071490382,0.5557894079727317,0.8980989439981578,-0.09841463467491376,0.017669909329763846,0.0029827327286429594,-0.9949841392160741,-0.026052518406818766,0.42834504437168064,0.8780876005141244,78.63995219653646,0.06809599266790743,-0.21685976655699493,-0.5843262497984778,74.95471916389029,-0.8817811918970488,0.09528911449163188,-0.02562534168912258,0.13055033474983427,0.3773538971459239,0.13646881370211905,0.38310350933241094,-0.32341312849808,2.0786051526010874,0.23402071646590827,-0.35592869777068936,-1.2709939350295845,-0.3297784085771674,0.13740561635549606,1.2818934539031748,1.9533488695874905,1.1350068038686851,0.07048917983104885,-17.769466676480967,-4.092015242488241,35.92897668462048,1.2850390760538193,-0.09848080845728802,0.017488398873301916,0.003067454686595387,-0.9949805410118301,0.1269008088583111,0.3793408669704743,0.13824857210932032,-0.7135269451764802,1.2695151510322091,8.501888370930493
1790485875335706031,64.00099999994154,5.465676451565696,0.5553272271468339,0.8966766284997165,-0.09130962691021213,0.033358731509988214,-0.011909898684133254,-0.9951923941524559,-0.07235773922191303,0.3036775476477622,0.918492909517921,78.66765961113356,-0.005481054095538548,-0.29567899109594453,-0.587565340839324,75.13074128257578,-0.9196928263657409,-0.11721446593296807,0.10635342614122742,0.4714829520622371,0.16676832235710126,0.40075133699687093,-1.74113803028252,-2.652888815997014,-2.205787220419624,0.44119167710312485,-1.2409352011501855,-0.3182707935909142,0.5557805561412812,3.5282215890797,-4.832356972053425,-1.378480489840741,-8.406635266424361,0.49337875651832286,-12.863568044480477,-11.964097744968413,56.51837200817195,6.761539229874213,-0.09150216362077071,0.03329965843554226,-0.011660991898247774,-0.9951796360802123,0.4668137773596814,0.17309510842977385,0.3932359814011293,-1.5831342139381979,2.3435967932435893,14.341405359720243
1790485875455103985,64.10099999994202,5.379312343085813,0.5480333857717891,0.901750464406983,-0.07964242674078396,0.027052955835529607,-0.03674634813096456,-0.995778553365374,-0.17322805559891943,0.12336742400748942,0.5402317947910789,78.79345896983334,-0.12015340925427333,-0.37096983841862,-0.705655385990128,75.37387442028157,-0.8567662432467517,0.0566853571924162,0.12250663022818456,0.4050062028630906,0.1065835821047408,-0.027735644030448744,-0.6728633843679805,1.262420120983038,0.749489649941561,2.6721300509744963,-0.7721388526463576,-0.5427658743859226,-2.4707764402864822,0.984397286164402,32.29616960954018,4.7008951376667785,-51.010773741949414,-1.1144602908280532,-2.066411974834512,-2.013462515308771,-7.326387085695013,-0.13477676808220102,-0.07962509567869369,0.02701550666410516,-0.03654082995593768,-0.9957885188552693,0.41794185905031833,0.09897934615366624,-0.02609487808920324,0.14598055332318455,0.3106050743207003,11.934535535925315
1790485875572391013,64.2009999999425,5.292738778593581,0.5569991679338328,0.9100593429151881,-0.08285048752118025,0.039364720375996,-0.038842089656426375,-0.9950263853679187,-0.1814019845079722,0.18634927607968138,0.5503248918350284,79.08381412940643,-0.14159727107936396,-0.36907959417885583,-0.9155927242992054,75.44896729436827,-0.8725391005780825,0.11722147509324014,0.003967032542436032,-0.2810514760887292,0.2887907773339668,-0.1215218931033284,0.39140226520558286,0.5773570327361272,0.1731036694455981,3.0957922616379343,0.30081481936359733,0.6876462424190504,-1.166702806698858,0.3883722071476659,18.32505457202434,6.527427413903962,-35.36756031847357,0.8428526084235866,0.05106430984605825,-0.975494248498542,-1.2762260316065666,0.12732433057686285,-0.08280116731684245,0.039207039575751,-0.038972344221819756,-0.9950316231781434,-0.2717190299828115,0.2990120763385133,-0.12111635171364353,-2.3010860236379114,0.5350659308822618,8.38524181751157
1790485875689762389,64.30099999994297,5.208874292180335,0.5748764449105889,0.9086896507893355,-0.08794850744406034,0.0450886785929007,-0.012927186307023109,-0.9950200796744221,-0.09606059122764501,0.2574405398037131,0.583798436066063,79.50592802653561,0.002547557460847872,-0.25810691586518175,-0.9018596338216504,75.46369204884436,-0.8333557305407685,0.2935859264147764,0.008682278646918902,-0.5467016774472038,0.023684647689115195,-0.23280966472703232,1.096888470100808,0.473820180621068,0.18203592352137793,5.361946303526931,2.4890103987870296,2.132164868059864,2.191411728569432,-0.03277452209618735,4.747493253865454,5.206542510600497,-37.9909252621944,3.3505500759281848,4.09761595508057,0.36225187051283303,14.675486006625997,0.6118039857299479,-0.08784515652823928,0.04505134766503837,-0.013203382330192663,-0.9950272736177322,-0.5487980315450282,0.0038716926126031157,-0.22831045644894835,2.969925560655109,-1.6654567532074038,12.68077399017554
1790485875807177714,64.40099999994345,5.1240253975301995,0.5990505636579276,0.8932075638060062,-0.09722103505967179,0.051173509925305644,0.011265482395593723,-0.9938825036845379,-0.016780810026251595,0.32836701531501966,0.7681067186956098,79.83080871226674,0.1201183524825089,-0.024774661573450457,-0.4485469863987007,75.6092441636345,-0.8852249688553356,0.17208264921218752,-0.1140179903328486,-0.04340892475218244,0.2312833427540611,0.0020511811974638847,0.014937100346948673,0.03439038459580111,1.9037365079185755,0.6348342115665546,0.10426662116691746,-1.7366876089415766,-2.299139745318884,3.85001895484068,7.434020976095393,2.9203147566116034,5.849005628699405,0.028621563564485752,-33.268890872475374,-4.685455429317803,53.58621124372546,-3.1449410798983672,-0.09722186163751062,0.05105645365337485,0.011255205918281904,-0.9938885593967841,-0.07823373512506822,0.25210226493590493,-0.007605304915595268,-5.551420040682538,-3.13845287564064,15.400217860980757
1790485875925074925,64.50099999994393,5.032680349011872,0.6039389457909073,0.8829892300520918,-0.09811333707398266,0.0642508661983776,0.012122047000837514,-0.9930250023325071,-0.017871894363088194,0.30318568295138487,0.9095144596481656,79.8818185722077,0.10306954696598064,-0.13141606467856412,-0.5289317813911935,75.89502478561671,-0.9269195447519265,-0.051712603444038566,-0.15376170777941733,0.031288677655740414,0.1502360321371427,0.037689233753863065,-0.6751197876645555,-0.7698809590686596,0.5556053233488445,0.26843187869164,-0.49110362013283926,-0.44702471958842654,0.12405844039693514,3.991606551218013,-0.79185428329748,-1.571897375284023,2.6193320585387836,-0.03559220165298704,-13.436313257674449,-8.498920067438847,36.1628252550213,-1.3539854674577614,-0.09813013419700094,0.06417757841278375,0.012146163044765412,-0.993027787080926,0.03718481954881628,0.15651281987513815,0.0340913462385643,-1.6451111914160903,3.0147974071996075,8.669232479712386
1790485876042619829,64.6009999999444,4.942036789413094,0.5935940569731029,0.868534144219287,-0.0759340836858613,0.04879871539441252,-0.01064999658448697,-0.9958610735857653,-0.19014282829413032,0.10838443889183848,0.6808712473834467,79.85996860480063,-0.020299464151249638,-0.07557551525310854,-0.29329768584976385,76.45507389959592,-0.8292283367984256,-0.042690114632685135,-0.29850058234354393,0.9931878884048285,-0.8088474791734905,1.0248611890463089,-1.3389247636572552,-3.7184091129645487,-8.105311053474898,-1.40172510752289,-1.9610025918438243,-0.39120992790124165,1.0871353302148234,2.649090993638545,21.782418782487497,6.129735498930219,-18.607011329025326,0.3173741370896921,-4.646729020532881,5.617585996787449,-30.22493610855748,-4.142720097420469,-0.0764158275135516,0.04924461457945318,-0.010161158069844474,-0.9958073810265813,0.9869567611839126,-0.7962749659697619,1.0247817743531211,-2.1425440881550646,-4.465379020094945,-3.5248215755273438
1790485876161281971,64.70099999994488,4.8597495976161955,0.5902766070974205,0.8288802968251017,-0.05752376650101929,0.007560150402184712,-0.018771396547920115,-0.9981390159116476,-0.17880700757275472,0.1290792867232114,0.40676807691083405,80.04870706637409,-0.109178026096892,-0.21595294889613886,-0.6273274704682721,76.51179671995477,-0.9868881133731506,0.14873096950612344,-0.0960349854193041,0.3498423106164167,0.2484844889285237,0.1842555454957181,-0.500779319369182,1.513753943692464,1.6183362269818784,3.6445381568020774,-1.133619963746609,1.1334202248718441,-1.332305781337088,-0.030301898528520124,25.216361295625433,5.057436218275345,-59.183728207832466,0.08028185734420057,-2.5012499849204994,-3.1428684586979623,3.965205269701613,0.5519922821767052,-0.057616731026670684,0.0074479306561358325,-0.0185889570263598,-0.9981379119697902,0.32883874168485133,0.23324611190195066,0.18034047302100023,2.2642435364212576,-5.408211705836948,17.429497693997394
1790485876277936005,64.80099999994536,4.76925075942434,0.6036225565134109,0.8290597336368812,-0.04981635084660519,-0.0007467695793960468,-0.0035510927674777537,-0.9987518026335074,-0.13051789406813857,0.24049301718696003,0.4618834609831413,80.52801252705454,-0.03594395786749107,-0.05383715842088394,-0.5234847010719332,76.46121346607158,-0.8429611931830707,0.09176639331561166,0.0005780011026476888,-0.9144334607522187,-0.5098055093340756,0.10291128441149096,1.3149330148493992,1.138277701888918,0.5942558267742167,6.464845779139675,2.477414233613695,2.620928493917122,4.927319445260593,-1.8208515168401629,-4.990757722281792,0.729531854778251,1.6962725966361751,0.3396250592674428,2.3561804944028086,-5.315963489444595,14.04001207969063,-0.030139708460716896,-0.04986648874947702,-0.0005147790463635866,-0.004020475038816772,-0.9987476678735197,-0.9025790642379385,-0.48567992930015225,0.10290342776946096,-4.960155079063266,2.8296804351627958,1.6802541452507163
1790485876397388579,64.90099999994584,4.680471976913615,0.6098408537473328,0.8227040617878674,-0.03515140264151342,-0.007008075781359482,0.007670333851545884,-0.9993279900737209,-0.11899469057978854,0.3005710752595908,0.587422059184406,80.7058919890917,0.008817144077919852,-0.1259466939115344,-0.4494281029255702,76.45191049618872,-0.938285115152165,0.006749395086591415,-0.03520500584372194,0.21970437346296665,0.28175254513601083,0.3546480123038417,-0.2040108683609775,-0.7521650418943017,-0.36608022936917073,-0.1425751223885025,-0.46421977085753613,-1.882002599067664,-1.004822303813941,0.07029184368823976,4.535666850740542,-0.2546865370935758,-1.187237402814968,0.19752672685797043,-18.736218091156825,-7.391135130238467,36.25340408474866,-1.3894434405742835,-0.03532829565316086,-0.00714635583608716,0.007783821270839466,-0.9993198953543007,0.22078811322622977,0.2850195628529824,0.3501121926570456,-0.930784180575733,2.110848984719889,9.72022052451993
1790485876513709087,65.00099999994632,4.5878115204336645,0.6094662370325823,0.8158988314639364,-0.023155610495584185,0.0037430176856753494,-0.001509376462743121,-0.9997237264884103,-0.12319738737171038,0.27853598210530023,0.5163366966377773,80.98761632568319,-0.029025442557426527,-0.25428474269474155,-0.5069931793471002,76.64827804186864,-0.9498390111926089,0.01556172440047932,-0.05821254696467191,0.07496222976267075,0.29338063512419804,0.09628543580984497,-0.1722397350821247,0.5934901515949016,0.5478708047476386,4.457454485510038,-0.16615063950287964,-0.5194495486217675,-0.23699068949130625,4.087325505693653,9.75392894957677,2.746813572153873,-30.452344142607615,3.797439673138536,-1.1320647037147713,-4.389702508854972,11.47540165218003,2.2379420139988766,-0.023203820738934525,0.0035973084117197403,-0.001468328781123407,-0.9997232047351385,0.07265387788071635,0.2976547611177721,0.09361615751874795,-0.842351647342759,-1.1411327817827033,10.00178147232729
1790485876630558709,65.1009999999468,4.494932735171411,0.6147056952698035,0.8100214369284435,-0.017526506485843345,0.011321467375393943,-0.005335865894889459,-0.9997680603430084,-0.13089151759375078,0.27811668623267694,0.5482507192493261,81.70245152870658,-0.03738342502366536,-0.2647136836206098,-0.5351112186234697,77.32735786006748,-0.9094450579571393,0.0629290741180098,-0.07202688994747486,-0.028105378486763578,-0.002611417647049687,0.11616687069351253,0.10053646634249584,-0.3561352400904002,0.3876287479021364,9.67874034455612,0.08913312487572843,0.10390448605062053,-0.3441540073107021,8.692410850113102,7.77231907778304,2.960971302787854,-25.143409101152642,3.348075468285905,-2.9661618656427304,-3.395328783812734,14.365811508398934,1.3225672723921793,-0.017584728547969036,0.011322836392018497,-0.005349280610012592,-0.9997669507914777,-0.02941796385134991,-0.0017889615384922971,0.11475345071079256,-0.19019640420675113,-0.402968404076226,9.567089434450473
1790485876748206192,65.20099999994727,4.406362309048606,0.6207510969742169,0.8028881336021144,-0.012996940671960918,0.003184057878758208,-0.001768616821407452,-0.9999089025021899,-0.1143266110711861,0.2315246228144664,0.5848768122776973,82.78849143068878,-0.02243287970892552,-0.2306044819383896,-0.5669996962332796,78.36746367136429,-0.8820491211851307,0.06300645763849048,-0.0671924680030257,-0.08030355450742699,-0.2407833593932747,0.10317619423764526,0.19302518240053732,-0.28752105257335747,0.2987669269332894,10.28055757373044,0.17391227398197392,0.25001304726932466,-0.26088066420938755,10.261669671748162,8.017410920414898,5.477862391789971,-22.308296463503268,-0.7800426189575056,-5.9736534321241335,-2.76562052085348,16.803075496762755,1.105470400942325,-0.013048438866243893,0.0033040079501297317,-0.001810165388239703,-0.9999077682845988,-0.082243670764715,-0.23016907337337164,0.1054019065002827,-2.021868914965705,-0.3644328061694196,9.35109696043382
1790485876865681447,65.30099999994775,4.319148860143827,0.6273295618999906,0.7971368070291353,-0.00804175830905229,-0.010697605767950568,0.0014941101140281262,-0.9999093253836073,-0.09645954206421517,0.22016435837470416,0.6084641764423503,83.74119473310914,-0.006544902926051424,-0.21788828644768676,-0.5876806464714872,79.34032615919999,-0.8644630134764282,0.05341394650116218,-0.04756877691252953,-0.11219096723818654,-0.2829533286776996,0.1477099272432272,0.23845423821768955,-0.08160653921519641,0.19668398385683192,9.206596196839175,0.2229521743420898,-0.17274785765972941,-0.17181527616273468,8.38188360099695,8.461602104926813,2.298241559286619,-20.477373237949703,0.5632439548030685,-6.664909126398254,-4.349672537767862,19.32623823034324,-1.8872923749918833,-0.008115217754833894,-0.010556703233329445,0.00143609190331799,-0.9999103144270898,-0.10863988070598497,-0.2832271398370196,0.14553326534990713,-0.047349829294829164,0.7997781091492484,10.022183781423784
1790485876985309409,65.40099999994823,4.23354559077689,0.6330351135583613,0.7937328523774506,-0.0032019828342689785,-0.022476364716995045,0.0030820642605199813,-0.9997374961533315,-0.08306694141661196,0.22785290715727782,0.621300086017585,84.54502109016975,0.005191040006567608,-0.22715516850101136,-0.6009172952534223,80.16063979642631,-0.8523397117410588,0.051647111649131355,-0.027494335029081014,0.006680459413985805,-0.15598207250499313,0.08550698800517921,0.07896145273498828,0.0552740754609865,0.09098153264599573,7.517057396465602,0.06314898121053059,-0.16810241960294456,-0.13616807225855357,7.343827934685938,7.031872557439049,3.093456105841323,-18.883382080198654,-0.7789184935361457,-7.49263306283844,-2.4075355499580597,18.904592299712707,-1.4345499136167725,-0.003245040542182248,-0.02239851513842543,0.0030841929321101104,-0.9997390979577779,0.004956530060231735,-0.16123020484908737,0.08629982703480178,0.9974498245445632,-0.057839443971648266,9.77923524828703
1790485877102980842,65.5009999999487,4.148297656917565,0.6373165531958869,0.7913497456213092,0.0017586590573184238,-0.025492289882342506,0.0026911224189494977,-0.9996698495678469,-0.07631955274951145,0.24965548691932216,0.6335012547809974,85.17487106635969,0.01016338485639565,-0.2548455261056483,-0.6164292960626194,80.79707088122764,-0.8592813345795636,0.03233333073613752,-0.014489629533949977,-0.008716856805899918,0.06698062404609392,0.12548488329113927,0.08742532774013116,0.20796145018939224,0.11143206326378902,5.562640227558987,0.06657688950400134,-0.4197111552567647,-0.14826850061018196,5.046141413819844,8.726884033486701,1.7298277304197698,-19.456263247167556,-0.6106209942116223,-7.78463881065153,-3.5196632346278904,18.590635455937715,-2.0964027484119208,0.0016961385585552234,-0.025525930255382977,0.002685107076106034,-0.9996691153569655,-0.008162457378577119,0.060803162587860025,0.12363724468828473,1.353047938713543,0.23663203208106612,9.888171001629471
1790485877220107481,65.60099999994918,4.062801403281429,0.6385065128503978,0.789471425821473,0.005534961010949186,-0.019216277767785277,0.003323071494855987,-0.9997945069218973,-0.07054498110617348,0.28898631989908113,0.6492416495509048,85.6322524332536,0.013854861265334242,-0.28139934646609366,-0.6294927841444715,81.31761837817791,-0.8568206297599861,0.006828384050525264,-0.012535759854586723,0.019812981304940035,0.19055149630407786,0.06462286355365982,0.01323036798168537,0.37398092841398906,0.10222977306970486,4.162646204761143,-0.009615756120986436,-0.32105002199269955,-0.11643870736376334,4.545841203989666,7.599908811178991,3.0352221745799657,-21.130237061896803,-0.23613603439503672,-6.191717618717744,-3.017166228391119,19.80477675960903,-0.7738739186833707,0.00550278243296685,-0.019311696044313775,0.003331827679798587,-0.9997928168904299,0.02264275880097164,0.1880650812508014,0.0646617075579605,0.7147579308799009,0.6299935615457217,10.188078180619494
1790485877337985362,65.70099999994966,3.977991902509638,0.6387856175076242,0.7877077458003287,0.008964429333944101,-0.009832372776965094,0.0015958977711903368,-0.9999102042496595,-0.07191549062640203,0.3101651969759726,0.657596887463373,86.10703374626591,0.010233860902801366,-0.303453995391234,-0.6412584309002709,81.81161957021541,-0.8385443250006677,-0.011905637218280378,-0.027808898805652647,-0.007700858036912898,0.16799091066861013,0.06953651044293367,0.02801740415184091,0.06463734428972231,0.12427231568805126,5.516300970099669,0.009368876045607202,-0.048136423588975165,-0.11486676296187953,5.69369336660784,6.391528341032998,2.3235331417027254,-21.08013981856249,1.8416663141139837,-4.876403711467083,-4.888981559992081,20.96962709889897,-0.538142783920375,0.008929836070717572,-0.009916381618730135,0.0015909528555548731,-0.9999096920584146,-0.003878266988653805,0.17266488876306924,0.06675439183652267,-0.6981607471367717,0.859049457148064,9.900766136913633
1790485877455685425,65.80099999995014,3.895438413158445,0.6380162981842896,0.7853371256643422,0.011454827685981137,-0.00477825118414601,0.00012685545032353117,-0.9999229666059284,-0.0735768207384429,0.30223019551225644,0.6655749723250738,86.7392755950562,0.006476269565935628,-0.3050244395912026,-0.6525252866722633,82.4231453870877,-0.8141946206994245,-0.02200604407685128,-0.023432413195049486,-0.01754381135019077,0.03378463367153132,0.03039803485430356,0.029470859280538726,-0.07032066632567244,0.10247645817125209,6.668550308789698,0.009846925775544113,0.033943745917866336,-0.08727689377908639,6.562584348302966,5.3818058037235,4.614123230294389,-20.566126604453775,-1.0561393778750734,-5.3923969345456175,-1.6086679961458665,20.674384895945263,1.6154115459412903,0.011439673893240406,-0.0047950436457003445,0.00011781809703977411,-0.9999230608084545,-0.017299157018268983,0.032533526583507826,0.0342852970041694,0.4000248630669509,0.30281213738594753,9.964321471616001
1790485877573057071,65.90099999995061,3.814923150190697,0.6360972121833306,0.7829090249864642,0.014057560072557334,-0.005655619512772077,8.186744296241837e-05,-0.9998851895445069,-0.07233746931660137,0.2933149874256811,0.6749988534872376,87.43435543219451,0.005620687170132779,-0.29812953825771094,-0.6624132167644522,83.12310186594206,-0.8000818304996701,-0.01557980312483856,-0.03209452325771276,0.022130010380904487,-0.043346460198839164,0.08672774987009299,-0.009830008202409785,-0.16807590876127007,0.10771382514400496,7.377014622581697,-0.028722471711229915,0.029368273113881453,-0.14250685421681575,7.099304087708434,5.730007303027166,7.411668679037885,-23.969411915616245,-1.4313018249932412,-5.324401839395289,-0.9735981079430358,18.70322570424633,1.8867035469660953,0.014014136805095938,-0.005634107861067657,9.299060082564545e-05,-0.9998859195683103,0.01801879056537217,-0.03284057120210156,0.09340169128661362,-1.8511068138588884,-0.7436272142780086,9.823723414185663
1790485877690427528,66.00099999995109,3.735265932387584,0.6334926960087535,0.7803614957036639,0.016757549884775996,-0.008452097046223093,0.0009633465598194455,-0.9998233936754963,-0.06891418726465041,0.29043599904819883,0.6858328563146885,88.12348661382931,0.007100843023665521,-0.2916531606337708,-0.6715729294258538,83.83534976631033,-0.7958733063975574,-0.03390139268275263,-0.02373843734849088,-0.0421286899285039,-0.042142339696812255,0.09388540686437181,0.05958116754178047,-0.09914828932999536,0.10187946287806886,7.031092262798264,0.0402832864193434,-0.030555878121528268,-0.0811992704896349,6.666277184580482,4.636780157358608,6.390594148123265,-22.545258729960974,-1.6567322495250476,-5.921690438436478,-0.36933305751441325,18.483095149060336,1.0594915079600034,0.016710773184893633,-0.008430721819903833,0.000942242270368448,-0.9998243771626409,-0.050686371902200426,-0.040499361989838285,0.10017289374856914,-0.19782590094838132,-1.4831266721317289,9.828526825726016
1790485877813772509,66.10099999995157,3.6552389185901286,0.6309558212885078,0.7788753311215736,0.01966094094555521,-0.00899639968453574,0.0009025390243669813,-0.9997658213887703,-0.06717548622827467,0.29554707985412,0.6922528107186535,88.744224723028,0.00668765554796278,-0.2974111980176174,-0.6782657432176513,84.46753610558986,-0.7979557738335019,-0.01710280849609814,-0.010862833834067148,0.05670997284657623,0.005147634080641573,0.045172254973641635,-0.04360385864210094,0.04162757930383782,0.022845006033011223,6.047579701384404,-0.0667474446384652,0.010316936387161461,-0.0677658738148554,6.468059521717609,7.483816629538422,2.513361058048104,-23.132090171838367,0.4735656104284036,-4.681008719611354,-4.059322156890577,17.15692257789774,-0.8250596432898347,0.019638107324457067,-0.008999550763476458,0.0009306335725616912,-0.9997662160464935,0.05667840672089476,0.006638734557633705,0.042703726565087675,-0.1849127431309898,-0.2623228606734038,9.626636951483212
1790485877931289794,66.20099999995205,3.5756920025462535,0.6291060306289568,0.7780319748622813,0.022542924536355424,-0.008523951049702803,-0.00042253747043479866,-0.9997094479267151,-0.06697464534043457,0.3022867115414479,0.6949760601777473,89.33386764908686,0.004604745079339527,-0.3041770547225642,-0.6837220892820322,85.07670588762085,-0.7882429817020158,-0.023558163976668916,-0.007163801940897881,0.0009743636825923678,-0.011306217744386064,0.03952273630173772,0.03421560776930197,0.16858857784813594,0.04198913542827782,5.613190906397667,0.011900068903017405,-0.07137128804029427,-0.038533721243435674,6.088756295092773,5.6525079564783995,2.4683164013746097,-22.69498398626873,-0.2508577193578909,-4.703894981792095,-3.4764107081863544,19.024261022786103,-0.27284346622619626,0.022523167141084068,-0.00851830221413692,-0.0004220914373840148,-0.9997099415871301,-0.0029066329724346416,-0.014780669686925556,0.038134791249662174,0.7842594377672272,-0.7876338454975997,10.138576799104433
1790485878049548901,66.30099999995252,3.496794109470221,0.6266113928490956,0.7773856906364323,0.025342148917616082,-0.008167511786922228,-0.00041875391495404136,-0.999645383065718,-0.06326141612835322,0.30968354825240535,0.6979575108560273,89.91856081002491,0.006094710820445749,-0.3133195784550171,-0.6874604019489423,85.66848764808151,-0.7736953345285685,-0.04277261220580997,-0.006138090526591852,-0.05261034664593845,-0.04422756240366713,0.04070157922920338,0.08443833202549417,0.017670114963510286,0.04612784241271282,6.335657459010012,0.06187301427275837,-0.025809692230485,-0.0056478764329654105,6.291969548902395,5.652192267088457,2.963384937237337,-21.53137331590915,-0.3380839136785898,-6.046384788229053,-2.933072067695686,19.888104578876117,1.4141524974299062,0.025322029432574986,-0.008144730689541121,-0.00044465556425392214,-0.9996460676003479,-0.058487704205101715,-0.047277397309740996,0.04116103083953712,0.603300719431101,-1.040972599823402,9.895254679562239
1790485878167413922,66.400999999953,3.4181827179749664,0.6230733241496911,0.7766971503037057,0.027782016836308772,-0.007239275879900077,-0.000242456456461016,-0.999587761849908,-0.06026570528098855,0.3115219927494316,0.7007802608047989,90.51640869309384,0.006719717291717812,-0.3121852007724261,-0.6902008895617131,86.28935742615506,-0.7958643274458538,-0.043426663739531024,-0.009134603074568738,-0.011521846914223574,0.06054250021109697,0.04479069146743736,0.033260103850356555,0.07137060931909531,0.04565909465839166,5.632620150320448,0.008016432355902246,-0.09100193859080044,-0.03946664684815234,5.644675492403429,5.5428590606810895,4.095076881725433,-23.04316107118234,0.26002154028777413,-5.860138778865462,-3.540971978546696,20.467396920760144,-0.07021510559197308,0.02775966506809347,-0.007269369165813143,-0.0002492181273344314,-0.9995881627738313,-0.016914169168295596,0.06634085566964737,0.04491833386488708,-0.9368180794915777,-0.9521950605313122,10.106462524893455
1790485878284711309,66.50099999995348,3.3400810007946,0.6196119043847906,0.7760891931905809,0.03006660098955157,-0.007338472516842245,-0.002238080663109903,-0.9995184527166069,-0.06280187409901171,0.31437208520360377,0.7015061478291937,91.11554747896535,0.001786281213017806,-0.31412821059253576,-0.6944660127925407,86.91089797956185,-0.7707532605516104,-0.020705982310922726,-0.005125677391640916,0.08352375411546455,-0.04777275277722566,0.07978220184390664,-0.05699348983758805,-0.10515952278085035,-0.03063181984851881,6.584809380396574,-0.08324225185430235,-0.04657666993957153,-0.06211618368734114,6.3767187153490505,7.356484532012966,2.890081170397642,-24.465468629497824,0.580094775744096,-3.427457288805283,-3.925994519665032,17.490429755267414,-0.06706390555660535,0.03002647603063832,-0.007315763986748822,-0.0021959134496270126,-0.9995199189103704,0.08624582346870624,-0.04558525922040096,0.07815790826989052,-0.29879553958130617,0.18461405086748692,9.854598618225378
1790485878405294591,66.60099999995396,3.261880679476997,0.6158282324534338,0.775346800057982,0.032705375788770925,-0.0068930027735240205,-0.0025780613551737892,-0.9994379412984724,-0.06024983346936734,0.3126457631350196,0.7037038350864919,91.72848928996648,0.001942058261168137,-0.31588921457870917,-0.6981613563100647,87.52580251937779,-0.7852838467989068,-0.041727692658833186,-0.006498760121614602,-0.009926142527137074,0.022288684092726368,0.049273689335498166,0.04975883457729791,0.08148542658283178,0.03255334257635,5.715133835891537,0.024638949074319436,-0.026595266698662516,-0.028234437123041856,6.0361817489137195,6.4333106490904335,2.4771966097597913,-21.827205875682903,0.5441667189103105,-3.8780757525394005,-3.7591508899817576,18.934662135514156,-0.15224829366157167,0.03268075825876622,-0.006903915014781822,-0.0025835559376581937,-0.9994386570649636,-0.006268012330386603,0.021951469221758984,0.047788367542189424,0.1583266561469131,0.618605458794101,9.663332429282912
1790485878524784854,66.70099999995443,3.183159464557304,0.6113113189549942,0.7744428413395603,0.03425131213158412,-0.00537307225236118,-0.0015967666491804526,-0.9993975325405318,-0.054637948516717404,0.3192086908292184,0.708249441121127,92.30804872301914,0.0052295959524514025,-0.31896310330103617,-0.7016382455856492,88.12351378506129,-0.7812305789713732,-0.026471435262682644,-0.003936953907442055,0.0873611585794175,0.001076154460213515,0.05351187181576824,-0.06244313556995839,-0.07032867395251989,-0.034443625984496885,6.255141306862208,-0.08824510154297034,-0.01337331577605433,-0.056658091814588335,6.251961412921957,5.051564041628447,2.3841910705558913,-24.30533954947918,1.2689876313284176,-4.044782499845336,-4.242096197181157,18.345762672237814,-0.35888704801371274,0.03422433671223593,-0.005375063392535701,-0.0015532745753702826,-0.9993985145117171,0.0805003923700853,0.0017047529401967194,0.05061654397180964,-0.04277860060206244,-1.5043686592580578,9.993108093476597
1790485878643686444,66.80099999995491,3.1052165405077603,0.6076257909271758,0.7737115881329482,0.03603089232498068,-0.005607377032298448,-0.0023500002309497746,-0.999332181819438,-0.05189365109489866,0.3154914053879294,0.7096482670661366,92.93579486021402,0.0055034987905074806,-0.3145413784697323,-0.7053859663971653,88.76764430401556,-0.7811329336633309,-0.04755560015788121,-0.0036311129819146075,-0.034973462102688875,-0.007251660829184646,0.06923329133992615,0.084965676518659,-0.07484488473859849,0.017269811298589163,6.437315879256735,0.05967298052392009,-0.18175496985968667,-0.018717890801207313,5.550949890065133,4.904711085099648,1.307015514529234,-20.852699354168106,1.2927279780352068,-3.5979586327868347,-5.186493274288716,20.272240652099274,-2.033402481996983,0.03599640534500732,-0.005603042207377595,-0.0023675387489356147,-0.999333407567531,-0.03315949787927095,-0.006434619134609786,0.06454996659251046,0.03834419623848283,0.4045686040352895,9.76264181774107
1790485878765200976,66.90099999995539,3.028017850474521,0.6033477662649739,0.772993566671018,0.03748740680441471,-0.007692983761537264,-0.0026752449799768226,-0.999263906781498,-0.04850021269507283,0.31562160673668854,0.7117252962116966,93.56698881962808,0.00639113099152543,-0.317498081676908,-0.7090889337706817,89.39821334099231,-0.7788291911257911,-0.05298979565654939,-0.006961382568178113,-0.030946915708481997,-0.00419918437385132,0.07623194208528364,0.0718414157161173,-0.08580107487452851,0.027141258690829832,6.451274635954284,0.04807591503058243,-0.14598495900589606,-0.030347690096503007,5.701383218437466,4.369352085955925,0.8366305119385622,-21.059386708367697,0.5197910057685857,-2.6456257335103888,-5.227390893676003,20.367435677782826,-1.5554146097451613,0.037449443512472314,-0.007690203678951052,-0.0026909215629295938,-0.9992653095595407,-0.028759736465271954,-0.006304561997374208,0.07123610709034056,0.6092831193464273,0.3964019747896932,9.958006012419636
1790485878882923488,67.00099999995587,2.9495257714972025,0.598324520069078,0.7723531027935243,0.039554405477725596,-0.006418195368474385,-0.0029562229275263393,-0.999192432177866,-0.04612485196370061,0.31880057522433813,0.713784754619746,94.15402082512472,0.006169255805962415,-0.3232637772216948,-0.7125779817460396,89.98861473013288,-0.7871420808796781,-0.034602699051474436,0.0002975876456964762,0.07774675731046311,0.035657807905729685,0.05855914722722207,-0.044654698930605516,-0.04212311025746694,-0.04752080020076818,5.934167621769189,-0.07630745858579983,-0.04404303877320903,-0.03671360883150278,5.928333992985033,5.579874866704354,2.423185756365606,-24.402328142850735,0.6819711932352783,-3.031772641092083,-4.0623841395160065,17.29768410303794,-0.8648062920705195,0.03952484729308568,-0.006437460922183674,-0.0029182740715271156,-0.9991935894609102,0.07523479836641675,0.03615782440762071,0.05563312948300427,0.06826679773399383,-0.7974844499375181,9.839042353245251
1790485879000560012,67.10099999995634,2.8708116796716463,0.5940357623826238,0.7719164808607617,0.04150156836007354,-0.0047151597462547585,-0.003473630852284811,-0.9991212744111322,-0.04240936309123442,0.3214905271165937,0.7143985297483271,94.73633943617234,0.007094090354487496,-0.3261412080593016,-0.715533019286048,90.58556643538302,-0.7977740219253069,-0.051134151323675124,-0.010848668029716842,-0.030354404394948936,0.08461542671887592,0.0765688464117516,0.08806830332892776,-0.027516930929536405,0.04566733500467748,5.869911291279104,0.0633402026785061,-0.026325995890017564,-0.03985366448633897,5.834517885266277,2.8238602378816635,2.2843958646881526,-20.526814761674558,0.24341554538522825,-2.0935895126244963,-4.326046812627052,20.702714987000626,-0.5584172849945888,0.04146324210760974,-0.0047566674108531284,-0.00349073106545125,-0.9991226093256513,-0.029319833439533528,0.08639343729800221,0.07419987076798361,-0.13951068028772626,0.29460089872932244,9.662257696900426
1790485879119156775,67.20099999995682,2.7911588849527154,0.5876890596452754,0.7712271102757179,0.04430262637239873,-0.0017505260389513988,-0.00233561854735313,-0.9990138927167612,-0.03713307421763654,0.32784992327347745,0.7178279584234805,95.30166149233249,0.009630485152563683,-0.33247053019720413,-0.7178491975765641,91.1623501910037,-0.8012656561160233,-0.053465991294738564,-0.005878865184983548,0.059301807479869295,0.06747161598309015,0.007846371818299919,-0.04012453719334219,0.04271509053283028,-0.006785220373841903,5.684876177114385,-0.06958747164714693,0.06794882156330762,-0.04431545576098564,6.2778514804209316,3.377892654713396,4.609375498287547,-22.353319024070682,-0.03089033236212435,-2.6643932141275184,-1.944760662131537,19.513791420667662,1.2679193525629717,0.04429857631148886,-0.0017855330278702154,-0.002307498332756991,-0.9990140757066572,0.058758867778473445,0.0686787282272415,0.01060856961594173,-0.1511693228156539,-0.1126452053971358,9.686884131062047
1790485879237429532,67.3009999999573,2.7138204006695172,0.5809813053133451,0.765599049501109,0.049957029834597676,-0.001024979603831471,-0.001208028786466966,-0.998750111516073,-0.0321991721604172,0.26660586865363156,0.7359330014252919,96.17633537343876,0.01250309603649107,-0.27424840155049895,-0.7352653415045575,92.05225937429837,-0.729689369086973,-0.09539574957849487,-0.1675298658036448,-0.13021369306576053,0.004404939892036115,0.19546269007907566,0.1452107152879335,-1.820576567150297,0.46797216476949893,13.80702776144811,0.13612487407761803,1.689311171228508,-0.40057124095797575,13.630842332553698,1.2380186732595277,3.5099387224715217,-17.258650234092794,3.096486119275945,-3.5620206090026905,-2.9986119848190205,20.281754384533407,3.184578833723151,0.04985948437102495,-0.0010238087069156488,-0.001273264449711794,-0.9987549060863874,-0.1344338364335608,0.008017341534972576,0.19594434331560137,-1.5901348146996936,-0.47235190390368054,7.9982687632572596
1790485879355222264,67.40099999995778,2.652022126456554,0.5726157573617693,0.7443229038089073,0.05807051266581771,-0.013011343857875926,0.0022762496694993394,-0.9982250944437248,-0.02419155311354046,0.008538506360893554,0.7251397516137664,97.76307428319951,0.01793534637185302,-0.024786734949425748,-0.7248081138160213,93.64585337162029,-0.5179053311170049,-0.07165133321880884,-0.15010549747628604,0.014102613268841047,-0.34499954926657483,0.10557539592032049,-0.056295622975207286,-2.4627889061414074,-0.8486894569137453,13.385707401317298,-0.10134457589253337,2.4123969488872934,0.7873657776906643,13.532594823522329,0.577699792154696,6.832212388618832,-22.631181299409604,-8.58810116007027,-2.8933965309484044,-6.893002406563365,28.61294562755036,-10.979920935473324,0.05801733331546489,-0.012839679673919158,0.002292618735005326,-0.9982303719884349,0.015493517150333251,-0.3299542950348228,0.10630179554074608,-4.0709563484360105,0.7993722918222194,13.313544063349898
1790485879472032117,67.50099999995825,2.6141539157444678,0.5672368450560636,0.7465602481071651,0.06145982859047457,-0.03737341945544756,-0.004973316275477878,-0.9973972042837598,-0.04058111254732569,-0.0439796968902782,0.6606798559222223,98.38480407423839,-0.006255511563012944,0.02320940320148739,-0.6693026495399467,94.29454811033507,-0.2747586018240878,-0.04889475517566887,0.15542685839825446,0.07623207821423486,-0.43955763684946225,0.04705003450835692,-0.0609610215070454,0.956074279459733,-0.21514783707315277,0.16165196208815644,-0.17168105403277278,-1.1334359915746732,0.12950554444815354,0.12267033565982839,5.6270602217931,6.266996221613639,-20.709797086491708,-8.064352210902477,-4.544985482818503,-2.69483696945704,17.19749501022316,-6.33471544737093,0.06143603176110031,-0.037156437345978725,-0.004922670961786803,-0.9974070284872694,0.07504942231492882,-0.4367521567980249,0.04983556562019177,-1.7845712394509836,-0.4277701974309029,10.461531864615328
1790485879590644540,67.60099999995873,2.591157358738263,0.563988681666418,0.7637678319138624,0.06152943792902045,-0.0456304851720602,-0.006970684274002694,-0.9970373095586004,-0.0409884583227712,0.11537433765228668,0.6715295295273406,98.0456762954183,-0.012950912003784584,-0.12878725463612647,-0.676375467512733,93.98922034851013,-0.19471955184730474,-0.021399114623124847,0.17277251112629974,-0.06874087716098508,0.1116062502993416,0.003247469482537091,0.14164976940285062,1.7119167272193234,0.1959694916655484,-5.546492046948639,0.09689658048345812,-1.5681723066221847,-0.0629127908797656,-5.214664306452855,4.995624963350639,2.5958168477851467,-19.3111895929287,-3.824820783318893,-3.700427338354678,-2.531896815734655,18.699204041916655,-1.8571239281639533,0.06152899822649868,-0.045683996759417776,-0.00700846049533562,-0.9970346214143284,-0.06604821597589969,0.10034604435426929,0.004130603661343512,1.2702056259652146,0.2900057850118292,9.951942234176888
1790485879707161726,67.70099999995921,2.576053817305932,0.5649170856998863,0.7796542447475437,0.06267251795137663,-0.03341911006945674,-0.0044598607802539885,-0.9974644997279953,-0.02780001799092909,0.23921703269506445,0.6623420252971433,97.49446588285643,-0.003548005210039879,-0.24292926960059646,-0.6624303262181929,93.4738150540925,-0.10323481583668945,0.05312484501014567,0.14145021064945199,0.056423123562737834,0.2925712335507935,0.0003445609825967065,0.06460803927004703,0.7268950081864468,-0.368576710648179,-4.804256877404706,0.03407938799217127,-0.5130787978599802,0.3279093458837168,-3.814783148447989,3.059835068159607,0.6330962916821989,-20.341677982184983,1.0388366982848725,-0.6242903791609018,-5.322662972683573,17.966473478978468,-0.8003928400673874,0.06267075019341482,-0.03356679172885455,-0.004440894544875231,-0.9974597365402108,0.051965063961472574,0.28921227585122133,0.0023648900246929063,0.29099117203707137,-1.003079616523381,9.650751287994911
1790485879824310625,67.80099999995969,2.569801243017649,0.5703037882652582,0.7902522901398402,0.06584043111002151,-0.01958168704354308,-0.0038829341120963034,-0.9976304516134495,-0.015637282672652915,0.26094873573175864,0.6248130422424604,97.18439026259423,0.006012216454106451,-0.26452524891310514,-0.630040217999645,93.1929577516248,-0.025408181290159645,0.05741968431989878,0.08120479070093697,0.011686681292713025,0.2266474545489908,0.11798921608427652,0.10991987299887623,-0.23255646136023989,-0.38708175878906553,-1.3653503663601525,0.08419229244070964,-0.16556877768734765,0.27000932749778894,-2.448220022426282,0.4036162845153583,2.5098966130015277,-19.420637928489768,1.3415780667097392,-1.2641757543493153,-4.264273698966975,20.497390902143213,-1.2381931504079529,0.06578102130321689,-0.01969489774019848,-0.0038857210827752935,-0.9976321313044074,0.009885596420212448,0.2290462566751125,0.11567581320253356,-0.4439828077444502,-0.1791750999415682,9.588848256516485
1790485879941323715,67.90099999996016,2.570503040555287,0.5756633909380828,0.7957441291724748,0.06980928218418028,-0.011295727665668035,-0.00473896848407428,-0.997485144167641,-0.009678795375925125,0.23915751188244364,0.596882231018694,97.08496285480594,0.010432741864967393,-0.2440441574600773,-0.608274338550283,93.12378155533206,0.037677197521411396,0.06174596995477613,0.03324677382478787,0.07299681504981359,0.1008659251361046,0.07484668344588953,0.0009804234247867507,-0.4075687454352791,-0.2410202570609037,0.04019934524898029,-0.011442286305793775,0.4295010475504996,0.14698090488445087,0.5511402675883151,0.37595972153114243,3.346224680996067,-20.906022596583487,0.5275174648076082,1.161982620788169,-2.9771372825584317,18.615328909264466,0.5981226171366285,0.06977130149634692,-0.011348404346354065,-0.0047065052651010025,-0.9974873573206265,0.07485195816871507,0.09997424078761573,0.07507406029343511,-0.010108889358289927,0.3421476788703497,9.613333154445165
1790485880063470920,68.00099999996064,2.5771771237711225,0.5813033030676178,0.7988365978946965,0.07317977673174046,-0.010208689355401842,-0.007839185506794287,-0.9972357043897532,-0.010217474307440822,0.2095674428316479,0.5751088874155288,97.07833206538793,0.008578720524305465,-0.2190495793499396,-0.5952119257865841,93.13484644749227,0.07284945760955118,0.051214531298023745,0.026329902234296012,0.03968069286820458,0.0527757208688176,0.07287367933245051,0.019035243503388942,-0.29429483796241146,-0.18648999238706332,-0.26100875365363657,0.005649953395198757,0.10925593903026506,0.09744976060464558,-0.6629956100861846,0.9334466738748242,3.445491557235745,-19.191941145979364,-0.43328868633693907,-0.11415718581547785,-2.381133704971114,17.913265683460065,-1.5251691175261826,0.0731430311225587,-0.010236170536615045,-0.007821703025586033,-0.9972382557707706,0.04133133356317188,0.04964651594804066,0.07394618447180924,0.55244219975251,0.5182015729970462,9.485258761968717
1790485880185968911,68.10099999996112,2.5882720711820437,0.5855164570774521,0.8011567484034707,0.0759539740851988,-0.0123811918820094,-0.008813210145728705,-0.9969955001077857,-0.007872763015392269,0.1983060982909659,0.5611985549837715,97.0216013326838,0.009748155308478433,-0.21024114388001236,-0.5846132593477265,93.08933411482907,0.13533666343619755,0.02646238284211417,0.019424696554931734,-0.021407771447156342,-0.06119447218028927,0.021705804525079836,0.043452570735371475,0.0469609322925476,-0.07527028522177483,-1.1151943783894382,0.03425846656199913,0.23225841864489805,0.1380308423968836,-0.032905101177829466,-1.6255287430980645,3.8041900136135762,-17.630170797935452,-1.4806198785237867,1.3752943391156325,-2.474806659166481,20.410487973002176,0.17332296043522058,0.07594355593283852,-0.012349777916516699,-0.008821692256666111,-0.9969966083409801,-0.018947627399421452,-0.06257148038033207,0.02399949262439267,0.1302118119994828,0.8852416717805885,9.62408333204078
1790485880301173611,68.2009999999616,2.602544145235375,0.5889547816328622,0.8025075085724019,0.07965549018431586,-0.01314200695116644,-0.009742785164693669,-0.9966882003284817,-0.008167790251491409,0.1899332015354767,0.5525215333480616,96.92168649068259,0.008328697253162303,-0.21276427127125636,-0.5800232530768178,92.97053312794397,0.16571005384462414,0.037570532643044816,0.01544415536448013,0.003979739302934191,-0.048846630559093926,0.03603334333600138,0.016267634308692762,0.15590405609520905,-0.04618952669943164,-1.8514055176329764,0.005520237313991986,-0.09041941740336233,0.05307810802142666,-1.4831271214278083,-1.3614168668745743,5.595421872826845,-20.327970231934998,-1.7084818401062414,0.9665738229156242,-1.9651639253407938,20.255016143828374,0.9700488767520359,0.07963774494364792,-0.013117647486420655,-0.009739093204659887,-0.996689975352549,0.0022700050589218985,-0.04468518127826518,0.04016165978819738,-0.9615962786577572,0.011292406140025144,10.006425698698065
1790485880416088005,68.30099999996207,2.6197006546854804,0.5913810054217511,0.8039431930022581,0.0830829608834523,-0.011850642239932754,-0.008443838588714619,-0.9964363930925185,-0.005376291623007353,0.1981821235950823,0.5494967911657191,96.71674217467961,0.010202693600732471,-0.21723795135925375,-0.5738109829098156,92.79067603990703,0.18005233410518212,0.021253732642318078,0.013075057221322937,-0.010751513860536669,0.07008159387434917,0.09134729544986159,0.0013761807650152676,0.057515524764227936,-0.029722340345044986,-2.295761280839684,-0.008116951503610454,-0.0947893982859077,0.0426358127022866,-2.2578757013882096,-0.38574519204384866,2.507327649718266,-20.427088121673737,-0.8547500701819646,1.056362953674904,-3.9967211940627636,19.291034265866564,-0.9268401758867058,0.0830372176871517,-0.011884725850705638,-0.008452647729662494,-0.996439725480969,-0.012416345375101317,0.06855765742986795,0.08948101919096547,0.25844842722307376,-0.20406229929528577,10.139317572722025
1790485880531142467,68.40099999996255,2.638088580113373,0.5937738338088663,0.8056651844372883,0.08734695904943203,-0.006599644955773204,-0.007774520999304164,-0.9961257502215806,-0.0059902849656063555,0.2097656822201569,0.5454228696843347,96.43445626906006,0.00859300161969597,-0.2319456483390017,-0.5686613129566344,92.5138030036157,0.20829932475075832,0.030533781832171935,0.020319747935935842,0.01371603250894069,0.03741914411275431,0.07447471741760057,-0.02973413730636079,0.15929513896016317,-0.06619761171585434,-2.8145610902481746,-0.03757733808426564,-0.1690156697583908,0.06649806334733577,-2.653653772753013,-1.971293655247309,3.5334945684842123,-21.5886784171773,0.41812870968249793,2.92836378880734,-2.4546496939310725,18.401827687956853,1.604039923390514,0.0873096751612294,-0.006618591560620356,-0.007769569523356217,-0.9961289317444889,0.011251207862881977,0.03358342930120183,0.07496245991754939,0.43018517961966457,-0.45064237639495974,9.920154765282623
1790485880646261128,68.50099999996303,2.659380148427739,0.5973781700296337,0.8072092550021359,0.09045977095263834,-0.0032171594123362396,-0.008453380030672752,-0.995859036254915,-0.00913361680344673,0.21089804492557473,0.5384847320679206,96.19387535768611,0.004811334063390475,-0.2283467488480014,-0.5620910953077671,92.31005208812599,0.23318710437443954,0.034126996299707564,0.017395229365264983,-0.01089939606305393,-0.0006764612635367442,0.0519167322106051,0.00280547784994021,0.03299670156281073,-0.06550659090070085,-2.20305234675755,-0.0037665775018855224,-0.0018248927939975375,0.08551259371174175,-1.9962651614715738,-1.9224148162018297,2.929003885847464,-20.516988262635113,-0.33496829626386426,2.2399632749315574,-2.596308049654123,18.351463372400406,0.21434372089157916,0.09043394043910234,-0.0032161101668041437,-0.008458860074663921,-0.995861339112172,-0.00856926007615605,0.0020422912188994497,0.05304061453498165,-0.5727769647624857,0.6135674911094066,9.946035975833148
1790485880762132551,68.6009999999635,2.6818293095177115,0.6019155763284009,0.8090073461805053,0.09333040923992329,-0.0006164005502695396,-0.009625060718980904,-0.9955884757105348,-0.012366234315415822,0.20868601791076047,0.5291321547083081,95.96179171910129,0.0008215163844811999,-0.22927032224743668,-0.5553593154805351,92.08537173507617,0.21735728780880917,0.04061772916402999,0.01330664632051491,-0.014522009115969476,0.10080554878877891,0.0054275505339839766,0.0225589541904539,0.07217757791551628,-0.04303197550217062,-2.801313064774998,0.0170473269913155,0.08476238631346363,0.07259256739606001,-2.174611861914408,-2.316422356261988,5.693347110981486,-19.885509742597446,-1.2771403082802255,3.492155531856893,-0.4275452815137879,17.634912172882583,1.071075921460992,0.09332722666111234,-0.0006658771779988924,-0.009636995463254253,-0.9955886267378563,-0.01196221211509373,0.09960530945740792,0.011344349010226327,0.21210041114098138,0.7194819954515014,9.498547439354537
1790485880878670096,68.70099999996398,2.7046332512367712,0.6068226149648815,0.8100117671165736,0.09565369664105874,0.0019403836849590642,-0.009690681034408621,-0.9953656091764203,-0.012024758816636198,0.20672578892567386,0.5239935377072104,95.73719822145972,0.0004908872795396119,-0.22930006793876112,-0.5511546155062441,91.86640598950913,0.23697283797451033,0.049098739410841453,0.00642395922803504,-0.004396892118664942,0.029488306275909162,0.07284349706489056,0.014621901762595283,-0.2263155704831248,-0.05145265892974879,-1.3159316364565976,0.006402373295495414,0.04775920659026188,0.03510634452243526,-1.8611475268170294,-1.3598986026812432,3.7003846558437057,-19.979724130578813,0.3747623952050749,1.2993108289753363,-2.6023452855216287,18.533498363068784,0.3548650761030643,0.09561729646436619,0.00192627110153034,-0.009694208945089352,-0.9953690995853844,-0.0074495243593664185,0.02854427128571951,0.07362093230709282,0.08386556322253165,-0.3240225276347901,9.65252697920793
1790485880994369281,68.80099999996446,2.7287356550596757,0.611897446667089,0.8106898048819597,0.09732686421987709,0.0022400689336734858,-0.009577237468898676,-0.9952038686192706,-0.010959807456615275,0.2002982635977566,0.5201400193969079,95.55427285828614,0.000978846762938165,-0.2176981818702015,-0.5470646182047049,91.71342383579619,0.24886608503807556,0.05249653640351551,0.009488229676706882,0.002772930017937058,-0.03022094290204885,0.047045248838161115,0.0030016388381935927,-0.04201693772066803,-0.05046352284259561,-1.7984604321421556,-0.0016657710212174817,0.054660294909213224,0.045812475819892104,-1.6206429956223265,-2.539609025390931,1.793969850888444,-20.42166834508677,0.14309510998434682,3.12740156985354,-4.012833165424681,18.028078390096393,0.009607303036535564,0.09730360219727788,0.0022551972739068937,-0.00957433430270283,-0.9952061370426479,-0.002170987591748371,-0.034611643670268755,0.04405689456069838,0.7174770271769636,-0.871227453284647,9.845692133887578
1790485881111544440,68.90099999996494,2.7530848647996704,0.6169680535251967,0.8112200694779593,0.1005168195190981,0.002228200682638047,-0.009663389517998867,-0.9948859346771893,-0.01073967780412675,0.1948444080884772,0.5169624017824773,95.36732011842007,0.0007120358666706587,-0.22086128654532916,-0.545137086720825,91.50858385719752,0.25200257330543757,0.058261377637680564,0.000553454364667331,0.017442820822891537,-0.04067447680188288,0.028492224998350312,-0.011722924275556608,0.11061043901304603,-0.0009876659444454042,-2.277699897908495,-0.015907483078857792,0.020125898247030278,-0.003945457198813005,-1.619344967419367,-2.3500793444435564,1.7032997515123565,-21.30247554965806,0.8973097255941858,3.9605313962229127,-5.551914056735995,20.233006027677174,-0.20402263710177893,0.1005028621870496,0.0022476949315973415,-0.009652636728385235,-0.9948874052695076,0.017664146239410424,-0.03898939185080081,0.023407290067772285,-0.4633014348304551,0.13335936397681525,10.32095201446165
1790485881228356993,69.00099999996542,2.7784431439646156,0.6221239877375985,0.8116084800117183,0.10295067979721934,0.0008751396095676256,-0.010038079737308872,-0.9946354249749709,-0.011566284137243088,0.1962309086583732,0.5152394231303709,95.16604782587487,-0.0003452988142944416,-0.21935463127106072,-0.5432376481224362,91.33154615479312,0.2535246123868083,0.05156648103076268,0.0011223330138538964,0.042343875068185585,-0.01611442316203528,0.0320521407218541,-0.06521514591003728,0.0767116183249189,-0.012388825770990184,-2.3282136406236407,-0.06672846521441124,0.08610178660679672,0.0004018378283913576,-1.5054479186620324,-2.4649787962274847,1.080489345862466,-20.549907013306196,0.3137895805504678,4.4333313841788105,-4.572885372824645,18.21875419494669,-1.523051950092812,0.10293483906761447,0.0008811348029053236,-0.010016177853901739,-0.994637279961284,0.042723720807956306,-0.022009306934910187,0.027362867125794693,1.1323679027862632,0.09546511522047023,10.142254240519804
1790485881342968750,69.1009999999659,2.803337725904238,0.6281851305587456,0.8121422536539171,0.10552932677027428,0.0015316130545928845,-0.01275568823798582,-0.9943331975602744,-0.018069771529958697,0.19461330529270934,0.5100662119057541,94.94843302936889,-0.007413605040050066,-0.21645722813818982,-0.5427599227523765,91.14390180019763,0.24585675125448447,0.07710736804882705,0.008475278151218232,0.0883738702421724,0.017893515760711038,0.05517309055982569,-0.08288682772213357,-0.1122722741072418,-0.0966179138039899,-1.9468947163249977,-0.09136804076076468,-0.04151765400475518,-0.0056095656626333245,-2.2155864944960904,-0.1512215008205485,4.4785982777898425,-22.09789319266275,-0.48908432766666377,2.1454060667957178,-2.104843975037021,16.193161702902824,-0.19358941361773851,0.1055018499603411,0.0015184058619445292,-0.012712653577122719,-0.9943366846987055,0.08631963203453671,0.01819338942018946,0.05701284032693499,-0.06614543413171214,-0.3654167586865434,9.752593461109578
1790485881458196430,69.20099999996637,2.8285140252912444,0.634297148577315,0.8128559672970994,0.1072295467639781,0.002107135537213486,-0.012272379930401903,-0.9941563121418395,-0.015504447606503524,0.19594630548372127,0.5070938408196413,94.72014715478669,-0.005324773495017249,-0.2147874433232495,-0.5392571150310824,90.93606890370711,0.2628189051084357,0.052470425759947883,0.008874053605534137,-0.03967008838294971,-0.02107141383237251,0.04312375971865382,0.0494584446711228,0.025473809430252146,-0.01961791861885772,-2.167261835107794,0.04745329088847716,0.002329595291614925,0.056435824360227524,-2.0475070919139293,-3.705351133282316,1.6905037805203484,-19.354419690315346,1.1621214579391432,4.0759607339488,-5.2957235688793505,20.367386216158156,-1.564629174990301,0.10720819833611817,0.002120001194104083,-0.012290923885954628,-0.9941583581072431,-0.03966418005540542,-0.01951807491594119,0.03862129572414276,-0.3110020455438182,0.36286296469648355,10.022806651523286
1790485881573232692,69.30099999996685,2.854079471351923,0.6393834574721002,0.8131700080917366,0.1101224914344591,0.003114982985271387,-0.011628950781243883,-0.9938451092926891,-0.014875470809039563,0.195687601949842,0.5062644333076185,94.49435150657447,-0.004996590357679946,-0.21394265530526838,-0.5371874813824524,90.72421854297193,0.24769572119815156,0.05753107097768063,0.005007816867477057,0.01945692836771709,0.05367533026506855,0.07969599127333352,-0.022577051627054694,-0.02081254713738534,-0.03478234651345885,-2.422319220734325,-0.028512050845739913,-0.03240056333336,0.012696961148347818,-2.403876564404256,-0.8532708236122808,2.866408300630481,-20.864506266344108,0.2468178506854608,2.8997719352911973,-3.5338145607651046,17.297395821131463,-1.2726226938263143,0.11008260677671067,0.003087702566969452,-0.011622113485446013,-0.9938496929899582,0.020118743042986508,0.05291854875639709,0.078395590203787,0.17665260845275885,0.2190248916554577,9.809828619018246
1790485881690973965,69.40099999996733,2.878903727571718,0.6456326870515503,0.8137826887058014,0.11408620672257042,0.00520070331762176,-0.012231141334441803,-0.9933819453273321,-0.016051905755526296,0.19767785746659697,0.5026371876032594,94.24086560173376,-0.00669396898100047,-0.2196488597265047,-0.5356718939481067,90.48031011725958,0.23864895571594094,0.08140079341072862,0.010821394899374056,0.07419897087973402,0.06067986779677954,0.0857169842801973,-0.06011398702236966,-0.09752119635508591,-0.10065300828955737,-2.275483950867753,-0.06644304182955056,-0.1263007649466797,0.004674929044391719,-2.799322444700324,-1.5255173638102404,4.1240416117370415,-19.891093084370848,0.3247724100423359,3.9496647812459402,-2.4004680015786644,16.96721253810803,0.47954938734726293,0.11404345348590036,0.005166855833048385,-0.012197525823836344,-0.993387444394979,0.07830521281945903,0.062396358083362885,0.08742574512294966,-0.4151734470398554,0.9486971322339789,9.206143043248767
1790485881806687940,69.5009999999678,2.904413715383082,0.6517427985161618,0.814179252863352,0.1167758695801064,0.0052435888717699605,-0.010992398755559395,-0.9930836159302756,-0.012218169579045637,0.19528832922765132,0.5016042313629473,94.03480996545552,-0.0030794215132256405,-0.21936319878933624,-0.5329300791674635,90.27457529131664,0.24534975224957467,0.04950503833827452,-0.00305950327730677,-0.01794602035151637,0.06121379889254994,0.02825664981498825,0.009144457866408984,-0.02412978599237322,0.022547055818969427,-2.2208329313101878,0.00932230433373359,0.18387183290280418,0.010214275433158757,-1.535399383671415,-4.310946379141992,3.894803276560871,-21.47384880254972,-0.0005937281696741792,4.690532722389136,-3.9108522256484317,17.728014663597985,0.36337560731536755,0.1167614554070508,0.005214396793458038,-0.011004809762430364,-0.9930853270285483,-0.02168440141061452,0.05816241360975748,0.03035976928643933,0.5541579601736992,-0.26497149676464127,9.3010544232487
1790485881921540094,69.60099999996828,2.9304881854935148,0.6592381274653135,0.8139589230834985,0.12070545598603577,0.0034022896081026756,-0.012856389933097956,-0.9925992799506327,-0.014704727171605435,0.18371794360757385,0.4994695032472986,93.88439310930104,-0.005897429459412131,-0.2146437086858981,-0.5352742701935758,90.12556853577885,0.26839899730715294,0.07277535524436911,-0.004148969662728366,-0.011966441390639636,-0.06735246348166885,0.047937209382346004,0.029100976291606698,-0.003441138748578501,0.01950424438091943,-1.7434325046631824,0.02725711252651606,0.18512077292147652,-0.00012145312195229775,-0.8715715209745217,-4.080451409498141,5.29378139904566,-19.465902036292174,-1.5636415567351811,3.9101165951079078,-1.3239112766641883,18.008791194711428,1.5260716577422047,0.12068207725912365,0.003436746965612971,-0.01285818240939534,-0.992601980727343,-0.015450812481278166,-0.06617980276409563,0.05242093000349223,-0.30309077637674103,-0.3102246242581525,9.47628663651483
1790485882038628224,69.70099999996876,2.95730707742813,0.6664545313723138,0.8141021235310371,0.12365518967742194,0.0002561333989163261,-0.01272371632825039,-0.9922436371699849,-0.012201252136663704,0.18378881873038122,0.4988682546595405,93.69750757412436,-0.003735047202697147,-0.20982623774459572,-0.5338533493697976,89.97176364522045,0.2712110995672249,0.059218882972206545,-0.0005316014123161012,-0.05472029624893191,-0.047034614241257856,0.07553110991728691,0.06467064384839463,0.005489724282550125,0.02616937146412041,-1.9054351176142827,0.06077822929617692,-0.03869901997691484,0.016809697359507263,-1.987669754523373,-2.36825473873849,1.4459149523550212,-19.624867862073017,0.9372927242428132,2.7968196112166246,-4.7769894740443215,18.72012599344128,-1.3864253518490313,0.12361800909686563,0.0002833320394226323,-0.01274794653368087,-0.9922479515771533,-0.05777220056434467,-0.04919211060165296,0.07051498974625138,0.33600531011501994,-0.3275598927826162,9.862845407271033
